,DataOriginal,DataLog,Linear,DataLinear,MonthlyAverage,DataSeasons,DataNormalised,Purpose,ModelledNormalised,ResidualsNormalised,ModelledSeasons,ResidualsSeasons,ModelledLinear,ResidualsLinear,ModelledLog,ResidualsLog,ModelledOriginal,ResidualsOriginal
2010-04-01,470.8652,6.156693458557129,6.0703462047711305,0.08634725378599839,-0.03524296301433464,0.12159021680033302,0.3573290139509022,Train,0.3573290139509022,0.0,0.12159021680033301,1.3877787807814457e-17,0.08634725378599836,2.7755575615628914e-17,6.156693458557129,0.0,500.1243617410771,-29.259157883655234
2010-05-01,382.57797,5.949542999267578,6.068273266605923,-0.11873026733834458,0.055297453903009254,-0.17402772124135382,-0.5114322160755053,Train,-0.5114322160755053,0.0,-0.17402772124135382,0.0,-0.11873026733834458,0.0,5.949542999267578,0.0,406.36265707583357,-23.784684663724192
2010-06-01,412.00705,6.023464679718018,6.066200328440715,-0.042735648722697306,-0.037040941333780886,-0.00569470738891642,-0.016735591312925846,Train,-0.016735591312925846,0.0,-0.005694707388916421,8.673617379884035e-19,-0.042735648722697306,0.0,6.023464679718018,0.0,437.6165278501279,-25.609478289581034
2010-07-01,470.8652,6.156693458557129,6.064127390275507,0.09256606828162184,0.006637361010022971,0.08592870727159886,0.25252706218837867,Train,0.25252706218837867,0.0,0.08592870727159886,0.0,0.09256606828162184,0.0,6.156693458557129,0.0,500.1243617410771,-29.259157883655234
2010-08-01,412.00705,6.023464679718018,6.0620544521103,-0.03858977239228256,0.12514535013958608,-0.16373512253186864,-0.48118435366818535,Train,-0.48118435366818535,0.0,-0.16373512253186864,0.0,-0.03858977239228256,0.0,6.023464679718018,0.0,437.6165278501279,-25.609478289581034
2010-09-01,294.29077,5.687960624694824,6.059981513945092,-0.3720208892502681,-0.14186616527796983,-0.23015472397229828,-0.6763781062107472,Train,-0.6763781062107472,0.0,-0.2301547239722983,2.7755575615628914e-17,-0.3720208892502681,0.0,5.687960624694824,0.0,312.60099567254076,-18.310224188165762
2010-10-01,206.00352,5.332736015319824,6.0579085757798845,-0.7251725604600603,-0.014159640576007926,-0.7110129198840524,-2.0895229258923766,Train,0.02604149468243122,-2.115564420574808,0.008861275912726757,-0.7198741957967791,-0.005298364663281169,-0.7198741957967791,6.052610211116603,-0.7198741957967787,450.5883568154095,-244.58483203513606
2010-11-01,470.8652,6.156693458557129,6.055835637614677,0.10085782094245221,0.05045057758520478,0.05040724335724744,0.14813667611438175,Train,0.2402837574481964,-0.09214708133381466,0.08176261378467072,-0.03135537042742328,0.1322131913698755,-0.031355370427423285,6.188048828984552,-0.031355370427423424,516.0862392911162,-45.22103543369428
2010-12-01,647.4397,6.474568843841553,6.053762699449469,0.42080614439208386,0.29084742100165534,0.12995872339042852,0.38192235942532415,Train,0.3538704514503479,0.028051907974976253,0.12041335360747266,0.009545369782955865,0.411260774609128,0.009545369782955837,6.465023474058597,0.009545369782955504,681.1054828445098,-33.665785578884766
2011-01-01,441.43613,6.092296123504639,6.051689761284261,0.04060636222037761,-0.23607697540012024,0.27668333762049785,0.8131162753902277,Train,0.4186548590660095,0.39446141632421816,0.142457883605677,0.13422545401482086,-0.09361909179444325,0.13422545401482086,5.958070669489818,0.1342254540148211,409.8513656122965,31.584761096687885
2011-02-01,412.00705,6.023464679718018,6.049616823119053,-0.026152143401035666,-0.17384253335640584,0.14769038995537018,0.43403213516296746,Train,0.2065131664276123,0.22751896873535515,0.07027131774277585,0.07741907221259432,-0.10357121561362999,0.07741907221259432,5.9460456075054235,0.07741907221259403,404.9404387517769,7.066610808769951
2011-03-01,735.72687,6.602217197418213,6.047543884953846,0.5546733124643666,0.045314942661695994,0.5093583698026706,1.4969010568350989,Train,0.02797629125416279,1.468924765580936,0.009519639284959684,0.4998387305177109,0.05483458194665568,0.4998387305177109,6.102378466900502,0.49983873051771077,473.63178106381844,262.0950866119628
2011-04-01,529.7234,6.274240970611572,6.0454709467886385,0.22877002382293377,-0.03524296301433464,0.2640129868372684,0.7758806813521141,Train,0.13804243505001068,0.6378382463021034,0.046972423033308265,0.21704056380396017,0.011729460018973625,0.21704056380396014,6.057200406807612,0.21704056380395986,452.6660004925239,77.05738817935111
2011-05-01,353.14893,5.869717597961426,6.043398008623431,-0.1736804106620049,0.055297453903009254,-0.22897786456501415,-0.6729195548352345,Train,-0.33394283056259155,-0.3389767242726429,-0.11363247758157552,-0.11534538698343863,-0.058335023678566265,-0.11534538698343863,5.985062984944864,-0.11534538698343866,421.0922211523735,-67.9432953711235
2011-06-01,353.14893,5.869717597961426,6.041325070458223,-0.1716074724967971,-0.037040941333780886,-0.1345665311630162,-0.39546377296320634,Train,0.009359405376017094,-0.40482317833922343,0.003184773932039249,-0.13775130509505545,-0.03385616740174164,-0.13775130509505545,6.007468903056481,-0.13775130509505562,430.6563311120374,-77.50740533078738
2011-07-01,382.57797,5.949542999267578,6.039252132293015,-0.08970913302543693,0.006637361010022971,-0.0963464940354599,-0.2831428269253903,Train,0.04423067718744278,-0.32737350411283306,0.015050604396724595,-0.1113970984321845,0.021687965406747566,-0.1113970984321845,6.0609400976997625,-0.11139709843218437,454.36574738567793,-71.78777497356856
2011-08-01,529.7234,6.274240970611572,6.037179194127807,0.23706177648376503,0.12514535013958608,0.11191642634417895,0.32889970363441867,Train,0.016164535656571388,0.3127351679778473,0.005500391287087836,0.10641603505709112,0.13064574142667393,0.1064160350570911,6.167824935554481,0.10641603505709085,505.73377867270034,23.98960999917466
2011-09-01,323.71985,5.782962799072266,6.035106255962599,-0.2521434568903338,-0.14186616527796983,-0.11027729161236396,-0.3240826187334686,Train,0.027606496587395668,-0.3516891153208643,0.009393807315126977,-0.11967109892749095,-0.13247235796284285,-0.11967109892749095,5.902633897999756,-0.1196710989274905,387.6949076335261,-63.9750590007136
2011-10-01,264.8617,5.582976341247559,6.0330333177973925,-0.4500569765498339,-0.014159640576007926,-0.43589733597382596,-1.2810139610420184,Train,0.09694673120975494,-1.3779606922517733,0.032988572451878716,-0.46888590842570466,0.01882893187587079,-0.4688859084257047,6.051862249673263,-0.46888590842570466,450.2507124244846,-185.38901808854712
2011-11-01,500.29428,6.217193126678467,6.030960379632185,0.18623274704628212,0.05045057758520478,0.13578216946107735,0.3990362876424133,Train,0.23865512013435364,0.16038116750805964,0.08120842882809604,0.054573740632981316,0.1316590064133008,0.054573740632981316,6.162619386045486,0.05457374063298115,503.10280467376265,-2.8085236679032732
2011-12-01,559.15247,6.328208923339844,6.028887441466977,0.2993214818728669,0.29084742100165534,0.008474060871211553,0.024903548122151654,Train,0.01564076729118824,0.009262780830963414,0.0053221658796518655,0.0031518949915596874,0.2961695868813072,0.0031518949915597116,6.325057028348284,0.003151894991559878,592.0139167484735,-32.86145092816105
2012-01-01,441.43613,6.092296123504639,6.026814503301769,0.06548162020286963,-0.23607697540012024,0.30155859560298987,0.8862196190683996,Train,-0.024637741968035698,0.9108573610364353,-0.008383613617716862,0.3099422092207067,-0.2444605890178371,0.3099422092207067,5.782353914283932,0.3099422092207069,343.64494874490106,97.79117796408332
2012-02-01,382.57797,5.949542999267578,6.024741565136561,-0.0751985658689831,-0.17384253335640584,0.09864396748742274,0.2898946359505881,Train,-0.2785741090774536,0.5684687450280417,-0.09479187246278656,0.1934358399502093,-0.2686344058191924,0.1934358399502093,5.756107159317369,0.19343583995020897,334.7168170052056,47.86115540690378
2012-03-01,294.29077,5.687960624694824,6.022668626971353,-0.3347080022765292,0.045314942661695994,-0.3800229449382252,-1.1168104455022412,Train,-0.3329862356185913,-0.7838242098836499,-0.11330697200522992,-0.26671597293299526,-0.06799202934353393,-0.26671597293299526,5.954676597627819,-0.2667159729329951,408.4592703249095,-114.16849884053448
2012-04-01,412.00705,6.023464679718018,6.020595688806146,0.0028689909118719825,-0.03524296301433464,0.03811195392620662,0.11200331140585916,Train,-0.0019579927902668715,0.11396130419612603,-0.0006662564711152949,0.03877821039732192,-0.035909219485449936,0.03877821039732192,5.984686469320696,0.038778210397321544,420.93332675125913,-8.926277190712256
2012-05-01,323.71985,5.782962799072266,6.018522750640939,-0.23555995156867304,0.055297453903009254,-0.2908574054716823,-0.8547709892497646,Train,0.023363711312413216,-0.8781347005621778,0.007950092527686681,-0.298807497999369,0.06324754643069594,-0.298807497999369,6.0817702970716345,-0.2988074979993689,463.95058718574006,-140.23073855292756
2012-06-01,470.8652,6.156693458557129,6.016449812475731,0.14024364608139805,-0.037040941333780886,0.17728458741517894,0.5210034859448077,Train,0.05193383991718292,0.4690696460276248,0.017671799961006547,0.1596127874541724,-0.01936914137277434,0.1596127874541724,5.997080671102957,0.15961278745417218,426.1953957527419,44.66980810467999
2012-07-01,412.00705,6.023464679718018,6.014376874310523,0.009087805407494542,0.006637361010022971,0.0024504443974715717,0.0072013596433329954,Train,0.07000547647476196,-0.06280411683142897,0.023821130469261265,-0.021370686071789692,0.030458491479284235,-0.021370686071789692,6.044835365789807,-0.021370686071789713,447.0909407419919,-35.08389118144504
2012-08-01,353.14893,5.869717597961426,6.012303936145315,-0.14258633818388944,0.12514535013958608,-0.2677316883234755,-0.7868091916402913,Train,0.005470009054988623,-0.7922792006952799,0.0018613086565291875,-0.26959299698000466,0.12700665879611528,-0.2695929969800047,6.13931059494143,-0.2695929969800046,491.4886593734008,-138.33973359215082
2012-09-01,441.43613,6.092296123504639,6.010230997980107,0.08206512552453127,-0.14186616527796983,0.2239312908025011,0.6580886969435135,Train,0.1827402114868164,0.47534848545669706,0.062181969740284546,0.16174932106221657,-0.07968419553768528,0.16174932106221657,5.930546802442422,0.1617493210622163,398.69735218722576,42.738774521758614
2012-10-01,382.57797,5.949542999267578,6.0081580598149,-0.05861506054732146,-0.014159640576007926,-0.04445541997131354,-0.13064547297590812,Train,-0.19612233340740204,0.06547686043149392,-0.06673557451920145,0.022280154547887912,-0.08089521509520937,0.022280154547887912,5.9272628447196904,0.022280154547887676,397.38691586717823,-14.808943455068857
2012-11-01,353.14893,5.869717597961426,6.006085121649692,-0.136367523688266,0.05045057758520478,-0.18681810127347076,-0.5490205517591138,Train,-0.10526789724826813,-0.44375265451084567,-0.035820059241791054,-0.1509980420316797,0.014630518343413723,-0.1509980420316797,6.020715639993106,-0.15099804203167988,436.4124094340601,-83.26348365281012
2012-12-01,441.43613,6.092296123504639,6.004012183484485,0.08828394002015383,0.29084742100165534,-0.2025634809815015,-0.5952930328304508,Train,0.045702606439590454,-0.6409956392700412,0.015551465479636768,-0.21811494646113827,0.3063988864812921,-0.21811494646113827,6.310411069965777,-0.21811494646113871,583.3919521905825,-141.95582548159814
2013-01-01,441.43613,6.092296123504639,6.001939245319277,0.09035687818536164,-0.23607697540012024,0.3264338535854819,0.9593229627465716,Train,0.08175765722990036,0.8775653055166712,0.027820106623182874,0.29861374696229903,-0.20825686877693736,0.29861374696229903,5.79368237654234,0.2986137469622987,347.5714446276775,93.86468208130685
2013-02-01,294.29077,5.687960624694824,5.999866307154069,-0.311905682459245,-0.17384253335640584,-0.13806314910283915,-0.40573962470094704,Train,-0.1569458693265915,-0.24879375537435555,-0.05340479371193477,-0.08465835539090438,-0.2272473270683406,-0.08465835539090438,5.772618980085729,-0.08465835539090438,340.30613080159446,-46.01535931721946
2013-03-01,382.57797,5.949542999267578,5.997793368988861,-0.04825036972128327,0.045314942661695994,-0.09356531238297927,-0.27496949749436217,Train,-0.007040041033178568,-0.2679294564611836,-0.0023955516683149525,-0.09116976071466432,0.04291939099338104,-0.09116976071466432,6.0407127599822426,-0.09116976071466443,445.24744104963156,-62.669468637522186
2013-04-01,294.29077,5.687960624694824,5.995720430823654,-0.30775980612882936,-0.03524296301433464,-0.2725168431144947,-0.8008717921362273,Train,-0.08179398626089096,-0.7190778058753363,-0.027832468493005448,-0.24468437462148926,-0.06307543150734009,-0.2446843746214893,5.932644999316313,-0.24468437462148884,399.5368763575867,-105.24610487321172
2013-05-01,676.8688,6.518953800201416,5.993647492658446,0.5253063075429703,0.055297453903009254,0.470008853639961,1.3812608007365703,Train,0.11259322613477707,1.2686675746017932,0.038312687303521165,0.4316961663364398,0.09361014120653041,0.4316961663364398,6.087257633864976,0.43169616633644026,466.5089405035194,210.3598339105431
2013-06-01,382.57797,5.949542999267578,5.991574554493238,-0.04203155522565982,-0.037040941333780886,-0.004990613891878937,-0.014666403168958678,Train,-0.09689545631408691,0.08222905314512824,-0.03297112487433173,0.027980510982452793,-0.07001206620811262,0.0279805109824528,5.921562488285125,0.027980510982453133,395.12242877152374,-12.544456359414369
2013-07-01,529.7234,6.274240970611572,5.989501616328031,0.28473935428354125,0.006637361010022971,0.27810199327351826,0.8172854169459344,Train,0.09070839732885361,0.7265770196170808,0.030865821879052627,0.24723617139446563,0.0375031828890756,0.24723617139446563,6.0270047992171065,0.24723617139446574,439.17203448815803,90.55135418371697
2013-08-01,264.8617,5.582976341247559,5.987428678162823,-0.4044523369152646,0.12514535013958608,-0.5295976870548507,-1.5563803099121538,Train,-0.4292208254337311,-1.1271594844784227,-0.14605322037150933,-0.3835444666833413,-0.020907870231923253,-0.38354446668334136,5.9665208079309,-0.3835444666833414,413.3378263224406,-148.4761319865031
2013-09-01,206.00352,5.332736015319824,5.985355739997615,-0.6526197246777912,-0.14186616527796983,-0.5107535593998214,-1.5010012364066438,Train,-0.07816799730062485,-1.422833239106019,-0.026598634221000464,-0.4841549251788209,-0.1684647994989703,-0.48415492517882086,5.816890940498645,-0.48415492517882086,355.75589459123984,-149.7523698109664
2013-10-01,323.71985,5.782962799072266,5.983282801832408,-0.20032000276014195,-0.014159640576007926,-0.186160362184134,-0.5470875898283393,Train,-0.08784396201372147,-0.4592436278146178,-0.02989112545816444,-0.15626923672596957,-0.044050766034172364,-0.1562692367259696,5.939232035798235,-0.15626923672596948,402.1839359424271,-78.46408730961463
2013-11-01,441.43613,6.092296123504639,5.9812098636672,0.11108625983743892,0.05045057758520478,0.06063568225223414,0.17819598582516635,Train,-0.2239059954881668,0.4021019813133332,-0.07618966686551049,0.13682534911774463,-0.02573908928030571,0.13682534911774463,5.955470774386894,0.13682534911774447,408.7845825217841,32.65154418720027
2013-12-01,618.0106,6.428122520446777,5.979136925501992,0.4489855949447854,0.29084742100165534,0.15813817394313007,0.4647360556638152,Train,-0.12331469357013702,0.5880507492339522,-0.0419609372328209,0.20009911117595097,0.24888648376883443,0.20009911117595097,6.228023409270826,0.20009911117595092,537.1752486061876,80.83537151099995
2014-01-01,382.57797,5.949542999267578,5.977063987336784,-0.027520988069206,-0.23607697540012024,0.20855598733091424,0.6129037949565391,Train,-0.3080812394618988,0.9209850344184379,-0.10483241840371413,0.31338840573462834,-0.34090939380383434,0.31338840573462834,5.63615459353295,0.3133884057346279,296.76823001898225,85.80974239312712
2014-02-01,294.29077,5.687960624694824,5.974991049171577,-0.287030424476753,-0.17384253335640584,-0.11318789112034713,-0.3326362810227751,Train,0.5389900803565979,-0.871626361379373,0.18340498018667029,-0.2965928713070174,0.009562446830264443,-0.2965928713070174,5.984553496001841,-0.29659287130701717,420.8772246065925,-126.5864531222175
2014-03-01,353.14893,5.869717597961426,5.972918111006369,-0.1032005130449436,0.045314942661695994,-0.1485154557066396,-0.43645683625409143,Train,-0.023210538551211357,-0.41324629770288007,-0.007897971629256076,-0.14061748407738353,0.03741697103243992,-0.1406174840773835,6.010335082038809,-0.14061748407738328,431.89531013549527,-78.74638435424527
2014-04-01,706.29785,6.5614519119262695,5.970845172841162,0.590606739085108,-0.03524296301433464,0.6258497020994426,1.8392454822240865,Train,-0.11429237574338913,1.9535378579674756,-0.03889086584828306,0.6647405679477256,-0.0741338288626177,0.6647405679477256,5.896711343978544,0.6647405679477254,385.399644663935,320.898206898565
2014-05-01,382.57797,5.949542999267578,5.968772234675954,-0.019229235408375622,0.055297453903009254,-0.07452668931138487,-0.21901884136281483,Train,-0.2358921766281128,0.016873335265297967,-0.08026826755706906,0.005741578245684192,-0.024970813654059808,0.0057415782456841855,5.943801421021894,0.005741578245683776,404.0304541754739,-21.452481763364517
2014-06-01,412.00705,6.023464679718018,5.966699296510746,0.05676538320727165,-0.037040941333780886,0.09380632454105253,0.27567778339976456,Train,0.037962183356285095,0.23771560004347947,0.0129175911395175,0.08088873340153503,-0.024123350194263385,0.08088873340153503,5.942575946316483,0.0808887334015349,403.5344036097511,8.472645950795766
2014-07-01,441.43613,6.092296123504639,5.964626358345538,0.12766976515910056,0.006637361010022971,0.12103240414907758,0.35568971557733525,Train,0.06718993932008743,0.2884997762572478,0.022863072881770464,0.09816933126730712,0.029500433891793434,0.09816933126730712,5.994126792237331,0.09816933126730731,424.9353741934451,16.50075251553926
2014-08-01,264.8617,5.582976341247559,5.96255342018033,-0.3795770789327717,0.12514535013958608,-0.5047224290723578,-1.4832769662339793,Train,-0.004466547165066004,-1.4788104190689133,-0.001519855418804329,-0.5032025736535535,0.12362549472078176,-0.5032025736535535,6.086178914901112,-0.503202573653553,466.0049016506332,-201.1432073146957
2014-09-01,294.29077,5.687960624694824,5.960480482015123,-0.27251985732029915,-0.14186616527796983,-0.13065369204232932,-0.38396473149805677,Train,0.04272115230560303,-0.4266858838036598,0.014536950451809806,-0.14519064249413913,-0.12732921482616003,-0.14519064249413913,5.833151267188963,-0.14519064249413915,361.60428146858453,-67.31350998420953
2014-10-01,500.29428,6.217193126678467,5.9584075438499156,0.25878558282855124,-0.014159640576007926,0.2729452234045592,0.8021307150222363,Train,-0.04560456424951553,0.8477352792717519,-0.015518104149654113,0.2884633275542133,-0.02967774472566204,0.2884633275542133,5.928729799124254,0.2884633275542132,397.97176017321533,102.32252083264405
2014-11-01,353.14893,5.869717597961426,5.956334605684708,-0.08661700772328196,0.05045057758520478,-0.13706758530848673,-0.4028138644027699,Train,-0.08468322455883026,-0.31813063984393963,-0.028815604754877915,-0.10825198055360881,0.02163497283032686,-0.10825198055360882,5.977969578515035,-0.10825198055360907,418.10874349647844,-64.95981771522844
2014-12-01,529.7234,6.274240970611572,5.9542616675195,0.31997930309207234,0.29084742100165534,0.029131882090417005,0.08561269957266944,Train,0.05733872577548027,0.02827397379718917,0.019510948806002733,0.009620933284414272,0.3103583698076581,0.009620933284414268,6.264620037327158,0.009620933284414157,557.2354775158366,-27.51208884396158
2015-01-01,323.71985,5.782962799072266,5.952188729354292,-0.16922593028202648,-0.23607697540012024,0.06685104511809375,0.1964616781041079,Train,0.10505171865224838,0.09140995945185951,0.035746499017651964,0.03110454610044179,-0.20033047638246826,0.031104546100441777,5.751858252971823,0.03110454610044222,333.29341378602606,-9.573565153213565
2015-02-01,294.29077,5.687960624694824,5.950115791189084,-0.2621551664942601,-0.17384253335640584,-0.08831263313785423,-0.25953293734460053,Train,0.07450232654809952,-0.33403526389270005,0.025351297217519875,-0.1136639303553741,-0.14849123613888596,-0.11366393035537412,5.801624555050198,-0.11366393035537392,350.3508840555423,-56.06011257116728
2015-03-01,618.0106,6.428122520446777,5.9480428530238765,0.48007966742290087,0.045314942661695994,0.43476472476120487,1.2776854461462828,Train,-0.07081625610589981,1.3485017022521826,-0.02409701870469263,0.4588617434658975,0.021217923957003365,0.4588617434658975,5.96926077698088,0.4588617434658975,414.47465587046605,203.53596424672145
2015-04-01,441.43613,6.092296123504639,5.9459699148586695,0.14632620864596912,-0.03524296301433464,0.18156917166030376,0.5335950110180308,Train,-0.14685913920402527,0.680454150222056,-0.049972529175538086,0.23154170083584186,-0.08521549218987273,0.23154170083584186,5.860754422668797,0.2315417008358418,371.7527239836627,69.68340272532168
2015-05-01,235.4326,5.465663433074951,5.943896976693462,-0.47823354361851056,0.055297453903009254,-0.5335309975215198,-1.567939512515811,Train,-0.5479074716567993,-1.0200320408590118,-0.1864393476719646,-0.3470916498495552,-0.13114189376895535,-0.3470916498495552,5.8127550829245065,-0.3470916498495553,354.28345003185325,-118.85084810314231
2015-06-01,235.4326,5.465663433074951,5.941824038528254,-0.47616060545330274,-0.037040941333780886,-0.43911966411952186,-1.2904837306437829,Train,-0.14369668066501617,-1.1467870499787667,-0.04889642282993634,-0.3902232412895855,-0.08593736416371722,-0.3902232412895855,5.855886674364537,-0.3902232412895854,369.9426665696405,-134.51006464092956
2015-07-01,500.29428,6.217193126678467,5.939751100363046,0.2774420263154207,0.006637361010022971,0.2708046653053977,0.7958400484291006,Train,-0.08231814205646515,0.8781581904855658,-0.02801082573334355,0.2988154910387413,-0.02137346472332058,0.2988154910387413,5.918377635639725,0.2988154910387415,393.8628440668818,106.43143693897758
2015-08-01,500.29428,6.217193126678467,5.937678162197838,0.2795149644806285,0.12514535013958608,0.15436961434104243,0.45366102247392875,Train,-0.16906426846981049,0.6227252909437393,-0.05752838491659251,0.21189799925763494,0.06761696522299357,0.21189799925763494,6.0052951274208315,0.2118979992576353,429.719026210858,70.5752547950014
2015-09-01,323.71985,5.782962799072266,5.9356052240326305,-0.15264242496036484,-0.14186616527796983,-0.010776259682395012,-0.031669244020778226,Train,-0.21356764435768127,0.18189840033690305,-0.07267178192967814,0.06189552224728313,-0.21453794720764796,0.06189552224728312,5.721067276824982,0.06189552224728345,323.15704838015495,0.5628002526575528
2015-10-01,323.71985,5.782962799072266,5.933532285867423,-0.15056948679515703,-0.014159640576007926,-0.1364098462191491,-0.4008809024719927,Train,0.03763598948717117,-0.4385168919591639,0.012806595441670388,-0.1492164416608195,-0.0013530451343375383,-0.1492164416608195,5.932179240733085,-0.14921644166081904,399.35036630722374,-75.63051767441124
2015-11-01,470.8652,6.156693458557129,5.931459347702216,0.22523411085491318,0.05045057758520478,0.1747835332697084,0.5136533945052442,Train,0.22785905003547668,0.2857943444697675,0.07753479345939238,0.09724873981031604,0.12798537104459715,0.09724873981031604,6.059444718746813,0.09724873981031568,453.685311912383,17.17989194503889
2015-12-01,559.15247,6.328208923339844,5.929386409537008,0.39882251380283584,0.29084742100165534,0.1079750928011805,0.3173169228348421,Train,0.10273932665586472,0.21457759617897737,0.03495964927080695,0.07301544353037356,0.3258070702724623,0.07301544353037354,6.255193479809471,0.07301544353037315,551.9979633267258,7.154502493586733
2016-01-01,412.00705,6.023464679718018,5.9273134713718,0.09615120834621749,-0.23607697540012024,0.3322281837463377,0.9763513252034343,Train,0.058664076030254364,0.9176872491731799,0.0199619326850686,0.31226625106126915,-0.21611504271505164,0.31226625106126915,5.711198428656749,0.3122662510612688,319.9737253890449,92.03332417150199
2016-02-01,206.00352,5.332736015319824,5.925240533206592,-0.5925045178867681,-0.17384253335640584,-0.4186619845303622,-1.2303627548968437,Train,-0.4488654136657715,-0.7814973412310722,-0.152737787391906,-0.26592419713845616,-0.32658032074831184,-0.2659241971384562,5.59866021245828,-0.26592419713845583,285.8103084900729,-79.80678370979945
2016-03-01,264.8617,5.582976341247559,5.9231675950413845,-0.34019125379382587,0.045314942661695994,-0.38550619645552187,-1.1329246108477795,Train,-0.2722691297531128,-0.8606554810946667,-0.09264644409554641,-0.29285975235997547,-0.04733150143385042,-0.29285975235997547,5.875836093607534,-0.2928597523599752,377.41706440178336,-112.55537006584586
2016-04-01,294.29077,5.687960624694824,5.921094656876177,-0.23313403218135242,-0.03524296301433464,-0.1978910691670178,-0.5815617611017089,Train,-0.10087786614894867,-0.4806838949527602,-0.034326240345797905,-0.1635648288212199,-0.06956920336013254,-0.16356482882121987,5.851525453516044,-0.1635648288212197,368.32842626643725,-74.03765478206225
2016-05-01,441.43613,6.092296123504639,5.919021718710969,0.17327440479366985,0.055297453903009254,0.1179769508906606,0.3467103574617387,Train,-0.1239895448088646,0.4706999022706033,-0.04219057240159041,0.160167523292251,0.013106881501418845,0.160167523292251,5.932128600212388,0.1601675232922508,399.33009286954587,42.10603383943851
2016-06-01,382.57797,5.949542999267578,5.916948780545762,0.032594218721816226,-0.037040941333780886,0.06963516005559711,0.20464362786555718,Train,-0.16860684752464294,0.3732504753902001,-0.0573727358936459,0.127007895949243,-0.09441367722742679,0.127007895949243,5.8225351033183355,0.12700789594924267,357.77517616357045,24.802796248538925
2016-07-01,323.71985,5.782962799072266,5.914875842380554,-0.13191304330828846,0.006637361010022971,-0.13855040431831142,-0.40717156906513097,Train,-0.1885543167591095,-0.21861725230602147,-0.06416036582052898,-0.07439003849778245,-0.057523004810506005,-0.07439003849778245,5.857352837570048,-0.07439003849778203,370.48692794922664,-46.76707931641414
2016-08-01,618.0106,6.428122520446777,5.912802904215346,0.5153196162314311,0.12514535013958608,0.390174266091845,1.146643121794599,Train,0.5570680499076843,0.5895750718869146,0.18955646565582518,0.20061780043601984,0.31470181579541123,0.20061780043601984,6.227504720010757,0.20061780043601996,536.8961752671291,81.11444485005836
2016-09-01,382.57797,5.949542999267578,5.9107299660501385,0.038813033217439674,-0.14186616527796983,0.1806791984954095,0.5309795601879969,Train,-0.3628374934196472,0.8938170536076441,-0.12346461598622424,0.30414381448163375,-0.26533078126419407,0.30414381448163375,5.645399184785944,0.30414381448163397,299.5337388976572,83.04423351445217
2016-10-01,294.29077,5.687960624694824,5.908657027884931,-0.22069640319010642,-0.014159640576007926,-0.20653676261409848,-0.6069697025929248,Train,-0.4373052716255188,-0.16966443096740602,-0.1488041572582217,-0.05773260535587679,-0.16296379783422962,-0.05773260535587679,5.745693230050701,-0.0577326053558771,331.23882702237347,-36.94805553799847
2016-11-01,735.72687,6.602217197418213,5.906584089719723,0.6956331076984901,0.05045057758520478,0.6451825301132853,1.8960607470772854,Train,-0.04145396500825882,1.9375147120855443,-0.014105757987175841,0.6592882881004611,0.03634481959802893,0.6592882881004611,5.942928909317752,0.6592882881004609,403.67721448896157,332.0496531868197
2016-12-01,323.71985,5.782962799072266,5.904511151554515,-0.12154835248224938,0.29084742100165534,-0.4123957734839047,-1.211947630116568,Train,-0.19224236905574799,-1.01970526106082,-0.06541531870935556,-0.34698045477454914,0.22543210229229976,-0.34698045477454914,6.129943253846815,-0.346980454774549,486.89689002681536,-163.17704139400286
2017-01-01,470.8652,6.156693458557129,5.902438213389308,0.25425524516782083,-0.23607697540012024,0.49033222056794107,1.4409870587829958,Train,-0.0025952819269150496,1.4435823407099109,-0.0008831101864987204,0.4912153307544398,-0.23696008558661896,0.4912153307544398,5.66547812780269,0.49121533075443935,305.62912841962924,165.23607543779264
2017-02-01,441.43613,6.092296123504639,5.9003652752241,0.1919308482805384,-0.17384253335640584,0.3657733816369443,1.0749338658096577,Train,0.0432291105389595,1.0317047552706982,0.014709796062739722,0.3510635855742046,-0.15913273729366612,0.35106358557420453,5.7412325379304345,0.35106358557420414,329.7601124018827,111.6760143071017
2017-03-01,323.71985,5.782962799072266,5.898292337058892,-0.11532953798662682,0.045314942661695994,-0.16064448064832282,-0.4721015833122749,Train,0.1235879510641098,-0.5956895343763847,0.042053919992790775,-0.2026984006411136,0.08736886265448676,-0.20269840064111358,5.9856611997133795,-0.20269840064111389,421.3447984929576,-97.62494986014508
2017-04-01,588.58154,6.37941312789917,5.896219398893685,0.4831937290054853,-0.03524296301433464,0.5184366920198199,1.5235804066343472,Train,0.11781485378742218,1.405765552846925,0.04008947791818692,0.478347214101633,0.004846514903852281,0.478347214101633,5.901065913797537,0.4783472141016327,387.0859177269208,201.4956252418292
2017-05-01,559.15247,6.328208923339844,5.894146460728477,0.43406246261136694,0.055297453903009254,0.37876500870835766,1.113113625770685,Train,0.18801124393939972,0.9251023818312853,0.06397557158521969,0.314789437123138,0.11927302548822893,0.314789437123138,6.013419486216706,0.3147894371231379,433.2325955428238,125.91987027748871
2017-06-01,559.15247,6.328208923339844,5.892073522563269,0.43613540077657476,-0.037040941333780886,0.47317634211035564,1.390569407642713,Train,0.19240489602088928,1.1981645116218238,0.0654706226117981,0.40770571949855755,0.02842968127801722,0.40770571949855755,5.920503203841286,0.4077057194985576,394.7030446076461,164.44942121266638
2017-07-01,294.29077,5.687960624694824,5.890000584398061,-0.20203995970323696,0.006637361010022971,-0.20867732071325992,-0.6132603691860604,Train,0.13655725121498108,-0.7498176204010415,0.04646705174399446,-0.2551443724572544,0.05310441275401743,-0.2551443724572544,5.943104997152078,-0.25514437245725397,403.74847949752836,-109.45770801315336
2017-08-01,588.58154,6.37941312789917,5.887927646232854,0.49148548166631567,0.12514535013958608,0.3663401315267296,1.0765994289166494,Train,0.11810626089572906,0.9584931680209203,0.04018863654257184,0.3261514949841578,0.16533398668215793,0.32615149498415774,6.053261632915012,0.32615149498415796,450.8826271515964,137.6989158171536
2017-09-01,353.14893,5.869717597961426,5.885854708067646,-0.016137110106220653,-0.14186616527796983,0.12572905517174918,0.36949222142826765,Train,0.02158803679049015,0.3479041846377775,0.007345874449506445,0.11838318072224273,-0.1345202908284634,0.11838318072224274,5.751334417239183,0.11838318072224308,333.11834480839497,20.030580972855034
2017-10-01,470.8652,6.156693458557129,5.883781769902439,0.2729116886546903,-0.014159640576007926,0.2870713292306982,0.8436444782068953,Train,0.14914198219776154,0.6945024960091337,0.050749324128347754,0.23632200510235046,0.036589683552339825,0.23632200510235046,5.920371453454779,0.23632200510235002,394.6509140127653,76.21428984465655
2017-11-01,500.29428,6.217193126678467,5.881708831737231,0.335484294941236,0.05045057758520478,0.2850337173560312,0.8376563497114502,Train,0.19722780585289001,0.6404285438585602,0.0671117394234377,0.21792197793259352,0.11756231700864248,0.21792197793259352,5.999271148745874,0.21792197793259316,427.1321833478631,73.1620976579963
2017-12-01,559.15247,6.328208923339844,5.879635893572023,0.44857302976782076,0.29084742100165534,0.15772560876616543,0.4635236101911886,Train,0.2298644632101059,0.2336591469810827,0.07821718591328618,0.07950842285287925,0.36906460691494153,0.07950842285287923,6.248700500486964,0.07950842285287951,548.4189906569788,10.733475163333651
2018-01-01,382.57797,5.949542999267578,5.877562955406815,0.07198004386076295,-0.23607697540012024,0.3080570192608832,0.9053171696692295,Train,-0.028698118403553963,0.9340152880727834,-0.00976525919311216,0.31782227845399535,-0.2458422345932324,0.31782227845399535,5.631720720813583,0.31782227845399547,295.4508862127517,87.12708619935768
2018-02-01,294.29077,5.687960624694824,5.875490017241607,-0.18752939254678314,-0.17384253335640584,-0.013686859190377293,-0.04022290631008209,Train,0.04431144893169403,-0.08453435524177612,0.015078089021570089,-0.028764948211947382,-0.15876444433483575,-0.02876494821194739,5.716725572906771,-0.028764948211946972,321.7527052800914,-27.46193379571639
2018-03-01,500.29428,6.217193126678467,5.8734170790764,0.34377604760206637,0.045314942661695994,0.29846110494037037,0.8771167215383007,Train,0.03218735009431839,0.8449293714439823,0.01095255835210219,0.2875085465882682,0.05626750101379818,0.2875085465882682,5.929684580090199,0.28750854658826785,398.3528727263322,101.9414082795272
2018-04-01,294.29077,5.687960624694824,5.871344140911193,-0.1833835162163684,-0.03524296301433464,-0.14814055320203376,-0.435355073745365,Train,0.07617457211017609,-0.5115296458555411,0.02592032098132827,-0.17406087418336202,-0.009322642033006371,-0.17406087418336202,5.862021498878186,-0.17406087418336202,372.2253294425442,-77.9345579581692
2018-05-01,382.57797,5.949542999267578,5.869271202745985,0.08027179652159333,0.055297453903009254,0.024974342618584076,0.07339453334987556,Train,0.11280086636543274,-0.03940633301555718,0.03838334213331722,-0.013408999514733143,0.09368079603632648,-0.01340899951473315,5.962951998782311,-0.013408999514733289,411.8617691470678,-29.2837967349584
2018-06-01,323.71985,5.782962799072266,5.867198264580777,-0.08423546550851135,-0.037040941333780886,-0.04719452417473047,-0.13869514530869945,Train,0.0991901084780693,-0.23788525378676875,0.03375193819540818,-0.08094646237013864,-0.003289003138372708,-0.08094646237013864,5.863909261442404,-0.08094646237013858,372.9305556879049,-49.21070705509243
2018-07-01,353.14893,5.869717597961426,5.865125326415569,0.004592271545856619,0.006637361010022971,-0.002045089464166352,-0.006010103616082555,Train,0.13152821362018585,-0.13753831723626841,0.04475579475792672,-0.046800884222093074,0.05139315576794969,-0.046800884222093074,5.916518482183519,-0.04680088422209305,393.1294154350502,-39.98048965380019
2018-08-01,500.29428,6.217193126678467,5.863052388250361,0.35414073842810545,0.12514535013958608,0.22899538828851937,0.6729710535084472,Train,0.007601251360028982,0.6653698021484182,0.002586517648261118,0.22640887064025825,0.1277318677878472,0.22640887064025825,5.990784256038209,0.22640887064025783,423.5140465296211,76.78023447623826
2018-09-01,264.8617,5.582976341247559,5.8609794500851535,-0.27800310883759494,-0.14186616527796983,-0.1361369435596251,-0.4000788968435924,Validate,-0.04324319213628769,-0.3568357047073047,-0.014714587681682427,-0.12142235587794267,-0.15658075295965226,-0.12142235587794267,5.704398697125502,-0.12142235587794303,317.79859376420114,-52.936899428263644
2018-10-01,412.00705,6.023464679718018,5.858906511919947,0.16455816779807098,-0.014159640576007926,0.1787178083740789,0.5252154319836776,Validate,-0.3514804244041443,0.8766958563878219,-0.11960008657523977,0.2983178949493187,-0.1337597271512477,0.2983178949493187,5.7251467847686985,0.29831789494931904,324.4821506789725,87.52489888157436
2018-11-01,294.29077,5.687960624694824,5.856833573754739,-0.16887294905991457,0.05045057758520478,-0.21932352664511934,-0.6445474115818854,Validate,-0.4114637076854706,-0.23308370389641486,-0.14001091282730108,-0.07931261381781826,-0.0895603352420963,-0.07931261381781826,5.767273238512643,-0.07931261381781862,338.48646449530514,-44.19569301093014
2018-12-01,647.4397,6.474568843841553,5.854760635589531,0.6198082082520218,0.29084742100165534,0.3289607872503664,0.966749108850705,Validate,-0.1649112105369568,1.1316603193876618,-0.05611520212223536,0.3850759893726018,0.23473221887941997,0.3850759893726018,6.089492854468951,0.3850759893726021,467.5550948772135,179.8846023884115
2019-01-01,353.14893,5.869717597961426,5.852687697424323,0.017029900537102627,-0.23607697540012024,0.25310687593722286,0.7438298309095003,Validate,-0.16468685865402222,0.9085166895635225,-0.05603886073091099,0.30914573666813383,-0.2921158361310312,0.30914573666813383,5.560571861293292,0.3091457366681336,275.0916014721495,78.05732430910052
2019-02-01,264.8617,5.582976341247559,5.850614759259115,-0.26763841801155674,-0.17384253335640584,-0.0937958846551509,-0.27564710269013876,Validate,0.0012603264767676592,-0.2769074291669064,0.00042885789724994816,-0.09422474255240085,-0.1734136754591559,-0.09422474255240085,5.677201083799959,-0.09422474255240054,309.2448804418893,-44.38318610595178
2019-03-01,470.8652,6.156693458557129,5.8485418210939075,0.3081516374632214,0.045314942661695994,0.2628366948015254,0.7724237973666156,Validate,-0.11250166594982147,0.8849254633164371,-0.038281531639401026,0.3011182264409264,0.007033411022294968,0.3011182264409264,5.855575232116203,0.30111822644092623,369.82715733972185,101.03804651770002
2019-04-01,264.8617,5.582976341247559,5.8464688829287,-0.2634925416811411,-0.03524296301433464,-0.22824957866680648,-0.670779270125419,Validate,0.05759367346763611,-0.7283729435930552,0.019597701193723012,-0.24784727986052948,-0.015645261820611628,-0.24784727986052948,5.830823621108088,-0.24784727986052957,360.7612485556683,-95.89955421973082
2019-05-01,559.15247,6.328208923339844,5.844395944763493,0.48381297857635097,0.055297453903009254,0.4285155246733417,1.259320313127029,Validate,0.04874178767204285,1.2105785254549861,0.016585623609880744,0.41192990106346095,0.07188307751289,0.41192990106346095,5.916279022276383,0.41192990106346095,393.03504854082536,166.11741727948714
2019-06-01,294.29077,5.687960624694824,5.842323006598285,-0.15436238190346074,-0.037040941333780886,-0.11732144056967986,-0.3447839454296315,Validate,0.10219598561525345,-0.4469799310448849,0.034774763766565416,-0.15209620433624527,-0.00226617756721547,-0.15209620433624527,5.840056829031069,-0.15209620433624504,364.11693341014694,-69.82616192577194
2019-07-01,412.00705,6.023464679718018,5.840250068433077,0.18321461128494043,0.006637361010022971,0.17657725027491747,0.5189247653905419,Validate,0.0951557457447052,0.4237690196458367,0.032379144438816315,0.14419810583610115,0.039016505448839285,0.14419810583610115,5.8792665738819165,0.14419810583610104,378.71744586792624,33.28960369262063
2019-08-01,412.00705,6.023464679718018,5.838177130267869,0.18528754945014825,0.12514535013958608,0.06014219931056217,0.17674573943537,Validate,0.011651181615889072,0.16509455781948093,0.0039646086473421995,0.056177590663219965,0.12910995878692827,0.05617759066321998,5.967287089054798,0.05617759066321959,413.6554472555893,-1.6483976950424335
2019-09-01,441.43613,6.092296123504639,5.8361041921026615,0.25619193140197716,-0.14186616527796983,0.39805809667994696,1.1698121026907222,Validate,0.16257430613040924,1.007237796560313,0.055320011409082666,0.3427380852708643,-0.08654615386888717,0.34273808527086436,5.749558038233775,0.3427380852708639,332.5253508423053,108.9107758666791
2019-10-01,588.58154,6.37941312789917,5.834031253937454,0.5453818739617162,-0.014159640576007926,0.5595415145377242,1.644379152499478,Validate,-0.0037303853314369917,1.648109537830915,-0.0012693577724996236,0.5608108723102238,-0.01542899834850755,0.5608108723102238,5.818602255588946,0.5608108723102241,356.36693903286914,232.21460393588086
2019-11-01,235.4326,5.465663433074951,5.831958315772246,-0.3662948826972947,0.05045057758520478,-0.4167454602824995,-1.2247304784051718,Validate,0.05881688743829727,-1.283547365843469,0.02001393062396548,-0.436759390906465,0.07046450820917026,-0.436759390906465,5.902422823981416,-0.4367593909064649,387.612872895469,-152.1802709667581
2019-12-01,559.15247,6.328208923339844,5.829885377607039,0.4983235457328048,0.29084742100165534,0.20747612473114946,0.6097302975475325,Validate,-0.21306709945201874,0.8227973969995512,-0.07250145889062548,0.27997758362177494,0.21834596211102986,0.27997758362177494,6.048231339718069,0.2799775836217746,448.6152326571181,110.5372331631944
2020-01-01,29.429075,3.415398597717285,5.827812439441831,-2.412413841724546,-0.23607697540012024,-2.1763368663244256,-6.395813141329752,Validate,-0.09137881547212601,-6.304434325857626,-0.03109394857519202,-2.1452429177492336,-0.2671709239753123,-2.1452429177492336,5.560641515466519,-2.1452429177492336,275.1108330741577,-245.68175783306884
2020-02-01,382.57797,5.949542999267578,5.825739501276623,0.1238034979909548,-0.17384253335640584,0.2976460313473607,0.874721385375969,Validate,-0.0874115601181984,0.9621329454941674,-0.02974398979839753,0.3273900211457582,-0.20358652315480338,0.3273900211457582,5.62215297812182,0.3273900211457583,292.62804605082044,89.94992636128893
2020-03-01,294.29077,5.687960624694824,5.8236665631114155,-0.1357059384165913,0.045314942661695994,-0.1810208810782873,-0.5319836960768605,Validate,-0.4053697884082794,-0.12661390766858105,-0.13793730296874307,-0.04308357810954422,-0.09262236030704707,-0.04308357810954422,5.731044202804369,-0.04308357810954444,326.4073261873346,-32.116554702959604
2020-04-01,235.4326,5.465663433074951,5.821593624946208,-0.3559301918712565,-0.03524296301433464,-0.32068722885692186,-0.9424347968904794,Validate,-0.47836393117904663,-0.46407086571143275,-0.16277540258600937,-0.1579118262709125,-0.198018365600344,-0.15791182627091252,5.623575259345864,-0.1579118262709125,293.04596483614193,-57.613362907431
2020-05-01,264.8617,5.582976341247559,5.819520686781,-0.23654434553344128,0.055297453903009254,-0.29184179943645056,-0.8576639236817137,Validate,-0.45759642124176025,-0.4000675024399535,-0.15570873311028444,-0.13613306632616612,-0.10041127920727519,-0.1361330663261661,5.7191094075737245,-0.13613306632616595,322.52301214511243,-57.66131780917493
2020-06-01,294.29077,5.687960624694824,5.817447748615792,-0.12948712392096784,-0.037040941333780886,-0.09244618258718695,-0.2716806017514569,Validate,-0.5057315230369568,0.23405092128549987,-0.17208791653642577,0.07964173394923882,-0.20912885787020666,0.07964173394923882,5.608318890745585,0.07964173394923879,288.59393844196455,5.6968330424104465
2020-07-01,206.00352,5.332736015319824,5.815374810450585,-0.4826387951307609,0.006637361010022971,-0.4892761561407839,-1.4378834993819598,Validate,-0.6249629855155945,-0.8129205138663653,-0.21265943132024992,-0.276616724820534,-0.20602207031022696,-0.27661672482053395,5.609352740140358,-0.276616724820534,288.8934897787556,-82.88996499848218
2020-08-01,441.43613,6.092296123504639,5.813301872285377,0.27899425121926136,0.12514535013958608,0.15384890107967528,0.4521307516911977,Validate,0.26696401834487915,0.18516673334631856,0.09084124602572026,0.06300765505395502,0.21598659616530635,0.063007655053955,6.029288468450684,0.06300765505395489,440.1783904755453,1.2577362334390614
2020-09-01,353.14893,5.869717597961426,5.8112289341201695,0.05848866384125628,-0.14186616527796983,0.2003548291192261,0.5888022524627862,Validate,0.5800437331199646,0.008758519342821569,0.19737452182772275,0.0029803072915033646,0.05550835654975292,0.0029803072915033646,5.8667372906699224,0.002980307291503337,373.9895389404572,-20.84061315920718
2020-10-01,500.29428,6.217193126678467,5.809155995954962,0.4080371307235051,-0.014159640576007926,0.42219677129951305,1.2407507770912731,Validate,0.4628632962703705,0.7778874808209026,0.15750092028676985,0.2646958510127432,0.1433412797107619,0.2646958510127432,5.952497275665723,0.2646958510127435,407.5678983905165,92.72638261534286
2020-11-01,235.4326,5.465663433074951,5.807083057789754,-0.3414196247148027,0.05045057758520478,-0.39187020230000746,-1.151627134727,Validate,-0.38599205017089844,-0.7656350845561015,-0.13134353839493493,-0.2605266639050725,-0.08089296080973016,-0.2605266639050725,5.726190096980024,-0.26052666390507273,324.8219073866866,-89.38930545797564
2020-12-01,264.8617,5.582976341247559,5.805010119624546,-0.22203377837698746,0.29084742100165534,-0.5128811993786428,-1.5072539392612103,Validate,-0.13249775767326355,-1.3747561815879468,-0.04508570659550111,-0.46779549278314175,0.24576171440615424,-0.4677954927831417,6.050771834030701,-0.46779549278314203,449.7589297614214,-184.89723542548393
2021-01-01,176.57446,5.179389953613281,5.802937181459338,-0.623547227846057,-0.23607697540012024,-0.38747025244593675,-1.1386965735012533,Validate,-0.07825013250112534,-1.060446441000128,-0.026626582796251522,-0.36084366964968523,-0.26270355819637176,-0.36084366964968523,5.540233623262966,-0.36084366964968506,269.5331014138682,-92.95863852324322
2021-02-01,264.8617,5.582976341247559,5.800864243294131,-0.2178879020465727,-0.17384253335640584,-0.04404536869016687,-0.1294404153337949,Validate,-0.17631661891937256,0.04687620358557765,-0.05999618022300838,0.01595081153284151,-0.23383871357941421,0.015950811532841502,5.5670255297147175,0.015950811532841058,276.87916709558505,-12.017472759647546
2021-03-01,294.29077,5.687960624694824,5.7987913051289235,-0.11083068043409927,0.045314942661695994,-0.15614562309579527,-0.4588803523986885,Validate,-0.3311269283294678,-0.12775342406922074,-0.11267429576692693,-0.04347132732886834,-0.06735935310523095,-0.043471327328868326,5.7314319520236925,-0.04347132732886827,326.534302738403,-32.24353125402803
2021-04-01,176.57446,5.179389953613281,5.796718366963716,-0.6173284133504344,-0.03524296301433464,-0.5820854503360998,-1.7106312125861407,Validate,-0.41716763377189636,-1.2934635788142443,-0.14195181765837891,-0.4401336326777209,-0.17719478067271355,-0.4401336326777209,5.6195235862910025,-0.4401336326777212,291.8569970045009,-115.2825341138759
2021-05-01,412.00705,6.023464679718018,5.794645428798508,0.22881925091950972,0.055297453903009254,0.17352179701650047,0.5099454072749453,Validate,0.7789139747619629,-0.2689685674870176,0.2650451414872494,-0.09152334447074892,0.32034259539025867,-0.09152334447074895,6.114988024188767,-0.09152334447074928,479.65457024838827,-67.64752068784139
2021-06-01,323.71985,5.782962799072266,5.7925724906333,-0.009609691561034417,-0.037040941333780886,0.02743124977274647,0.08061488572581901,Validate,0.6839286088943481,-0.6033137231685292,0.23272397310239182,-0.20529272332964535,0.19568303176861093,-0.20529272332964535,5.988255522401911,-0.2052927233296451,422.4419197139601,-98.72207108114759
2021-07-01,971.1595,6.879519939422607,5.790499552468092,1.0890203869545152,0.006637361010022971,1.0823830259444922,3.1809044309301693,Test,0.4987117052078247,2.6821927257223446,0.16969924632376768,0.9126837796207246,0.17633660733379064,0.9126837796207246,5.966836159801883,0.9126837796207248,413.4685091356421,557.6909757276392
2021-08-01,382.57797,5.949542999267578,5.788426614302884,0.16111638496469372,0.12514535013958608,0.035971034825107634,0.10571158390116522,Test,-0.4803740978240967,0.5860856817252619,-0.16345941252820234,0.19943044735330998,-0.03831406238861626,0.19943044735330998,5.750112551914268,0.1994304473533104,332.7103464987094,49.86762591339999
2021-09-01,470.8652,6.156693458557129,5.7863536761376775,0.3703397824194514,-0.14186616527796983,0.5122059476974212,1.5052695113708001,Test,-0.015873568132519722,1.5211430795033198,-0.0054013822423418555,0.5176073299397631,-0.14726754752031168,0.5176073299397631,5.6390861286173655,0.5176073299397634,297.6424287784096,173.22277507901225
2021-10-01,529.7234,6.274240970611572,5.78428073797247,0.4899602326391026,-0.014159640576007926,0.5041198732151105,1.4815061766426254,Test,0.15728604793548584,1.3242201287071396,0.05352054807049907,0.4505993251446115,0.03936090749449114,0.45059932514461143,5.823641645466961,0.4505993251446112,358.17239574745105,171.55099292442395
2021-11-01,441.43613,6.092296123504639,5.782207799807262,0.3100883236973768,0.05045057758520478,0.25963774611217205,0.7630227352505472,Test,-0.02694888971745968,0.7899716249680069,-0.009170039978126193,0.26880778609029826,0.04128053760707859,0.2688077860902982,5.82348833741434,0.26880778609029843,358.1173359475671,83.31879076141729
2021-12-01,264.8617,5.582976341247559,5.780134861642054,-0.19715852039449544,0.29084742100165534,-0.4880059413961508,-1.4341505955830383,Test,0.1197710707783699,-1.5539216663614082,0.040755130128758636,-0.5287610715249094,0.331602551130414,-0.5287610715249094,6.111737412772468,-0.5287610715249098,478.09468567787917,-213.23299134194167
2022-01-01,382.57797,5.949542999267578,5.778061923476846,0.1714810757907319,-0.23607697540012024,0.40755805119085214,1.19773054438192,Test,0.10678591579198837,1.0909446285899316,0.03633660336956019,0.37122144782129196,-0.19974037203056005,0.37122144782129196,5.578321551446286,0.3712214478212923,280.03589185512567,102.5420805569837
2022-02-01,382.57797,5.949542999267578,5.775988985311638,0.17355401395593972,-0.17384253335640584,0.3473965473123456,1.0209280727323156,Test,-0.056473590433597565,1.0774016631659131,-0.019216564667927667,0.36661311198027324,-0.19305909802433352,0.36661311198027324,5.582929887287305,0.36661311198027313,281.3339883632267,101.24398404888268
2022-03-01,412.00705,6.023464679718018,5.773916047146431,0.249548632571587,0.045314942661695994,0.204233689909891,0.6002014384997445,Test,0.09775190055370331,0.5024495379460412,0.033262551645477346,0.17097113826441365,0.07857749430717334,0.17097113826441365,5.852493541453604,0.1709711382644139,368.68614178300464,43.32090777754223
2022-04-01,323.71985,5.782962799072266,5.771843108981223,0.011119690091042855,-0.03524296301433464,0.046362653105377495,0.13625044476643206,Test,0.1990555226802826,-0.06280507791385054,0.06773366620972104,-0.02137101310434355,0.032490703195386404,-0.02137101310434355,5.804333812176609,-0.02137101310434364,351.304074578108,-27.584225945295486
2022-05-01,470.8652,6.156693458557129,5.769770170816016,0.38692328774111306,0.055297453903009254,0.3316258338381038,0.9745811408545068,Test,0.2188968062400818,0.755684334614425,0.07448516378042867,0.2571406700576751,0.12978261768343793,0.25714067005767516,5.899552788499454,0.2571406700576748,386.499139153685,84.36606470373687
2022-06-01,412.00705,6.023464679718018,5.767697232650808,0.25576744706720955,-0.037040941333780886,0.29280838840099044,0.8605045328251454,Test,0.2108376920223236,0.6496668408028218,0.07174284673731696,0.22106554166367348,0.03470190540353607,0.22106554166367348,5.802399138054344,0.22106554166367332,350.62313990758895,61.383909652957925
2022-07-01,470.8652,6.156693458557129,5.7656242944856,0.3910691640715287,0.006637361010022971,0.3844318030615057,1.1297671863264498,Test,0.10212920606136322,1.0276379802650866,0.034752040337685225,0.3496797627238205,0.041389401347708195,0.3496797627238205,5.807013695833309,0.3496797627238202,352.2494747251557,118.61572913226615
2022-08-01,412.00705,6.023464679718018,5.763551356320392,0.2599133233976252,0.12514535013958608,0.1347679732580391,0.3960557704698885,Test,-0.033493444323539734,0.4295492147934282,-0.01139698988240749,0.14616496314044658,0.11374836025717859,0.14616496314044658,5.877299716577571,0.14616496314044625,377.97132982835564,34.03571973219124
2022-09-01,353.14893,5.869717597961426,5.761478418155185,0.1082391798062412,-0.14186616527796983,0.250105345084211,0.7350089398191325,Test,-0.06268829852342606,0.7976972383425586,-0.021331275968972076,0.27143662105318306,-0.1631974412469419,0.2714366210531831,5.598280976908242,0.27143662105318356,285.7015604468415,67.44736533440852
2022-10-01,206.00352,5.332736015319824,5.759405479989977,-0.42666946467015254,-0.014159640576007926,-0.4125098240941446,-1.2122828017543028,Test,-0.10342291742563248,-1.1088598843286703,-0.03519225828561867,-0.37731756580852593,-0.049351898861626595,-0.37731756580852593,5.71005358112835,-0.37731756580852593,319.6064696788612,-113.60294489858774
2022-11-01,382.57797,5.949542999267578,5.75733254182477,0.1922104574428083,0.05045057758520478,0.14175987985760352,0.41660356746051214,Test,0.061394862830638885,0.35520870462987325,0.020891151825218984,0.12086872803238453,0.07134172941042376,0.12086872803238453,5.828674271235194,0.12086872803238435,359.9845320788142,22.593440333295177
2022-12-01,353.14893,5.869717597961426,5.755259603659562,0.11445799430186376,0.29084742100165534,-0.17638942669979157,-0.5183727899548316,Test,0.014193871058523655,-0.5325666610133553,0.004829822913509618,-0.1812192496133012,0.295677243915165,-0.18121924961330121,6.050936847574727,-0.18121924961330116,449.83331722722374,-96.68439144597374
2023-01-01,470.8652,6.156693458557129,5.753186665494354,0.4035067930627747,-0.23607697540012024,0.6395837684628949,1.8796071208520326,Test,-0.0027728888671845198,1.8823800097192172,-0.0009435454311317686,0.6405273138940266,-0.237020520831252,0.6405273138940267,5.516166144663102,0.6405273138940268,263.09977924223466,207.76542461518721
2023-02-01,294.29077,5.687960624694824,5.751113727329146,-0.06315310263432217,-0.17384253335640584,0.11068943072208368,0.3252938120807803,Test,0.023318776860833168,0.3019750352199471,0.007934802446287994,0.10275462827579568,-0.16590773091011785,0.10275462827579568,5.585205996419028,0.10275462827579585,281.977343227526,12.313428256849022
2023-03-01,323.71985,5.782962799072266,5.749040789163939,0.033922009908327055,0.045314942661695994,-0.011392932753368938,-0.033481521243237986,Test,0.14949065446853638,-0.18297217571177438,0.050867968669766395,-0.06226090142313533,0.0961829113314624,-0.06226090142313534,5.845223700495401,-0.06226090142313545,366.0083277624731,-42.28847912966057
2023-04-01,441.43613,6.092296123504639,5.746967850998731,0.3453282725059079,-0.03524296301433464,0.3805712355202426,1.1184217604434143,Test,0.07386870682239532,1.044553053621019,0.025135692111834484,0.3554355434084081,-0.010107270902500156,0.35543554340840805,5.736860580096231,0.355435543408408,328.3171996124826,113.11892709650175
2023-05-01,618.0106,6.428122520446777,5.744894912833523,0.6832276076132544,0.055297453903009254,0.6279301537102452,1.8453595080250391,Test,0.059121109545230865,1.7862383984798083,0.020117449875113085,0.6078127038351321,0.07541490377812234,0.6078127038351321,5.820309816611645,0.6078127038351324,356.97768618437874,261.03293393280876
2023-06-01,294.29077,5.687960624694824,5.742821974668315,-0.0548613499734909,-0.037040941333780886,-0.017820408639710017,-0.05237057071693847,Test,-0.03207949548959732,-0.02029107522734115,-0.010915858100348341,-0.006904550539361676,-0.04795679943412923,-0.006904550539361676,5.694865175234186,-0.00690455053936212,314.77376195183143,-20.482990467456432
2023-07-01,323.71985,5.782962799072266,5.740749036503108,0.04221376256915743,0.006637361010022971,0.03557640155913446,0.10455183668207785,Test,0.1789013147354126,-0.07434947805333475,0.06087568821806419,-0.025299286658929727,0.06751304922808717,-0.025299286658929734,5.8082620857311955,-0.025299286658929887,352.6907431810688,-28.970894548256297
2023-08-01,559.15247,6.328208923339844,5.7386760983379,0.5895328250019434,0.12514535013958608,0.4643874748623573,1.3647407073564906,Test,0.01847034879028797,1.3462703585662026,0.006285002409844796,0.4581024724525125,0.1314303525494309,0.45810247245251245,5.870106450887331,0.4581024724525129,375.2550694674409,183.89739635287162
2023-09-01,412.00705,6.023464679718018,5.736603160172693,0.286861519545325,-0.14186616527796983,0.4287276848232948,1.259943808825757,Test,0.014137030579149723,1.2458067782466073,0.0048104815056186235,0.4239172033176762,-0.1370556837723512,0.42391720331767624,5.599547476400342,0.4239172033176759,286.0648978622909,125.942151698256
2023-10-01,412.00705,6.023464679718018,5.734530222007485,0.28893445771053283,-0.014159640576007926,0.30309409828654077,0.8907321503745426,Test,0.13968288898468018,0.7510492613898624,0.04753062889339784,0.25556346939314295,0.03337098831738991,0.2555634693931429,5.767901210324875,0.25556346939314256,338.699719377662,73.30733018288487
2023-11-01,529.7234,6.274240970611572,5.732457283842277,0.5417836867692953,0.05045057758520478,0.49133310918409057,1.4439284676536674,Test,0.17951014637947083,1.2644183212741966,0.061082858553261524,0.43025025063082906,0.11153343613846631,0.430250250630829,5.843990719980743,0.430250250630829,365.5560925015494,164.16729617032559
2023-12-01,559.15247,6.328208923339844,5.730384345677069,0.5978245776627746,0.29084742100165534,0.3069771566611193,0.9021436722602255,Test,-0.5392043590545654,1.4413480313147908,-0.18347789392253933,0.4904550505836586,0.10736952707911601,0.4904550505836586,5.837753872756185,0.4904550505836589,363.27705255292847,195.87541326738403
2024-01-01,588.58154,6.37941312789917,5.728311407511862,0.6511017203873077,-0.23607697540012024,0.8871786957874279,2.607238451466441,Test,-0.24007642269134521,2.847314874157786,-0.08169206290004749,0.9688707586874754,-0.3177690383001677,0.9688707586874754,5.4105423692116945,0.9688707586874754,236.6272353858884,351.9543075828616
2024-02-01,529.7234,6.274240970611572,5.726238469346654,0.5480025012649179,-0.17384253335640584,0.7218450346213238,2.12135631660364,Test,-0.34170860052108765,2.463064917124728,-0.11627497683579167,0.8381200114571155,-0.2901175101921975,0.8381200114571155,5.436120959154457,0.8381200114571152,242.783807551391,286.93958112048404
2024-03-01,618.0106,6.428122520446777,5.7241655311814466,0.7039569892653308,0.045314942661695994,0.6586420466036348,1.9356155392498355,Test,-0.46468910574913025,2.4003046449989656,-0.158122198049535,0.8167642446531698,-0.112807255387839,0.8167642446531698,5.611358275793608,0.8167642446531698,289.47546489901123,328.53515521817627
2024-04-01,500.29428,6.217193126678467,5.722092593016239,0.49510053366222806,-0.03524296301433464,0.5303434966765627,1.5585720932951794,Test,-0.5833483338356018,2.1419204271307812,-0.19849899563691664,0.7288424923134793,-0.23374195865125127,0.7288424923134793,5.488350634364988,0.7288424923134791,255.8549357295007,244.43934527635867
2024-05-01,353.14893,5.869717597961426,5.720019654851031,0.14969794311039486,0.055297453903009254,0.09440048920738561,0.2774239129810113,Forecast,-0.5029203295707703,0.7803442425517816,-0.17113133699858768,0.26553182620597326,-0.11583388309557843,0.26553182620597326,5.604185771755453,0.26553182620597315,287.3994823505147,65.74944343073531
2024-06-01,,,5.717946716685823,,-0.037040941333780886,,,Forecast,0.0,,4.934324553889585e-18,,-0.03704094133378088,,5.680905775352042,,310.396373676173,
2024-07-01,,,5.715873778520615,,0.006637361010022971,,,Forecast,0.0,,4.934324553889585e-18,,0.006637361010022976,,5.7225111395306385,,323.625424707272,
2024-08-01,,,5.7138008403554075,,0.12514535013958608,,,Forecast,0.0,,4.934324553889585e-18,,0.12514535013958608,,5.838946190494994,,363.7116455795302,
2024-09-01,,,5.7117279021902005,,-0.14186616527796983,,,Forecast,0.0,,4.934324553889585e-18,,-0.14186616527796983,,5.56986173691223,,277.6684086866214,
2024-10-01,,,5.709654964024993,,-0.014159640576007926,,,Forecast,0.0,,4.934324553889585e-18,,-0.014159640576007921,,5.695495323448985,,314.9728089321688,
2024-11-01,,,5.707582025859785,,0.05045057758520478,,,Forecast,0.0,,4.934324553889585e-18,,0.050450577585204784,,5.75803260344499,,335.36384368601796,
2024-12-01,,,5.705509087694577,,0.29084742100165534,,,Forecast,0.0,,4.934324553889585e-18,,0.29084742100165534,,5.996356508696232,,425.8861488928016,
2025-01-01,,,5.703436149529369,,-0.23607697540012024,,,Forecast,0.0,,4.934324553889585e-18,,-0.23607697540012024,,5.467359174129249,,250.51937211657045,
2025-02-01,,,5.7013632113641615,,-0.17384253335640584,,,Forecast,0.0,,4.934324553889585e-18,,-0.17384253335640584,,5.527520678007756,,266.11559819916755,
2025-03-01,,,5.6992902731989545,,0.045314942661695994,,,Forecast,0.0,,4.934324553889585e-18,,0.045314942661696,,5.74460521586065,,330.87754304077646,
2025-04-01,,,5.697217335033747,,-0.03524296301433464,,,Forecast,0.0,,4.934324553889585e-18,,-0.03524296301433463,,5.6619743720194124,,304.556654777638,
2025-05-01,,,5.695144396868539,,0.055297453903009254,,,Forecast,0.0,,4.934324553889585e-18,,0.05529745390300926,,5.750441850771548,,332.82025502985766,
2025-06-01,,,5.693071458703331,,-0.037040941333780886,,,Forecast,0.0,,4.934324553889585e-18,,-0.03704094133378088,,5.65603051736955,,302.7458573239711,
2025-07-01,,,5.690998520538123,,0.006637361010022971,,,Forecast,0.0,,4.934324553889585e-18,,0.006637361010022976,,5.6976358815481465,,315.64989149619436,
2025-08-01,,,5.6889255823729155,,0.12514535013958608,,,Forecast,0.0,,4.934324553889585e-18,,0.12514535013958608,,5.814070932512502,,354.7512573277189,
2025-09-01,,,5.686852644207708,,-0.14186616527796983,,,Forecast,0.0,,4.934324553889585e-18,,-0.14186616527796983,,5.544986478929737,,270.82196666698434,
2025-10-01,,,5.6847797060425,,-0.014159640576007926,,,Forecast,0.0,,4.934324553889585e-18,,-0.014159640576007921,,5.670620065466492,,307.2098568044711,
2025-11-01,,,5.682706767877293,,0.05045057758520478,,,Forecast,0.0,,4.934324553889585e-18,,0.050450577585204784,,5.733157345462498,,327.0999160877941,
2025-12-01,,,5.680633829712085,,0.29084742100165534,,,Forecast,0.0,,4.934324553889585e-18,,0.29084742100165534,,5.97148125071374,,415.398231438666,
2026-01-01,,,5.678560891546877,,-0.23607697540012024,,,Forecast,0.0,,4.934324553889585e-18,,-0.23607697540012024,,5.442483916146757,,244.3399389826624,
2026-02-01,,,5.6764879533816694,,-0.17384253335640584,,,Forecast,0.0,,4.934324553889585e-18,,-0.17384253335640584,,5.502645420025264,,259.55299045963085,
2026-03-01,,,5.674415015216462,,0.045314942661695994,,,Forecast,0.0,,4.934324553889585e-18,,0.045314942661696,,5.719729957878157,,322.72383675323147,
2026-04-01,,,5.672342077051254,,-0.03524296301433464,,,Forecast,0.0,,4.934324553889585e-18,,-0.03524296301433463,,5.6370991140369195,,297.04961108183875,
2026-05-01,,,5.670269138886047,,0.055297453903009254,,,Forecast,0.0,,4.934324553889585e-18,,0.05529745390300926,,5.725566592789056,,324.61881938161224,
2026-06-01,,,5.668196200720839,,-0.037040941333780886,,,Forecast,0.0,,4.934324553889585e-18,,-0.03704094133378088,,5.631155259387058,,295.2833020573925,
2026-07-01,,,5.666123262555631,,0.006637361010022971,,,Forecast,0.0,,4.934324553889585e-18,,0.006637361010022976,,5.6727606235656545,,307.8703045208694,
2026-08-01,,,5.664050324390423,,0.12514535013958608,,,Forecast,0.0,,4.934324553889585e-18,,0.12514535013958608,,5.78919567453001,,346.0110116422235,
2026-09-01,,,5.661977386225216,,-0.14186616527796983,,,Forecast,0.0,,4.934324553889585e-18,,-0.14186616527796983,,5.520111220947245,,264.1437308984586,
2026-10-01,,,5.659904448060008,,-0.014159640576007926,,,Forecast,0.0,,4.934324553889585e-18,,-0.014159640576007921,,5.645744807484,,299.6376281315563,
2026-11-01,,,5.6578315098948,,0.05045057758520478,,,Forecast,0.0,,4.934324553889585e-18,,0.050450577585204784,,5.708282087480005,,319.03902011924913,
2026-12-01,,,5.655758571729592,,0.29084742100165534,,,Forecast,0.0,,4.934324553889585e-18,,0.29084742100165534,,5.946605992731247,,405.16798552718865,
2027-01-01,,,5.653685633564385,,-0.23607697540012024,,,Forecast,0.0,,4.934324553889585e-18,,-0.23607697540012024,,5.417608658164265,,238.31232474657958,
2027-02-01,,,5.651612695399177,,-0.17384253335640584,,,Forecast,0.0,,4.934324553889585e-18,,-0.17384253335640584,,5.477770162042772,,253.151615611896,
2027-03-01,,,5.64953975723397,,0.045314942661695994,,,Forecast,0.0,,4.934324553889585e-18,,0.045314942661696,,5.694854699895665,,314.7704541321042,
