,DataOriginal,DataLog,Linear,DataLinear,MonthlyAverage,DataSeasons,DataNormalised,ModelledNormalised,ResidualsNormalised,ModelledSeasons,ResidualsSeasons,ModelledLinear,ResidualsLinear,ModelledLog,ResidualsLog,ModelledOriginal,ResidualsOriginal,Purpose
2010-04-01,142.75517,4.968111515045166,4.832954390353079,0.1351571246920873,0.04364531476605826,0.09151180992602903,0.158120842364157,0.158120842364157,0.0,0.09151180992602903,0.0,0.1351571246920873,0.0,4.968111515045166,0.0,155.89509341952603,-13.139920690033847,Train
2010-05-01,214.13277,5.371255397796631,4.844340327417843,0.5269150703787879,0.19286904685683837,0.33404602352194956,0.577189312181487,0.577189312181487,0.0,0.33404602352194956,0.0,0.5269150703787879,0.0,5.371255397796631,0.0,233.79699035855086,-19.664223634918045,Train
2010-06-01,142.75517,4.968111515045166,4.855726264482608,0.11238525056255799,-0.04513009389241526,0.15751534445497326,0.27216660855722496,0.27216660855722496,0.0,0.15751534445497326,0.0,0.11238525056255799,0.0,4.968111515045166,0.0,155.89509341952603,-13.139920690033847,Train
2010-07-01,190.34024,5.254053115844727,4.867112201547372,0.38694091429735433,-0.2621418299243294,0.6490827442216838,1.1215329514663972,1.1215329514663972,0.0,0.6490827442216838,0.0,0.3869409142973544,-5.551115123125783e-17,5.254053115844727,0.0,207.82967927442667,-17.489438795911042,Train
2010-08-01,118.96265,4.787180423736572,4.878498138612137,-0.09131771487556506,-0.060034419821125146,-0.031283295054439914,-0.05405358029671692,0.18601550731133482,-0.24006908760805173,0.10765573654841243,-0.13893903160285234,0.04762131672728728,-0.13893903160285234,4.926119455339425,-0.13893903160285248,149.4431583582844,-30.480511873909393,Train
2010-09-01,118.96265,4.787180423736572,4.8898840756769015,-0.10270365194032927,-0.6336204423610039,0.5309167904206746,0.9173571170152733,-0.031710094175082665,0.949067211190356,-0.01835209114433885,0.5492688815650135,-0.6519725335053428,0.5492688815650135,4.237911542171559,0.5492688815650135,74.59403775138362,44.368608732991376,Train
2010-10-01,95.17012,4.5661187171936035,4.901270012741667,-0.3351512955480631,0.14860461062168628,-0.4837559061697494,-0.8358690691838234,0.14027075325339217,-0.9761398224372155,0.08118114170137458,-0.564937047871124,0.22978575232306087,-0.564937047871124,5.131055765064728,-0.5649370478711244,183.66098625353632,-88.49086601427851,Train
2010-11-01,118.96265,4.787180423736572,4.912655949806431,-0.12547552606985857,0.13859077247965124,-0.2640662985495098,-0.45627319140976913,-0.20157421950977805,-0.2546989718999911,-0.11666027947968938,-0.14740601906982043,0.02193049299996186,-0.14740601906982043,4.934586442806393,-0.14740601906982054,150.72236657237244,-31.759720087997437,Train
2010-12-01,142.75517,4.968111515045166,4.924041886871195,0.044069628173970976,0.4637165665626528,-0.41964693838868183,-0.7250968748972835,-0.08493148635802297,-0.6401653885392605,-0.049153760630940985,-0.3704931777577408,0.4145628059317118,-0.3704931777577408,5.338604692802907,-0.3704931777577407,226.25450685004208,-83.49933412054989,Train
2011-01-01,166.5477,5.121268272399902,4.93542782393596,0.1858404484639422,0.1992327972949769,-0.013392348831034684,-0.023140286265887947,-0.18650122114169831,0.16336093487581038,-0.10793684149990454,0.09454449266886986,0.09129595579507235,0.09454449266886986,5.026723779731032,0.0945444926688701,165.3659120466472,1.1817869279621789,Train
2011-02-01,214.13277,5.371255397796631,4.946813761000724,0.4244416367959065,-0.04194352930759904,0.46638516610350556,0.8058546256493389,0.0443636815944072,0.7614909440549317,0.025675304640335923,0.44070986146316965,-0.016268224667263114,0.44070986146316965,4.930545536333462,0.44070986146316926,150.11050774393473,64.02225897969808,Train
2011-03-01,166.5477,5.121268272399902,4.958199698065489,0.1630685743344129,-0.12745016673170817,0.2905187410661211,0.5019796690403282,0.16402005224375824,0.33795961679656994,0.09492595422948864,0.19559278683663245,-0.03252421250221953,0.19559278683663245,4.92567548556327,0.19559278683663273,149.37638096761245,17.171318006996927,Train
2011-04-01,166.5477,5.121268272399902,4.969585635130254,0.1516826372696487,0.04364531476605826,0.10803732250359044,0.18667483961736014,0.13925500202649801,0.04741983759086213,0.08059327971039433,0.027444042793196108,0.1242385944764526,0.027444042793196108,5.093824229606707,0.027444042793195678,176.91218783346915,-10.364488858859772,Train
2011-05-01,261.71783,5.571080684661865,4.980971572195019,0.5901091124668465,0.19286904685683837,0.39724006561000813,0.6863806304980714,0.029514855626886785,0.6568657748711846,0.017081605547619498,0.3801584600623886,0.20995065240445787,0.3801584600623886,5.190922224599476,0.38015846006238885,195.05360108781642,66.66423338483983,Train
2011-06-01,166.5477,5.121268272399902,4.992357509259783,0.1289107631401194,-0.04513009389241526,0.17404085703253466,0.3007206058104281,0.0719383023200999,0.2287823034903282,0.04163400693981178,0.13240685009272288,-0.0034960869526034846,0.13240685009272288,4.988861422307179,0.1324068500927229,159.18466316285338,7.363035811755992,Train
2011-07-01,47.58506,3.8833160400390625,5.003743446324548,-1.1204274062854855,-0.2621418299243294,-0.8582855763611561,-1.4830090065198318,0.034750478062750785,-1.5177594845825826,0.020111701251839243,-0.8783972776129954,-0.24203012867249013,-0.8783972776129954,4.761713317652058,-0.8783972776129954,126.6355822548209,-79.050522135192,Train
2011-08-01,237.9253,5.476150989532471,5.015129383389312,0.46102160614315846,-0.060034419821125146,0.5210560259642836,0.9003189622300121,-0.26230573348757086,1.162624695717583,-0.15180840214688537,0.672864428111169,-0.21184282196801052,0.672864428111169,4.803286561421301,0.6728644281111693,132.05365043369645,105.87164253505355,Train
2011-09-01,214.13277,5.371255397796631,5.0265153204540765,0.3447400773425544,-0.6336204423610039,0.9783605197035583,1.6904833336419391,0.09540569160968343,1.5950776420322557,0.05521566534751645,0.9231448543560419,-0.5784047770134875,0.9231448543560419,4.448110543440589,0.9231448543560417,92.2772662849486,121.85550043868422,Train
2011-10-01,214.13277,5.371255397796631,5.0379012575188415,0.3333541402777893,0.14860461062168628,0.18474952965610303,0.31922383875062804,0.2929890396038513,0.026234799146776733,0.1695662437775831,0.015183285878519942,0.3181708543992694,0.015183285878519914,5.356072111918111,0.01518328587851947,230.2589282045918,-16.126161480958984,Train
2011-11-01,190.34024,5.254053115844727,5.049287194583606,0.2047659212611208,0.13859077247965124,0.06617514878146957,0.11434229393296227,0.1651429140640437,-0.050800620131081414,0.09557580605126499,-0.02940065726979542,0.23416657853091621,-0.029400657269795405,5.283453773114522,-0.029400657269795794,214.06055621761624,-23.720315739100613,Train
2011-12-01,404.473,6.005054473876953,5.060673131648371,0.9443813422285823,0.4637165665626528,0.48066477566592947,0.8305279863277786,-0.047458204990387644,0.8779861913181662,-0.02746624777338872,0.5081310234393182,0.43625031878926407,0.5081310234393182,5.4969234504376345,0.5081310234393186,265.23764777632107,139.2353441670383,Train
2012-01-01,237.9253,5.476150989532471,5.072059068713135,0.40409192081933565,0.1992327972949769,0.20485912352435875,0.3539706755208759,0.03927620593497621,0.3146944695858997,0.02273094829497229,0.18212817522938646,0.2219637455899492,0.18212817522938646,5.2940228143030845,0.18212817522938618,216.34559415360962,21.579698815140375,Train
2012-02-01,71.37759,4.281896591186523,5.0834450057779,-0.8015484145913767,-0.04194352930759904,-0.7596048852837777,-1.3125012435235053,0.06006024086595036,-1.3725614843894556,0.03475962601804518,-0.7943645113018228,-0.0071839032895538585,-0.7943645113018228,5.076261102488346,-0.794364511301823,173.81477322541372,-102.43718686066762,Train
2012-03-01,166.5477,5.121268272399902,5.094830942842664,0.026437329557237987,-0.12745016673170817,0.15388749628894616,0.26589814541082724,-0.2258269742027519,0.4917251196135791,-0.13069646499743826,0.2845839612863844,-0.2581466317291464,0.2845839612863844,4.836684311113518,0.2845839612863843,136.57238064496613,29.975318329643244,Train
2012-04-01,214.13277,5.371255397796631,5.106216879907429,0.2650385178892023,0.04364531476605826,0.22139320312314403,0.38253947550406076,-0.026473261269253735,0.4090127367733145,-0.015321294885431339,0.23671449800857536,0.028324019880626924,0.23671449800857536,5.134540899788055,0.2367144980085758,184.30567743403824,29.827089289594568,Train
2012-05-01,214.13277,5.371255397796631,5.117602816972194,0.2536525808244372,0.19286904685683837,0.060783533967598835,0.10502626492248346,0.050680468542272684,0.054345796380210774,0.029331120014662076,0.031452413952936756,0.22220016687150043,0.03145241395293677,5.339802983843694,0.03145241395293663,226.526987112303,-12.394220388670192,Train
2012-06-01,166.5477,5.121268272399902,5.128988754036958,-0.007720481637055521,-0.04513009389241526,0.03740961225535974,0.06463908218092711,0.1050499092810456,-0.04041082710011849,0.06079721804627063,-0.02338760579091089,0.01566712415385537,-0.02338760579091089,5.144655878190814,-0.02338760579091126,186.18955197231554,-19.641852997706167,Train
2012-07-01,95.17012,4.5661187171936035,5.140374691101723,-0.5742559739081194,-0.2621418299243294,-0.31211414398379006,-0.5392937960726244,-0.012156186143471687,-0.5271376099291527,-0.007035344481816245,-0.3050787995019738,-0.26917717440614564,-0.3050787995019738,4.871197516695577,-0.3050787995019739,141.40333076058863,-46.23321052133082,Train
2012-08-01,71.37759,4.281896591186523,5.151760628166487,-0.8698640369799637,-0.060034419821125146,-0.8098296171588386,-1.399283232842894,-0.12060889529998528,-1.2786743375429086,-0.06980191945007308,-0.7400276977087655,-0.12983633927119823,-0.7400276977087655,5.021924288895289,-0.7400276977087659,164.56935344332513,-93.19176707857903,Train
2012-09-01,0.0,0.0,5.163146565231252,-5.163146565231252,-0.6336204423610039,-4.529526122870248,-7.826448702496734,-0.25529735013765414,-7.571151352359079,-0.14775232809986455,-4.381773794770384,-0.7813727704608684,-4.381773794770384,4.381773794770384,-4.381773794770384,86.29032805429165,-86.29032805429165,Train
2012-10-01,214.13277,5.371255397796631,5.1745325022960165,0.1967228955006144,0.14860461062168628,0.04811828487892811,0.08314231512112706,-1.372515460577833,1.45565777569896,-0.7943378752035177,0.8424561600824458,-0.6457332645818314,0.8424561600824458,4.5287992377141855,0.8424561600824454,100.1156700834483,114.01709664018452,Train
2012-11-01,237.9253,5.476150989532471,5.185918439360782,0.29023255017168914,0.13859077247965124,0.1516417776920379,0.2620178274874574,-0.04163346823505953,0.3036512957225169,-0.02409520449501336,0.17573698218705125,0.11449556798463788,0.17573698218705125,5.300414007345419,0.17573698218705136,217.73914027031685,20.186152698433148,Train
2012-12-01,333.0954,5.811426639556885,5.197304376425546,0.614122263131339,0.4637165665626528,0.1504056965686862,0.25988203552123146,0.16386084774674736,0.0960211877744841,0.09483381525873692,0.055571881309949264,0.5585503818213897,0.05557188130994928,5.755854758246936,0.055571881309949056,343.9228022601975,-10.82740431097875,Train
2013-01-01,285.51035,5.657774448394775,5.20869031349031,0.4490841349044654,0.1992327972949769,0.24985133760948852,0.43171153538060086,0.5288460634382983,-0.09713452805769746,0.30606756018942527,-0.05621622257993675,0.5053003574844022,-0.05621622257993675,5.713990670974712,-0.05621622257993675,329.7810060115061,-44.27066055252175,Train
2013-02-01,142.75517,4.968111515045166,5.220076250555075,-0.25196473550990905,-0.04194352930759904,-0.21002120620231002,-0.3628901020085703,0.0326639850020544,-0.3955540870106247,0.01890415167439209,-0.2289253578767021,-0.02303937763320695,-0.2289253578767021,5.197036872921868,-0.22892535787670187,196.256072509146,-53.50089977965382,Train
2013-03-01,71.37759,4.281896591186523,5.231462187619839,-0.9495655964333158,-0.12745016673170817,-0.8221154297016077,-1.420511564245814,-0.07891411568361753,-1.3415974485621964,-0.04567123123647656,-0.7764441984651311,-0.17312139796818474,-0.7764441984651311,5.058340789651655,-0.7764441984651311,170.70994067547045,-99.33235431072436,Train
2013-04-01,214.13277,5.371255397796631,5.242848124684604,0.1284072731120265,0.04364531476605826,0.08476195834596822,0.14645795187455826,-0.25781079766837345,0.4042687495429317,-0.14920697588222656,0.23396893422819479,-0.1055616611161683,0.23396893422819479,5.137286463568436,0.2339689342281952,184.81514505819246,29.317621665440356,Train
2013-05-01,261.71783,5.571080684661865,5.254234061749369,0.31684662291249666,0.19286904685683837,0.12397757605565829,0.21421758323906948,0.015619349941981811,0.19859823329708767,0.009039636784674633,0.11493793927098366,0.201908683641513,0.11493793927098367,5.456142745390881,0.11493793927098395,254.59869518294812,7.11913928970813,Train
2013-06-01,237.9253,5.476150989532471,5.265619998814134,0.21053099071833703,-0.04513009389241526,0.2556610846107523,0.4417500439676895,0.07062862805329248,0.37112141591439707,0.04087603815608198,0.21478504645467034,-0.004254055736333286,0.2147850464546703,5.2613659430778,0.21478504645467034,209.3624121147802,28.5628808539698,Train
2013-07-01,166.5477,5.121268272399902,5.277005935878898,-0.15573766347899554,-0.2621418299243294,0.10640416644533385,0.18385295234562551,0.1651234864842411,0.01872946586138441,0.09556456241656361,0.010839604028770239,-0.16657726750776577,0.010839604028770239,5.110428668371132,0.010839604028769934,179.89098202535482,-13.343283050745441,Train
2013-08-01,190.34024,5.254053115844727,5.288391872943662,-0.034338757098935524,-0.060034419821125146,0.02569566272218962,0.04439885778701259,0.01977716049307086,0.024621697293941727,0.011445953138488523,0.014249709583701099,-0.048588466682636625,0.0142497095837011,5.239803406261025,0.01424970958370153,204.87501851735476,-14.534778038839136,Train
2013-09-01,166.5477,5.121268272399902,5.299777810008427,-0.17850953760852484,-0.6336204423610039,0.45511090475247906,0.786374126866734,-0.005086106980283305,0.7914602338470174,-0.002943564227739283,0.45805446898021834,-0.6365640065887432,0.4580544689802184,4.6632138034196835,0.45805446898021884,114.66287104889776,51.88482792571162,Train
2013-10-01,261.71783,5.571080684661865,5.311163747073191,0.25991693758867385,0.14860461062168628,0.11131232696698756,0.1923336334377131,0.11273250044162797,0.07960113299608512,0.06524348718773816,0.0460688397792494,0.21384809780942443,0.046068839779249415,5.5250118448826155,0.04606883977924969,272.82185126451355,-11.104016791857305,Train
2013-11-01,237.9253,5.476150989532471,5.3225496841379565,0.15360130539451422,0.13859077247965124,0.015010532914862984,0.025936303857956398,0.03956650327875072,-0.013630199420794322,0.022898956730472163,-0.00788842381560918,0.1614897292101234,-0.007888423815609169,5.48403941334808,-0.007888423815609613,261.82943496423763,-23.904141995487635,Train
2013-12-01,356.88794,5.88021993637085,5.333935621202721,0.5462843151681289,0.4637165665626528,0.08256774860547611,0.14266663474542815,0.001649945226165176,0.14101668951926297,0.0009548992508998528,0.08161284935457626,0.4646714658135527,0.08161284935457624,5.798607087016274,0.0816128493545758,358.988814162901,-2.100874709776008,Train
2014-01-01,475.8506,6.167203426361084,5.345321558267486,0.8218818680935982,0.1992327972949769,0.6226490707986213,1.0758589044574678,-0.0252081526213723,1.1010670570788401,-0.014589118276771017,0.6372381890753923,0.1846436790182059,0.6372381890753923,5.529965237285691,0.6372381890753926,274.1815631554715,201.6690227820285,Train
2014-02-01,261.71783,5.571080684661865,5.35670749533225,0.21437318932961524,-0.04194352930759904,0.2563167186372143,0.4428828967069214,0.17912240035605262,0.26376049635086873,0.1036663782572466,0.15265034037996766,0.061722848949647566,0.15265034037996766,5.418430344281898,0.15265034037996728,245.1389506382841,16.578883834372164,Train
2014-03-01,237.9253,5.476150989532471,5.368093432397014,0.1080575571354565,-0.12745016673170817,0.23550772386716468,0.4069275835680901,0.0894042417374005,0.31752334183068964,0.0517423500540897,0.18376537381307498,-0.07570781667761847,0.18376537381307498,5.292385615719396,0.1837653738130749,215.99004738444168,21.93524558430832,Train
2014-04-01,333.0954,5.811426639556885,5.379479369461779,0.4319472700951055,0.04364531476605826,0.3883019553290472,0.67093670552367,0.06250799896185708,0.6084287065618129,0.03617625630073516,0.35212569902831203,0.07982157106679343,0.35212569902831203,5.459300940528573,0.3521256990283117,255.40720177805719,77.68819617116156,Train
2014-05-01,285.51035,5.657774448394775,5.3908653065265435,0.2669091418682319,0.19286904685683837,0.07404009501139353,0.12793192705277068,0.050210486440978745,0.07772144061179193,0.029059119738928683,0.04498097527246484,0.22192816659576706,0.044980975272464835,5.61279347312231,0.04498097527246525,297.9449208757182,-12.434575416733821,Train
2014-06-01,214.13277,5.371255397796631,5.402251243591309,-0.030995845794677734,-0.04513009389241526,0.014134248097737528,0.024422194438125246,0.005795677864565582,0.018626516573559664,0.003354225560683236,0.010780022537054292,-0.041775868331732025,0.01078002253705429,5.360475375259576,0.010780022537054457,231.27946736797242,-17.146700644339603,Train
2014-07-01,261.71783,5.571080684661865,5.413637180656073,0.15744350400579243,-0.2621418299243294,0.4195853339301218,0.7249904301784131,-0.019235318708036967,0.7442257488864501,-0.01113236435600653,0.4307176982861283,-0.2732741942803359,0.4307176982861283,5.140362986375737,0.43071769828612805,185.3876898618851,76.33014461077116,Train
2014-08-01,261.71783,5.571080684661865,5.425023117720838,0.14605756694102734,-0.060034419821125146,0.20609198676215248,0.3561009073875314,0.08534770594654147,0.27075320144098997,0.049394646065792615,0.15669734069635988,-0.01063977375533253,0.15669734069635988,5.414383343965506,0.15669734069635943,244.14483916870412,17.572995303952126,Train
2014-09-01,309.3029,5.737548828125,5.436409054785602,0.3011397733393979,-0.6336204423610039,0.9347602157004018,1.6151475184954012,0.0618837533428391,1.553263765152562,0.035814976626401235,0.8989452390740006,-0.5978054657346027,0.8989452390740006,4.838603589050999,0.8989452390740009,136.83667382484956,172.46621313804107,Train
2014-10-01,309.3029,5.737548828125,5.447794991850367,0.2897538362746328,0.14860461062168628,0.14114922565294652,0.24388802360409015,0.2797278193538159,-0.03583979574972576,0.16189136519254757,-0.02074213953960105,0.3104959758142338,-0.020742139539601023,5.7582909676646015,-0.020742139539601467,344.76413084963264,-35.46124388674201,Train
2014-11-01,166.5477,5.121268272399902,5.459180928915131,-0.33791265651522906,0.13859077247965124,-0.4765034289948803,-0.8233377051878094,0.013799929317632126,-0.8371376345054414,0.00798665431973472,-0.484490083314615,0.14657742679938596,-0.484490083314615,5.605758355714517,-0.48449008331461485,295.8491887632712,-129.3014897886618,Train
2014-12-01,261.71783,5.571080684661865,5.470566865979896,0.10051381868196962,0.4637165665626528,-0.3632027478806832,-0.6275684470702962,-0.16829327545297187,-0.45927517161732434,-0.09739906520111156,-0.2658036826795716,0.36631750136154123,-0.2658036826795716,5.836884367341437,-0.26580368267957155,373.0353230164792,-111.31748854382295,Train
2015-01-01,214.13277,5.371255397796631,5.481952803044661,-0.11069740524802985,0.1992327972949769,-0.30993020254300674,-0.5355202212676917,-0.21907389786205933,-0.3164463234056324,-0.12678814886867526,-0.18314205367433148,0.07244464842630163,-0.18314205367433148,5.554397451470963,-0.18314205367433178,280.98766353527066,-66.85489681163784,Train
2015-02-01,142.75517,4.968111515045166,5.493338740109425,-0.5252272250642589,-0.04194352930759904,-0.48328369575665986,-0.8350531492675722,-0.10438230293113421,-0.730670846336438,-0.06041084352103377,-0.4228728522356261,-0.1023543728286328,-0.4228728522356261,5.390984367280792,-0.422872852235626,238.4752902901573,-95.7201175606651,Train
2015-03-01,166.5477,5.121268272399902,5.50472467717419,-0.38345640477428766,-0.12745016673170817,-0.2560062380425795,-0.4423464254776772,-0.09770709865617094,-0.3446393268215063,-0.05654759554123218,-0.19945864250134732,-0.18399776227294035,-0.19945864250134732,5.3207269149012495,-0.19945864250134715,222.22780275912802,-55.68010378451865,Train
2015-04-01,118.96265,4.787180423736572,5.516110614238954,-0.728930190502382,0.04364531476605826,-0.7725755052684402,-1.3349128356406104,-0.0516040963579286,-1.2833087392826819,-0.029865665947032192,-0.742709839321408,0.013779648819026071,-0.742709839321408,5.529890263057981,-0.7427098393214084,274.1609324036907,-155.1982859193157,Train
2015-05-01,285.51035,5.657774448394775,5.527496551303719,0.13027789709105608,0.19286904685683837,-0.06259114976578228,-0.10814959657673182,-0.21041376644671678,0.10226416986998496,-0.1217761321846881,0.05918498241890581,0.07109291467215027,0.05918498241890581,5.59858946597587,0.05918498241890546,293.728719446811,-8.218373987826624,Train
2015-06-01,237.9253,5.476150989532471,5.5388824883684835,-0.06273149883601281,-0.04513009389241526,-0.01760140494359755,-0.030413003291312468,0.015420474161870664,-0.045833477453183134,0.008924538216286615,-0.026525943159884165,-0.036205555676128647,-0.026525943159884165,5.502676932692355,-0.02652594315988388,266.773856395154,-28.848563426403985,Train
2015-07-01,166.5477,5.121268272399902,5.550268425433249,-0.42900015303334627,-0.2621418299243294,-0.16685832310901688,-0.28831009491337795,0.025967584043815276,-0.3142776789571932,0.015028636198275654,-0.18188695930729254,-0.24711319372605373,-0.18188695930729254,5.303155231707195,-0.1818869593072927,218.33957591892522,-51.791876944315845,Train
2015-08-01,237.9253,5.476150989532471,5.561654362498013,-0.08550337296554211,-0.060034419821125146,-0.025468953144416967,-0.04400713228799328,0.03332809739847132,-0.0773352296864646,0.019288504087911745,-0.04475745723232871,-0.0407459157332134,-0.04475745723232871,5.5209084467648,-0.044757457232329045,271.70055333468116,-33.77526036593116,Train
2015-09-01,214.13277,5.371255397796631,5.573040299562777,-0.20178490176614616,-0.6336204423610039,0.43183554059485774,0.7461572391239337,-0.008772119960726866,0.7549293590846606,-0.005076829610138293,0.436912370204996,-0.6386972719711422,0.43691237020499607,4.934343027591635,0.43691237020499596,150.68543953441343,63.44732718921938,Train
2015-10-01,285.51035,5.657774448394775,5.584426236627542,0.07334821176723327,0.14860461062168628,-0.07525639885445301,-0.1300335463780882,0.1343353323783168,-0.264368878756405,0.0777460404280082,-0.1530024392824612,0.22635065104969448,-0.1530024392824612,5.810776887677236,-0.15300243928246093,363.39657264202754,-77.88622718304316,Train
2015-11-01,309.3029,5.737548828125,5.595812173692306,0.14173665443269368,0.13859077247965124,0.0031458819530424398,0.005435686440857767,0.007524389683992814,-0.0020887032431350467,0.004354710664803609,-0.0012088287117611694,0.14294548314445485,-0.001208828711761173,5.7387576568367615,-0.0012088287117615337,338.07574839679296,-28.772861433902335,Train
2015-12-01,475.8506,6.167203426361084,5.607198110757071,0.5600053156040126,0.4637165665626528,0.09628874904135976,0.1663747894497729,0.0032810842092650568,0.16309370524050784,0.0018989144632689018,0.09438983457809086,0.4656154810259217,0.09438983457809086,6.072813591782993,0.09438983457809069,472.5603994106091,3.2901865268909205,Train
2016-01-01,237.9253,5.476150989532471,5.618584047821836,-0.14243305828936492,0.1992327972949769,-0.3416658555843418,-0.5903554189971295,-0.016479575426712516,-0.573875843570417,-0.009537488869669887,-0.33212836671467194,0.18969530842530702,-0.33212836671467194,5.808279356247143,-0.33212836671467194,362.4876162948388,-124.5623233260888,Train
2016-02-01,309.3029,5.737548828125,5.6299699848866,0.10757884323840017,-0.04194352930759904,0.1495223725459992,0.25835576324379905,-0.0879943110592682,0.34635007430306725,-0.050926358270230024,0.20044873081622921,-0.09286988757782906,0.20044873081622921,5.5371000973087705,0.2004487308162295,276.15196600497046,33.150920957920164,Train
2016-03-01,237.9253,5.476150989532471,5.641355921951365,-0.16520493241889422,-0.12745016673170817,-0.037754765687186054,-0.06523546369091335,0.0384044799317104,-0.10363994362262374,0.02222644033052117,-0.05998120601770722,-0.105223726401187,-0.05998120601770722,5.536132195550178,-0.0599812060177074,275.88383991046857,-37.958546941718566,Train
2016-04-01,285.51035,5.657774448394775,5.652741859016129,0.005032589378646257,0.04364531476605826,-0.038612725387412006,-0.0667179096246555,-0.015608595260560054,-0.051109314364095444,-0.009033412555487836,-0.029579312831924172,0.03461190221057043,-0.029579312831924172,5.687353761226699,-0.029579312831923943,321.08633586439817,-35.57599040541379,Train
2016-05-01,380.68048,5.944583892822266,5.664127796080894,0.2804560967413714,0.19286904685683837,0.08758704988453303,0.15133935302043006,0.02167891005015301,0.12966044297027704,0.012546583146478295,0.07504046673805473,0.20541563000331667,0.07504046673805473,5.869543426084211,0.07504046673805487,385.4526296901916,-4.77214873316035,Train
2016-06-01,309.3029,5.737548828125,5.675513733145658,0.062035094979341565,-0.04513009389241526,0.10716518887175683,0.18516790292108987,0.007719709502484803,0.17744819341860507,0.00446775123451839,0.10269743763723843,-0.04066234265789687,0.10269743763723843,5.6348513904877615,0.10269743763723849,304.6122870101568,4.690599952733805,Train
2016-07-01,214.13277,5.371255397796631,5.6868996702104235,-0.31564427241379267,-0.2621418299243294,-0.05350244248946329,-0.09244545902667733,0.03944677835961046,-0.1318922373862878,0.022829666408715973,-0.07633210889817926,-0.2393121635156134,-0.07633210889817926,5.44758750669481,-0.07633210889817921,252.42131462104675,-38.288547897413935,Train
2016-08-01,214.13277,5.371255397796631,5.698285607275188,-0.3270302094785569,-0.060034419821125146,-0.26699578965743176,-0.46133498181755755,-0.010389962010513844,-0.4509450198070437,-0.006013149275128919,-0.26098264038230284,-0.06604756909625406,-0.2609826403823028,5.632238038178934,-0.260982640382303,303.8146571321927,-89.68189040855987,Train
2016-09-01,214.13277,5.371255397796631,5.709671544339953,-0.33841614654332197,-0.6336204423610039,0.2952042958176819,0.5100757154944312,-0.08959452752392016,0.5996702430183514,-0.0518524771977809,0.34705677301546284,-0.6854729195587848,0.3470567730154628,5.024198624781168,0.34705677301546256,164.94634230260755,49.186424421025265,Train
2016-10-01,380.68048,5.944583892822266,5.721057481404717,0.2235264114175486,0.14860461062168628,0.0749218007958623,0.12945540321907364,0.07194084734611338,0.05751455587296027,0.0416354798635157,0.033286320932346604,0.190240090485202,0.0332863209323466,5.911297571889919,0.03328632093234685,401.9302395348043,-21.249758577773036,Train
2016-11-01,356.88794,5.88021993637085,5.732443418469481,0.14777651790136836,0.13859077247965124,0.009185745421717129,0.015871807201700668,0.03812578593805785,-0.02225397873635718,0.022065147287849904,-0.012879401866132775,0.16065591976750115,-0.01287940186613279,5.893099338236983,-0.012879401866133122,394.66393834741336,-37.775998894288364,Train
2016-12-01,523.43567,6.262322902679443,5.743829355534246,0.518493547145197,0.4637165665626528,0.05477698058254421,0.09464769977643478,0.031126647646199414,0.06352105213023537,0.018014423781486072,0.03676255680105814,0.4817309903441389,0.03676255680105811,6.225560345878385,0.03676255680105811,550.7120259670814,-27.276357021768945,Train
2017-01-01,261.71783,5.571080684661865,5.7552152925990105,-0.1841346079371453,0.1992327972949769,-0.3833674052321222,-0.6624104265806067,-0.018373949455380255,-0.6440364771252264,-0.010633850319863785,-0.3727335549122584,0.18859894697511312,-0.37273355491225846,5.943814239574124,-0.37273355491225857,415.2475318366652,-153.52969736400894,Train
2017-02-01,309.3029,5.737548828125,5.766601229663776,-0.02905240153877564,-0.04194352930759904,0.012891127768823396,0.02227423961429653,-0.12042047320115773,0.14269471281545426,-0.06969287090823657,0.08258399867705997,-0.11163640021583561,0.08258399867705997,5.65496482944794,0.08258399867705979,310.82143542955475,-1.5185484666641287,Train
2017-03-01,499.6431,6.215893268585205,5.77798716672854,0.43790610185666523,-0.12745016673170817,0.5653562685883734,0.9768641828558497,-0.003539778507703533,0.9804039613635532,-0.002048632761715143,0.5674049013500886,-0.1294987994934233,0.5674049013500886,5.6484883672351165,0.5674049013500886,308.80846119772616,190.83463572610196,Train
2017-04-01,285.51035,5.657774448394775,5.789373103793305,-0.13159865539852955,0.04364531476605826,-0.17524397016458781,-0.302799433254158,0.16907639272413855,-0.4718758259782965,0.09785229121355431,-0.27309626137814214,0.14149760597961258,-0.27309626137814214,5.930870709772917,-0.273096261378142,409.89453755840833,-124.38419209942396,Train
2017-05-01,309.3029,5.737548828125,5.800759040858069,-0.06321021273306915,0.19286904685683837,-0.2560792595899075,-0.44247259748305634,-0.0007615347067495201,-0.44171106277630684,-0.00044073518894896155,-0.2556385244009586,0.1924283116678894,-0.2556385244009586,5.9931873525259585,-0.25563852440095847,436.31476624726406,-127.01187928437344,Train
2017-06-01,214.13277,5.371255397796631,5.812144977922834,-0.4408895801262034,-0.04513009389241526,-0.3957594862337881,-0.6838223764503791,-0.0896947351545739,-0.5941276412958052,-0.05191047196629094,-0.34384901426749714,-0.09704056585870621,-0.34384901426749714,5.715104412064128,-0.34384901426749703,330.14961563924106,-116.01684891560825,Train
2017-07-01,309.3029,5.737548828125,5.8235309149875985,-0.08598208686259845,-0.2621418299243294,0.17615974306173093,0.3043817730857883,-0.1840981102181261,0.4884798833039144,-0.10654605059099553,0.28270579365272647,-0.3686878805153249,0.28270579365272647,5.454843034472273,0.28270579365272663,254.26670655939063,55.0361804035,Train
2017-08-01,428.26553,6.062075614929199,5.834916852052363,0.22715876287683656,-0.060034419821125146,0.2871931826979617,0.4962335244615073,0.07063530928339457,0.42559821517811275,0.040879904891485304,0.24631327780647638,-0.019154514929639842,0.2463132778064764,5.815762337122723,0.24631327780647627,365.21778935281446,63.04774409445116,Train
2017-09-01,452.05804,6.116020202636719,5.846302789117128,0.269717413519591,-0.6336204423610039,0.9033378558805949,1.560853651859022,0.12274421385338301,1.438109438005639,0.07103772658762948,0.8323001292929654,-0.5625827157733744,0.8323001292929654,5.283720073343753,0.8323001292929657,214.11783451930938,237.94020991428437,Train
2017-10-01,404.473,6.005054473876953,5.857688726181892,0.14736574769506117,0.14860461062168628,-0.0012388629266251172,-0.0021405985707203382,0.3158339390022818,-0.31797453757300215,0.18278763863148706,-0.18402650155811218,0.33139224925317334,-0.18402650155811218,6.189080975435065,-0.18402650155811173,530.9485890864775,-126.47559714311808,Train
2017-11-01,666.1908,6.503076076507568,5.869074663246657,0.6340014132609113,0.13859077247965124,0.49541064078126007,0.856006977676644,-0.00970200292689434,0.8657089806035384,-0.005614995686039868,0.5010256364672999,0.13297577679361136,0.5010256364672999,6.002050440040269,0.5010256364672996,440.2079526321155,225.982843266322,Train
2017-12-01,523.43567,6.262322902679443,5.880460600311421,0.3818623023680221,0.4637165665626528,-0.08185426419463071,-0.14143382385306616,0.11351715288066729,-0.25495097673373346,0.06569760167249401,-0.1475518658671247,0.5294141682351469,-0.14755186586712477,6.409874768546568,-0.14755186586712465,662.375132396352,-138.9394634510395,Train
2018-01-01,428.26553,6.062075614929199,5.8918465373761855,0.17022907755301375,0.1992327972949769,-0.02900371974196314,-0.0501147622476288,-0.10615991714803655,0.05604515490040775,-0.06143963069359597,0.032435910951632826,0.1377931666013809,0.03243591095163284,6.029639703977566,0.032435910951632785,452.55002680391607,-24.284493356650444,Train
2018-02-01,618.6058,6.429083347320557,5.903232474440951,0.5258508728796061,-0.04194352930759904,0.5677944021872051,0.9810769695852921,-0.0030440797229447617,0.9841210493082369,-0.0017617490574977222,0.5695561512447028,-0.04370527836509676,0.5695561512447028,5.859527196075854,0.5695561512447025,381.60115210641567,237.00462181936558,Train
2018-03-01,285.51035,5.657774448394775,5.914618411505716,-0.25684396311094027,-0.12745016673170817,-0.1293937963792321,-0.22357612746069092,0.1171247958014012,-0.3407009232620921,0.06778551069389209,-0.1971793070731242,-0.05966465603781608,-0.1971793070731242,5.8549537554679,-0.19717930707312448,379.8553436792945,-94.34499822031012,Train
2018-04-01,428.26553,6.062075614929199,5.92600434857048,0.13607126635871936,0.04364531476605826,0.09242595159266109,0.15970036363561774,-0.01611349887180734,0.1758138625074251,-0.009325623516500911,0.10175157510916201,0.03431969124955735,0.101751575109162,5.960324039820037,0.10175157510916222,422.1767379521063,6.0887954951593315,Train
2018-05-01,214.13277,5.371255397796631,5.937390285635244,-0.5661348878386132,0.19286904685683837,-0.7590039346954516,-1.3114628768545238,0.01825264531376849,-1.3297155221682924,0.010563646029370257,-0.7695675807248218,0.20343269288620863,-0.7695675807248219,6.140822978521452,-0.7695675807248215,505.8873809954107,-291.7546142717779,Train
2018-06-01,261.71783,5.571080684661865,5.948776222700009,-0.37769553803814393,-0.04513009389241526,-0.33256544414572864,-0.5746310581337931,-0.2866403380365342,-0.2879907200972589,-0.1658919579439206,-0.16667348620180805,-0.21102205183633585,-0.16667348620180808,5.737754170863673,-0.166673486201808,337.73566130431436,-76.01782683165811,Train
2018-07-01,309.3029,5.737548828125,5.960162159764773,-0.22261333163977337,-0.2621418299243294,0.03952849828455601,0.06830024945628729,-0.10081890021135206,0.16911914966763936,-0.05834853834034421,0.09787703662490022,-0.3204903682646736,0.09787703662490022,5.6396717915001,0.0978770366249,306.0890171440865,3.2138698188041417,Train
2018-08-01,404.473,6.005054473876953,5.9715480968295385,0.03350637704741466,-0.060034419821125146,0.0935407968685398,0.161626675379098,0.0010561362417506024,0.1605705391373474,0.0006112346580375979,0.0929295622105022,-0.05942318516308755,0.0929295622105022,5.912124911666451,0.09292956221050197,402.26373768826,2.2092542550993812,Train
2018-09-01,523.43567,6.262322902679443,5.982934033894303,0.2793888687851407,-0.6336204423610039,0.9130093111461446,1.5775647042872507,0.1134618754669703,1.4641028288202804,0.06566561008871664,0.847343701057428,-0.5679548322722873,0.847343701057428,5.414979201622016,0.8473437010574276,244.29095412561145,279.14471481970105,Validate
2018-10-01,452.05804,6.116020202636719,5.994319970959067,0.12170023167765187,0.14860461062168628,-0.026904378944034413,-0.04648736666178853,0.04741500495465871,-0.09390237161644724,0.02744124592417445,-0.05434562486820886,0.17604585654586075,-0.054345624868208875,6.170365827504928,-0.054345624868209264,521.085673391354,-69.02762895776027,Validate
2018-11-01,713.7759,6.571969032287598,6.005705908023832,0.5662631242637657,0.13859077247965124,0.42767235178411445,0.7389637749993812,0.0014380145830206255,0.7375257604163605,0.0008322452323468788,0.4268401065517676,0.1394230177119981,0.4268401065517676,6.14512892573583,0.42684010655176774,508.0747171990788,205.7011617071712,Validate
2018-12-01,856.53107,6.75405740737915,6.017091845088596,0.7369655622905542,0.4637165665626528,0.2732489957279014,0.4721397316322378,-0.00948096613751947,0.4816206977697573,-0.005487071521499002,0.2787360672494004,0.4582294950411538,0.2787360672494004,6.47532134012975,0.27873606724940014,707.2429696624821,149.28809723204915,Validate
2019-01-01,689.98334,6.538115501403809,6.028477782153361,0.5096377192504473,0.1992327972949769,0.3104049219554704,0.5363404764177762,-0.0023051047137468608,0.538645581131523,-0.0013340702039658038,0.31173899215943623,0.19789872709101108,0.31173899215943623,6.226376509244372,0.31173899215943646,551.1624969151871,138.8208404871566,Validate
2019-02-01,594.81323,6.389927387237549,6.0398637192181255,0.35006366801942335,-0.04194352930759904,0.3920071973270224,0.6773388954307046,-0.00035651645138372535,0.6776954118820883,-0.0002063324812006236,0.392213529808223,-0.04214986178879966,0.392213529808223,5.997713857429326,0.392213529808223,438.2987605734756,156.5144718483994,Validate
2019-03-01,761.36096,6.636420249938965,6.05124965628289,0.5851705936560752,-0.12745016673170817,0.7126207603877833,1.2313186135186727,0.00017261810013373776,1.2311459954185389,9.990204031958976e-05,0.7125208583474637,-0.12735026469138858,0.7125208583474637,5.923899391591501,0.7125208583474638,407.04002242531095,354.32093948875155,Validate
2019-04-01,309.3029,5.737548828125,6.062635593347655,-0.3250867652226548,0.04364531476605826,-0.36873207998871305,-0.6371224341604825,0.0003163033408885184,-0.637438737501371,0.00018305930311006305,-0.3689151392918231,0.04382837406916833,-0.3689151392918231,6.106463967416823,-0.36891513929182285,488.7670351596328,-179.4641481967422,Validate
2019-05-01,452.05804,6.116020202636719,6.07402153041242,0.04199867222429887,0.19286904685683837,-0.1508703746325395,-0.2606849404899346,0.00035532072947437403,-0.261040261219409,0.00020564046189149523,-0.151076015094431,0.19307468731872987,-0.151076015094431,6.26709621773115,-0.15107601509443125,574.110438845756,-122.05239441216224,Validate
2019-06-01,333.0954,5.811426639556885,6.085407467477184,-0.2739808279202993,-0.04513009389241526,-0.22885073402788406,-0.39542514643076837,0.00036591580941482365,-0.3957910622401832,0.00021177232235444765,-0.2290625063502385,-0.044918321570060815,-0.2290625063502385,6.040489145907124,-0.22906250635023895,457.497582057121,-124.40218410790226,Validate
2019-07-01,356.88794,5.88021993637085,6.096793404541948,-0.21657346817109868,-0.2621418299243294,0.0455683617532307,0.07873637021713019,0.00036879287840926715,0.07836757733872092,0.00021343741461570206,0.045354924338615,-0.26192839250971367,0.04535492433861499,5.8348650120322345,0.0453549243386151,372.280774907889,-15.392835454763997,Validate
2019-08-01,237.9253,5.476150989532471,6.108179341606713,-0.6320283520742427,-0.060034419821125146,-0.5719939322531176,-0.9883332268059987,0.00036957413971595973,-0.9887028009457146,0.00021388956649607188,-0.5722078218196136,-0.05982053025462907,-0.5722078218196136,6.0483588113520845,-0.5722078218196138,461.1200397047475,-223.1947467359975,Validate
2019-09-01,333.0954,5.811426639556885,6.119565278671478,-0.3081386391145928,-0.6336204423610039,0.32548180324641107,0.562391421884541,0.0003697862893830389,0.562021635595158,0.0002140123472738577,0.3252677908991372,-0.6334064300137301,0.32526779089913727,5.486158848657747,0.3252677908991375,262.38707568209065,70.7083222671281,Validate
2019-10-01,666.1908,6.503076076507568,6.130951215736243,0.37212486077132567,0.14860461062168628,0.2235202501496394,0.38621474395137356,0.00036984389812528206,0.3858449000532483,0.00021404568810477797,0.2233062044615346,0.14881865630979108,0.2233062044615346,6.2797698720460335,0.22330620446153482,581.445573036679,84.74522286175852,Validate
2019-11-01,642.3983,6.466763973236084,6.142337152801007,0.3244268204350771,0.13859077247965124,0.18583604795542585,0.32110120505855994,0.0003698595416435045,0.32073134551691646,0.00021405474172885903,0.185621993213697,0.1388048272213801,0.185621993213697,6.281141980022387,0.18562199321369732,582.2452997834893,60.15301564619824,Validate
2019-12-01,689.98334,6.538115501403809,6.153723089865771,0.3843924115380375,0.4637165665626528,-0.07932415502461532,-0.13706211496041623,0.00036986378960401965,-0.13743197875002025,0.00021405720021914674,-0.07953821222483447,0.463930623762872,-0.07953821222483448,6.617653713628643,-0.07953821222483448,815.5756713370371,-125.59233393469333,Validate
2020-01-01,380.68048,5.944583892822266,6.165109026930536,-0.22052513410827057,0.1992327972949769,-0.41975793140324746,-0.7252886567992461,0.00036986494312768876,-0.7256585217423739,0.0002140578678163918,-0.41997198927106383,0.19944685516279329,-0.41997198927106383,6.364555882093329,-0.4199719892710636,632.9827553315229,-252.30227437449162,Validate
2020-02-01,380.68048,5.944583892822266,6.176494963995301,-0.23191107117303567,-0.04194352930759904,-0.18996754186543663,-0.3282399044002225,0.0003698652563643233,-0.32860976965658684,0.0002140580491008508,-0.19018159991453748,-0.041729471258498185,-0.19018159991453748,6.134765492736803,-0.19018159991453754,502.82619878483365,-122.1457178278024,Validate
2020-03-01,356.88794,5.88021993637085,6.1878809010600655,-0.3076609646892159,-0.12745016673170817,-0.18021079795750772,-0.31138148397667154,0.0003698653414229934,-0.3117513493180945,0.0002140580983282185,-0.18042485605583594,-0.12723610863337995,-0.18042485605583594,6.060644792426686,-0.18042485605583636,466.8326584722057,-109.94471901908071,Validate
2020-04-01,23.79253,3.2105424404144287,6.19926683812483,-2.988724397710401,0.04364531476605826,-3.0323697124764593,-5.239551634744291,0.0003698653645204748,-5.239921500108812,0.0002140581116957942,-3.032583770588155,0.04385937287775406,-3.032583770588155,6.243126211002584,-3.032583770588155,560.4889436154501,-536.6964135556357,Validate
2020-05-01,23.79253,3.2105424404144287,6.210652775189595,-3.000110334775166,0.19286904685683837,-3.1929793816320045,-5.517064845325868,0.00036986537079254146,-5.517434710696661,0.00021405811532572788,-3.19319343974733,0.1930831049721641,-3.19319343974733,6.403735880161759,-3.19319343974733,658.315220923133,-634.5226908633185,Validate
2020-06-01,356.88794,5.88021993637085,6.222038712254359,-0.3418187758835094,-0.04513009389241526,-0.2966886819910941,-0.5126405472065716,0.0003698653724957064,-0.5130104125790673,0.00021405811631142784,-0.2969027401074055,-0.044916035776103834,-0.2969027401074056,6.177122676478255,-0.2969027401074058,524.625272238324,-167.737332785199,Validate
2020-07-01,951.7012,6.8593010902404785,6.233424649319124,0.6258764409213544,-0.2621418299243294,0.8880182708456839,1.5343833449953779,0.0003698653729581968,1.5340134796224196,0.00021405811657909232,0.8878042127291048,-0.2619277718077503,0.8878042127291047,5.971496877511374,0.8878042127291046,426.9313346681913,524.7698372068087,Validate
2020-08-01,618.6058,6.429083347320557,6.244810586383888,0.18427276093666833,-0.060034419821125146,0.24430718075779348,0.42213193300690016,0.000369865373083785,0.42176206763381635,0.00021405811665177598,0.2440931226411417,-0.05982036170447337,0.2440931226411417,6.184990224679415,0.24409312264114202,528.7769648089051,89.82880911687619,Validate
2020-09-01,1046.8713,6.9545159339904785,6.2561965234486525,0.698319410541826,-0.6336204423610039,1.33193985290283,2.301423736342067,0.0003698653731178882,2.3010538709689494,0.00021405811667151307,1.3317257947861585,-0.6334063842443324,1.3317257947861583,5.62279013920432,1.3317257947861583,300.94836060673305,745.9229772838919,Validate
2020-10-01,713.7759,6.571969032287598,6.267582460513418,0.30438657177418005,0.14860461062168628,0.15578196115249376,0.2691715412741107,0.00036986537312714884,0.2688016759009835,0.00021405811667687263,0.15556790303581688,0.14881866873836316,0.15556790303581688,6.41640112925178,0.15556790303581725,666.7187162734892,47.057162632760765,Validate
2020-11-01,380.68048,5.944583892822266,6.278968397578182,-0.3343845047559162,0.13859077247965124,-0.4729752772355674,-0.8172415048326631,0.00036986537312966354,-0.8176113702057928,0.000214058116678328,-0.4731893353522458,0.13880483059632956,-0.4731893353522457,6.417773228174512,-0.47318933535224605,667.6355212344896,-286.95504027745835,Validate
2020-12-01,1832.0248,7.513722896575928,6.290354334642947,1.2233685619329808,0.4637165665626528,0.759651995370328,1.31258264379933,0.0003698653731303464,1.3122127784261997,0.0002140581166787232,0.7594379372536493,0.46393062467933155,0.7594379372536493,6.754284959322279,0.759437937253649,935.1267008790475,896.89807939439,Validate
2021-01-01,142.75517,4.968111515045166,6.301740271707711,-1.333628756662545,0.1992327972949769,-1.532861553957522,-2.648591043443605,0.0003698653731305318,-2.6489609088167354,0.0002140581166788305,-1.5330756120742008,0.19944685541165572,-1.5330756120742008,6.501187127119366,-1.5330756120742004,725.8012085086186,-583.0460357791264,Validate
2021-02-01,237.9253,5.476150989532471,6.313126208772475,-0.8369752192400046,-0.04194352930759904,-0.7950316899324056,-1.3737142847456105,0.0003698653731305822,-1.374084150118741,0.00021405811667885968,-0.7952457480490844,-0.04172947119092018,-0.7952457480490844,6.271396737581555,-0.7952457480490844,576.5890385177013,-338.6637455489513,Validate
2021-03-01,142.75517,4.968111515045166,6.32451214583724,-1.3564006307920744,-0.12745016673170817,-1.2289504640603663,-2.123471088137389,0.00036986537313059585,-2.1238409535105194,0.00021405811667886757,-1.2291645221770453,-0.1272361086150293,-1.229164522177045,6.1972760372222115,-1.2291645221770455,535.3258521144093,-392.57067938491707,Validate
2021-04-01,523.43567,6.262322902679443,6.3358980829020055,-0.07357518022256215,0.04364531476605826,-0.11722049498862042,-0.20254220110963106,0.00036986537313059953,-0.20291206648276167,0.0002140581166788697,-0.11743455310529928,0.043859372882737134,-0.1174345531052993,6.379757455784743,-0.1174345531052996,642.6939163605692,-119.25824741525673,Validate
2021-05-01,475.8506,6.167203426361084,6.34728401996677,-0.18008059360568573,0.19286904685683837,-0.3729496404625241,-0.6444098456473697,0.00036986537313060056,-0.6447797110205002,0.0002140581166788703,-0.37316369857920295,0.19308310497351724,-0.37316369857920295,6.540367124940287,-0.3731636985792033,754.8424818445999,-278.9918959070999,Validate
2021-06-01,285.51035,5.657774448394775,6.358669957031534,-0.7008955086367585,-0.04513009389241526,-0.6557654147443432,-1.1330797615790937,0.00036986537313060084,-1.1334496269522243,0.00021405811667887047,-0.6559794728610221,-0.04491603577573639,-0.6559794728610221,6.313753921255797,-0.6559794728610218,601.5796124230304,-316.06926696404605,Validate
2021-07-01,356.88794,5.88021993637085,6.370055894096299,-0.4898359577254494,-0.2621418299243294,-0.22769412780112003,-0.3934266770418733,0.0003698653731306009,-0.3937965424150039,0.0002140581166788705,-0.2279081859177989,-0.26192777180765053,-0.22790818591779888,6.108128122288648,-0.2279081859177987,489.58276191682484,-132.69482246369984,Test
2021-08-01,571.0207,6.349174976348877,6.381441831161063,-0.032266854812186274,-0.060034419821125146,0.02776756500893887,0.04797884309319142,0.0,0.04797884309319142,4.1221151904399375e-18,0.027767565008938868,-0.06003441982112514,0.027767565008938865,6.321407411339938,0.027767565008939066,606.2091429463677,-35.188452028398956,Test
2021-09-01,452.05804,6.116020202636719,6.392827768225828,-0.27680756558910957,-0.6336204423610039,0.3568128767718943,0.6165275573410166,0.0,0.6165275573410166,4.1221151904399375e-18,0.3568128767718943,-0.6336204423610039,0.3568128767718943,5.759207325864825,0.3568128767718939,345.08111986183854,106.9769245717552,Test
2021-10-01,404.473,6.005054473876953,6.4042137052905925,-0.3991592314136394,0.14860461062168628,-0.5477638420353257,-0.9464666930887258,0.0,-0.9464666930887258,4.1221151904399375e-18,-0.5477638420353257,0.14860461062168628,-0.5477638420353257,6.552818315912279,-0.5477638420353257,764.3124548061684,-359.839462862809,Test
2021-11-01,452.05804,6.116020202636719,6.415599642355357,-0.299579439718638,0.13859077247965124,-0.4381702121982892,-0.7571027510840244,0.0,-0.7571027510840244,4.1221151904399375e-18,-0.4381702121982892,0.13859077247965124,-0.4381702121982892,6.554190414835008,-0.43817021219828955,765.3632599403969,-313.30521550680317,Test
2021-12-01,880.3236,6.7814249992370605,6.426985579420122,0.3544394198169387,0.4637165665626528,-0.1092771467457141,-0.18881709921977166,0.0,-0.18881709921977166,4.1221151904399375e-18,-0.1092771467457141,0.4637165665626528,-0.1092771467457141,6.890702145982774,-0.10927714674571387,1071.9509387691044,-191.62733037066687,Test
2022-01-01,927.9086,6.834010601043701,6.438371516484887,0.39563908455881425,0.1992327972949769,0.19640628726383735,0.3393652427252585,0.0,0.3393652427252585,4.1221151904399375e-18,0.19640628726383735,0.1992327972949769,0.19640628726383735,6.637604313779864,0.19640628726383724,832.030441536995,95.87818883409875,Test
2022-02-01,499.6431,6.215893268585205,6.449757453549651,-0.23386418496444605,-0.04194352930759904,-0.19192065565684702,-0.33161463819884907,0.0,-0.33161463819884907,4.1221151904399375e-18,-0.19192065565684702,-0.04194352930759903,-0.19192065565684702,6.407813924242052,-0.19192065565684668,661.0094272691664,-161.36633034533827,Test
2022-03-01,261.71783,5.571080684661865,6.461143390614415,-0.8900627059525501,-0.12745016673170817,-0.7626125392208419,-1.317698089421897,0.0,-1.317698089421897,4.1221151904399375e-18,-0.7626125392208419,-0.12745016673170817,-0.7626125392208419,6.333693223882707,-0.762612539220842,613.7152153356286,-351.99738086297236,Test
2022-04-01,499.6431,6.215893268585205,6.47252932767918,-0.25663605909397535,0.04364531476605826,-0.3002813738600336,-0.5188482647146262,0.0,-0.5188482647146262,4.1221151904399375e-18,-0.3002813738600336,0.04364531476605827,-0.3002813738600336,6.516174642445239,-0.3002813738600336,736.7761911827681,-237.13309425894,Test
2022-05-01,261.71783,5.571080684661865,6.483915264743945,-0.9128345800820794,0.19286904685683837,-1.1057036269389178,-1.9105161294264423,0.0,-1.9105161294264423,4.1221151904399375e-18,-1.1057036269389178,0.19286904685683837,-1.1057036269389178,6.676784311600783,-1.1057036269389178,865.3163861208103,-603.5985516481541,Test
2022-06-01,237.9253,5.476150989532471,6.49530120180871,-1.019150212276239,-0.04513009389241526,-0.9740201183838237,-1.6829836686978221,0.0,-1.6829836686978221,4.1221151904399375e-18,-0.9740201183838237,-0.045130093892415256,-0.9740201183838237,6.450171107916295,-0.974020118383824,689.6526223697052,-451.7273294009552,Test
2022-07-01,214.13277,5.371255397796631,6.506687138873474,-1.135431741076843,-0.2621418299243294,-0.8732899111525136,-1.5089346008036846,0.0,-1.5089346008036846,4.1221151904399375e-18,-0.8732899111525136,-0.2621418299243294,-0.8732899111525136,6.244545308949145,-0.8732899111525141,561.2863170640484,-347.15355034041556,Test
2022-08-01,190.34024,5.254053115844727,6.518073075938238,-1.2640199600935116,-0.060034419821125146,-1.2039855402723865,-2.0803348548784992,0.0,-2.0803348548784992,4.1221151904399375e-18,-1.2039855402723865,-0.06003441982112514,-1.2039855402723865,6.458038656117113,-1.2039855402723862,695.1077964499191,-504.76755597140345,Test
2022-09-01,333.0954,5.811426639556885,6.529459013003003,-0.7180323734461185,-0.6336204423610039,-0.08441193108511458,-0.14585314900396334,0.0,-0.14585314900396334,4.1221151904399375e-18,-0.08441193108511458,-0.6336204423610039,-0.08441193108511458,5.895838570641999,-0.08441193108511413,395.7492395963859,-62.653841647167155,Test
2022-10-01,666.1908,6.503076076507568,6.5408449500677674,-0.03776887356019909,0.14860461062168628,-0.18637348418188537,-0.32202982693712934,0.0,-0.32202982693712934,4.1221151904399375e-18,-0.18637348418188537,0.14860461062168628,-0.18637348418188537,6.689449560689454,-0.18637348418188537,876.358275479483,-210.16747958104554,Test
2022-11-01,689.98334,6.538115501403809,6.5522308871325325,-0.01411538572872395,0.13859077247965124,-0.1527061582083752,-0.26385694250414526,0.0,-0.26385694250414526,4.1221151904399375e-18,-0.1527061582083752,0.13859077247965124,-0.1527061582083752,6.690821659612184,-0.15270615820837552,877.5629240836482,-187.57958668130448,Test
2022-12-01,1070.6638,6.976967811584473,6.563616824197297,0.4133509873871759,0.4637165665626528,-0.050365579175476904,-0.08702535565434016,0.0,-0.08702535565434016,4.1221151904399375e-18,-0.05036557917547691,0.4637165665626528,-0.050365579175476904,7.027333390759949,-0.05036557917547668,1229.036672473825,-158.3728541144501,Test
2023-01-01,713.7759,6.571969032287598,6.575002761262062,-0.0030337289744641893,0.1992327972949769,-0.20226652626944108,-0.34949099511470816,0.0,-0.34949099511470816,4.1221151904399375e-18,-0.20226652626944108,0.1992327972949769,-0.20226652626944108,6.774235558557039,-0.2022665262694412,953.9905362430273,-240.21465733677735,Test
2023-02-01,689.98334,6.538115501403809,6.586388698326826,-0.04827319692301746,-0.04194352930759904,-0.006329667615418422,-0.010936865701203996,0.0,-0.010936865701203996,4.1221151904399375e-18,-0.006329667615418426,-0.04194352930759903,-0.006329667615418429,6.544445169019227,-0.006329667615418089,757.9311343523622,-67.94779695001841,Test
2023-03-01,856.53107,6.75405740737915,6.597774635391591,0.15628277198755924,-0.12745016673170817,0.2837329387192674,0.49025466016914004,0.0,0.49025466016914004,4.1221151904399375e-18,0.2837329387192674,-0.12745016673170817,0.2837329387192674,6.470324468659883,0.2837329387192673,703.7127978264282,152.81826906810306,Test
2023-04-01,808.946,6.696967601776123,6.609160572456355,0.0878070293197677,0.04364531476605826,0.04416171455370943,0.07630586162728509,0.0,0.07630586162728509,4.1221151904399375e-18,0.04416171455370942,0.04364531476605827,0.04416171455370942,6.652805887222414,0.04416171455370943,844.7905561590213,-35.84457227230257,Test
2023-05-01,666.1908,6.503076076507568,6.62054650952112,-0.1174704330135512,0.19286904685683837,-0.31033947987038957,-0.5362274007652739,0.0,-0.5362274007652739,4.1221151904399375e-18,-0.31033947987038957,0.19286904685683837,-0.31033947987038957,6.813415556377958,-0.31033947987038957,992.1497204485926,-325.9589245501551,Test
2023-06-01,428.26553,6.062075614929199,6.631932446585885,-0.5698568316566854,-0.04513009389241526,-0.5247267377642701,-0.9066614883188207,0.0,-0.9066614883188207,4.1221151904399375e-18,-0.5247267377642701,-0.045130093892415256,-0.5247267377642701,6.58680235269347,-0.5247267377642704,790.7678458155199,-362.50231236825425,Test
2023-07-01,452.05804,6.116020202636719,6.643318383650649,-0.5272981810139301,-0.2621418299243294,-0.26515635108960073,-0.45815666443909386,0.0,-0.45815666443909386,4.1221151904399375e-18,-0.26515635108960073,-0.2621418299243294,-0.26515635108960073,6.38117655372632,-0.2651563510896011,643.6080295269321,-191.54998509333836,Test
2023-08-01,618.6058,6.429083347320557,6.654704320715414,-0.22562097339485732,-0.060034419821125146,-0.16558655357373217,-0.28611263788160424,0.0,-0.28611263788160424,4.1221151904399375e-18,-0.16558655357373217,-0.06003441982112514,-0.16558655357373217,6.594669900894289,-0.16558655357373198,797.0216864441421,-178.41591251836087,Test
2023-09-01,428.26553,6.062075614929199,6.666090257780178,-0.6040146428509789,-0.6336204423610039,0.029605799510024955,0.051155079996488786,0.0,0.051155079996488786,4.1221151904399375e-18,0.02960579951002495,-0.6336204423610039,0.029605799510024955,6.032469815419175,0.02960579951002451,453.83544200027853,-25.569908553012908,Test
2023-10-01,666.1908,6.503076076507568,6.677476194844942,-0.174400118337374,0.14860461062168628,-0.3230047289590603,-0.5581113505666303,0.0,-0.5581113505666303,4.1221151904399375e-18,-0.3230047289590603,0.14860461062168628,-0.3230047289590603,6.826080805466629,-0.3230047289590603,1004.8082012363044,-338.6174053378669,Test
2023-11-01,1118.2489,7.020412921905518,6.6888621319097075,0.3315507899958101,0.13859077247965124,0.19296001751615888,0.3334105241380345,0.0,0.3334105241380345,4.1221151904399375e-18,0.19296001751615888,0.13859077247965124,0.19296001751615888,6.827452904389359,0.19296001751615854,1006.1892168140226,112.05968455316486,Test
2023-12-01,880.3236,6.7814249992370605,6.700248068974473,0.08117693026258799,0.4637165665626528,-0.3825396363000648,-0.6609801464787751,0.0,-0.6609801464787751,4.1221151904399375e-18,-0.3825396363000648,0.4637165665626528,-0.3825396363000648,7.163964635537125,-0.3825396363000646,1409.1205944851429,-528.7969860867054,Test
2024-01-01,927.9086,6.834010601043701,6.711634006039237,0.1223765950044644,0.1992327972949769,-0.07685620229051249,-0.13279780453374346,0.0,-0.13279780453374346,4.1221151904399375e-18,-0.07685620229051249,0.1992327972949769,-0.07685620229051249,6.910866803334214,-0.0768562022905126,1093.8062385703856,-165.89760819929188,Test
2024-02-01,666.1908,6.503076076507568,6.723019943104001,-0.2199438665964326,-0.04194352930759904,-0.17800033728883358,-0.307562087297422,0.0,-0.307562087297422,4.1221151904399375e-18,-0.17800033728883358,-0.04194352930759903,-0.17800033728883358,6.681076413796402,-0.17800033728883324,869.0426957140247,-202.85189981558722,Test
2024-03-01,333.0954,5.811426639556885,6.734405880168766,-0.9229792406118813,-0.12745016673170817,-0.7955290738801731,-1.3745737013483745,0.0,-1.3745737013483745,4.1221151904399375e-18,-0.7955290738801731,-0.12745016673170817,-0.7955290738801731,6.606955713437058,-0.7955290738801732,806.886505866301,-473.7911079170823,Test
2024-04-01,547.22815,6.306691646575928,6.74579181723353,-0.43910017065760254,0.04364531476605826,-0.4827454854236608,-0.8341231898307335,0.0,-0.8341231898307335,4.1221151904399375e-18,-0.4827454854236608,0.04364531476605827,-0.4827454854236608,6.7894371319995885,-0.4827454854236608,968.6187996266893,-421.39065021262684,Test
2024-05-01,309.3029,5.737548828125,6.757177754298295,-1.0196289261732954,0.19286904685683837,-1.2124979730301337,-2.095043262889566,0.0,-2.095043262889566,4.1221151904399375e-18,-1.2124979730301337,0.19286904685683837,-1.2124979730301337,6.950046801155134,-1.2124979730301337,1137.5521306410676,-828.249243678177,Forecast
2024-06-01,,,6.76856369136306,,-0.04513009389241526,,,0.0,,4.1221151904399375e-18,,-0.045130093892415256,,6.7234335974706445,,906.6868766767271,,Forecast
2024-07-01,,,6.779949628427824,,-0.2621418299243294,,,0.0,,4.1221151904399375e-18,,-0.2621418299243294,,6.517807798503495,,737.9820792727267,,Forecast
2024-08-01,,,6.791335565492589,,-0.060034419821125146,,,0.0,,4.1221151904399375e-18,,-0.06003441982112514,,6.7313011456714635,,913.8563128914313,,Forecast
2024-09-01,,,6.802721502557353,,-0.6336204423610039,,,0.0,,4.1221151904399375e-18,,-0.6336204423610039,,6.169101060196349,,520.4257738969912,,Forecast
2024-10-01,,,6.814107439622118,,0.14860461062168628,,,0.0,,4.1221151904399375e-18,,0.14860461062168628,,6.9627120502438045,,1152.0638804556058,,Forecast
2024-11-01,,,6.825493376686882,,0.13859077247965124,,,0.0,,4.1221151904399375e-18,,0.13859077247965124,,6.964084149166534,,1153.6470840714194,,Forecast
2024-12-01,,,6.836879313751647,,0.4637165665626528,,,0.0,,4.1221151904399375e-18,,0.4637165665626528,,7.300595880314299,,1615.5697620966196,,Forecast
2025-01-01,,,6.848265250816412,,0.1992327972949769,,,0.0,,4.1221151904399375e-18,,0.1992327972949769,,7.047498048111389,,1254.091704602625,,Forecast
2025-02-01,,,6.859651187881177,,-0.04194352930759904,,,0.0,,4.1221151904399375e-18,,-0.04194352930759903,,6.817707658573577,,996.4215816185953,,Forecast
2025-03-01,,,6.871037124945941,,-0.12745016673170817,,,0.0,,4.1221151904399375e-18,,-0.12745016673170817,,6.743586958214233,,925.1653944329489,,Forecast
2025-04-01,,,6.882423062010705,,0.04364531476605826,,,0.0,,4.1221151904399375e-18,,0.04364531476605827,,6.9260683767767635,,1110.5761576471632,,Forecast
2025-05-01,,,6.89380899907547,,0.19286904685683837,,,0.0,,4.1221151904399375e-18,,0.19286904685683837,,7.086678045932309,,1304.2422283337016,,Forecast
2025-06-01,,,6.905194936140235,,-0.04513009389241526,,,0.0,,4.1221151904399375e-18,,-0.045130093892415256,,6.86006484224782,,1039.5770712279198,,Forecast
2025-07-01,,,6.916580873205,,-0.2621418299243294,,,0.0,,4.1221151904399375e-18,,-0.2621418299243294,,6.654439043280671,,846.1729926898573,,Forecast
2025-08-01,,,6.927966810269764,,-0.060034419821125146,,,0.0,,4.1221151904399375e-18,,-0.06003441982112514,,6.8679323904486385,,1047.7961511004478,,Forecast
2025-09-01,,,6.939352747334528,,-0.6336204423610039,,,0.0,,4.1221151904399375e-18,,-0.6336204423610039,,6.3057323049735245,,596.7652851509982,,Forecast
2025-10-01,,,6.950738684399293,,0.14860461062168628,,,0.0,,4.1221151904399375e-18,,0.14860461062168628,,7.099343295020979,,1320.878575634096,,Forecast
2025-11-01,,,6.962124621464058,,0.13859077247965124,,,0.0,,4.1221151904399375e-18,,0.13859077247965124,,7.10071539394371,,1322.6935686939644,,Forecast
2025-12-01,,,6.973510558528822,,0.4637165665626528,,,0.0,,4.1221151904399375e-18,,0.4637165665626528,,7.437227125091475,,1852.2441877279875,,Forecast
2026-01-01,,,6.984896495593587,,0.1992327972949769,,,0.0,,4.1221151904399375e-18,,0.1992327972949769,,7.184129292888564,,1437.8438168011487,,Forecast
2026-02-01,,,6.996282432658352,,-0.04194352930759904,,,0.0,,4.1221151904399375e-18,,-0.04194352930759903,,6.954338903350752,,1142.449415045187,,Forecast
2026-03-01,,,7.007668369723116,,-0.12745016673170817,,,0.0,,4.1221151904399375e-18,,-0.12745016673170817,,6.880218202991408,,1060.7609424300697,,Forecast
2026-04-01,,,7.019054306787881,,0.04364531476605826,,,0.0,,4.1221151904399375e-18,,0.04364531476605827,,7.062699621553939,,1273.3168291759068,,Forecast
2026-05-01,,,7.030440243852645,,0.19286904685683837,,,0.0,,4.1221151904399375e-18,,0.19286904685683837,,7.223309290709484,,1495.33664438911,,Forecast
2026-06-01,,,7.041826180917409,,-0.04513009389241526,,,0.0,,4.1221151904399375e-18,,-0.045130093892415256,,6.996696087024994,,1191.9230982491256,,Forecast
2026-07-01,,,7.0532121179821745,,-0.2621418299243294,,,0.0,,4.1221151904399375e-18,,-0.2621418299243294,,6.7910702880578455,,970.2036322307287,,Forecast
2026-08-01,,,7.06459805504694,,-0.060034419821125146,,,0.0,,4.1221151904399375e-18,,-0.06003441982112514,,7.004563635225814,,1201.3454952030825,,Forecast
2026-09-01,,,7.075983992111704,,-0.6336204423610039,,,0.0,,4.1221151904399375e-18,,-0.6336204423610039,,6.4423635497507,,684.2813075600749,,Forecast
2026-10-01,,,7.087369929176468,,0.14860461062168628,,,0.0,,4.1221151904399375e-18,,0.14860461062168628,,7.235974539798154,,1514.4086415663262,,Forecast
2026-11-01,,,7.098755866241232,,0.13859077247965124,,,0.0,,4.1221151904399375e-18,,0.13859077247965124,,7.237346638720884,,1516.4893592797412,,Forecast
2026-12-01,,,7.110141803305997,,0.4637165665626528,,,0.0,,4.1221151904399375e-18,,0.4637165665626528,,7.57385836986865,,2123.569010181876,,Forecast
2027-01-01,,,7.121527740370762,,0.1992327972949769,,,0.0,,4.1221151904399375e-18,,0.1992327972949769,,7.320760537665739,,1648.4982171859458,,Forecast
2027-02-01,,,7.132913677435527,,-0.04194352930759904,,,0.0,,4.1221151904399375e-18,,-0.04194352930759903,,7.090970148127927,,1309.8565012654271,,Forecast
2027-03-01,,,7.144299614500291,,-0.12745016673170817,,,0.0,,4.1221151904399375e-18,,-0.12745016673170817,,7.016849447768583,,1216.2084010547696,,Forecast
