,DataOriginal,DataLog,Linear,DataLinear,MonthlyAverage,DataSeasons,DataNormalised,Purpose,ModelledNormalised,ResidualsNormalised,ModelledSeasons,ResidualsSeasons,ModelledLinear,ResidualsLinear,ModelledLog,ResidualsLog,ModelledOriginal,ResidualsOriginal
2010-04-01,1352.265,7.210275650024414,6.644423240579904,0.5658524094445099,0.1311907096815281,0.43466169976298175,1.3686926153584595,Train,1.3686926153584595,0.0,0.43466169976298175,0.0,0.5658524094445099,0.0,7.210275650024414,0.0,1368.8973219607471,-16.63230731230965
2010-05-01,1183.2319,7.076849937438965,6.646162587866517,0.43068734957244814,0.10911404566992615,0.321573303902522,1.0125921068909598,Train,1.0125921068909598,0.0,0.321573303902522,0.0,0.43068734957244814,0.0,7.076849937438965,0.0,1197.7868378615676,-14.55490426781762
2010-06-01,777.5524,6.657436370849609,6.64790193515313,0.009534435696479271,0.07070729844706097,-0.0611728627505817,-0.19262531194423957,Train,-0.19262531194423957,0.0,-0.06117286275058171,6.938893903907228e-18,0.009534435696479264,6.938893903907228e-18,6.657436370849609,0.0,787.1211245195702,-9.56869532035148
2010-07-01,709.93915,6.566586971282959,6.649641282439743,-0.08305431115678363,0.033727300983446104,-0.11678161214022974,-0.3677299615612486,Train,-0.3677299615612486,0.0,-0.11678161214022974,0.0,-0.08305431115678363,0.0,6.566586971282959,0.0,718.6769205154116,-8.737772566192803
2010-08-01,1115.6187,7.018060207366943,6.651380629726356,0.36667957764058734,0.14211153505330565,0.2245680425872817,0.7071352771645637,Train,0.7071352771645637,0.0,0.2245680425872817,0.0,0.36667957764058734,0.0,7.018060207366943,0.0,1129.3421187980382,-13.7234664542882
2010-09-01,777.5524,6.657436370849609,6.6531199770129685,0.004316393836640842,0.045194808031593925,-0.04087841419495308,-0.12872075838912395,Train,-0.12872075838912395,0.0,-0.04087841419495308,0.0,0.004316393836640842,0.0,6.657436370849609,0.0,787.1211245195702,-9.56869532035148
2010-10-01,1217.0386,7.104997158050537,6.654859324299582,0.4501378337509552,0.22731182880986145,0.22282600494109372,0.7016498293707645,Train,0.7016498293707645,0.0,0.22282600494109372,0.0,0.4501378337509552,0.0,7.104997158050537,0.0,1232.0087215346975,-14.970147315947543
2010-11-01,845.16565,6.740715026855469,6.6565986715861944,0.0841163552692743,-0.058151051630285555,0.14226740689955986,0.4479813826150417,Train,0.4479813826150417,0.0,0.14226740689955986,0.0,0.0841163552692743,0.0,6.740715026855469,0.0,855.5652057768652,-10.399556362802741
2010-12-01,642.32587,6.466651439666748,6.658338018872808,-0.1916865792060598,-0.011157164511380824,-0.18052941469467898,-0.5684634208220515,Train,-0.5684634208220515,0.0,-0.18052941469467898,0.0,-0.1916865792060598,0.0,6.466651439666748,0.0,650.2325891384396,-7.906722439220857
2011-01-01,709.93915,6.566586971282959,6.66007736615942,-0.09349039487646138,-0.12131444001683533,0.027824045140373954,0.0876142644585351,Train,0.0876142644585351,0.0,0.02782404514037395,3.469446951953614e-18,-0.09349039487646138,0.0,6.566586971282959,0.0,718.6769205154116,-8.737772566192803
2011-02-01,912.77893,6.817588806152344,6.661816713446034,0.15577209270630998,-0.0452775340800291,0.2010496267863391,0.6330788741062023,Train,0.6330788741062023,0.0,0.2010496267863391,0.0,0.15577209270630998,0.0,6.817588806152344,0.0,924.0097006693018,-11.230770005239265
2011-03-01,743.7458,6.613042831420898,6.663556060732646,-0.05051322931174784,-0.028071187396915387,-0.022442041914832456,-0.07066704303403216,Train,-0.07066704303403216,0.0,-0.022442041914832456,0.0,-0.05051322931174784,0.0,6.613042831420898,0.0,752.898881754823,-9.153093180604287
2011-04-01,676.1325,6.517867088317871,6.66529540801926,-0.1474283197013886,0.1311907096815281,-0.2786190293829167,-0.8773347369291661,Train,-0.8773347369291661,0.0,-0.2786190293829167,0.0,-0.14742831970138862,2.7755575615628914e-17,6.517867088317871,0.0,684.4547638605418,-8.322256536323039
2011-05-01,946.5855,6.853917121887207,6.667034755305872,0.18688236658133484,0.10911404566992615,0.07776832091140869,0.244882230475594,Train,0.244882230475594,0.0,0.07776832091140869,0.0,0.18688236658133484,0.0,6.853917121887207,0.0,958.2315933924244,-11.64608313851818
2011-06-01,878.9723,6.779890537261963,6.668774102592486,0.1111164346694773,0.07070729844706097,0.04040913622241632,0.1272430636764044,Train,0.1272430636764044,0.0,0.04040913622241632,0.0,0.1111164346694773,0.0,6.779890537261963,0.0,889.7875470539276,-10.815257014865097
2011-07-01,1014.1988,6.922839641571045,6.670513449879098,0.2523261916919468,0.033727300983446104,0.2185988907085007,0.6883392017318867,Train,0.6883392017318867,0.0,0.2185988907085007,0.0,0.2523261916919468,0.0,6.922839641571045,0.0,1026.6758343863953,-12.477042882489059
2011-08-01,743.7458,6.613042831420898,6.6722527971657115,-0.059209965744813076,0.14211153505330565,-0.20132150079811872,-0.6339349696684144,Train,-0.6339349696684144,0.0,-0.20132150079811872,0.0,-0.059209965744813076,0.0,6.613042831420898,0.0,752.898881754823,-9.153093180604287
2011-09-01,1419.8783,7.259030342102051,6.673992144452324,0.5850381976497268,0.045194808031593925,0.5398433896181328,1.699895944876957,Train,1.699895944876957,0.0,0.5398433896181328,0.0,0.5850381976497268,0.0,7.259030342102051,0.0,1437.3411661839837,-17.46287028554616
2011-10-01,1555.1049,7.349941253662109,6.6757314917389365,0.6742097619231728,0.22731182880986145,0.4468979331133114,1.4072229073890927,Train,1.4072229073890927,0.0,0.44689793311331144,-5.551115123125783e-17,0.6742097619231728,0.0,7.349941253662109,0.0,1574.230157260084,-19.12529886164657
2011-11-01,845.16565,6.740715026855469,6.67747083902555,0.06324418782991881,-0.058151051630285555,0.12139523946020436,0.3822576681576859,Train,0.3822576681576859,0.0,0.12139523946020438,-1.3877787807814457e-17,0.06324418782991882,-1.3877787807814457e-17,6.740715026855469,0.0,855.5652057768652,-10.399556362802741
2011-12-01,845.16565,6.740715026855469,6.6792101863121625,0.061504840543306294,-0.011157164511380824,0.07266200505468712,0.22880311237387566,Train,0.22880311237387566,0.0,0.07266200505468712,0.0,0.061504840543306294,0.0,6.740715026855469,0.0,855.5652057768652,-10.399556362802741
2012-01-01,507.0994,6.230677127838135,6.680949533598776,-0.4502724057606411,-0.12131444001683533,-0.32895796574380576,-1.0358454373191894,Train,-1.0358454373191894,0.0,-0.32895796574380576,0.0,-0.4502724057606411,0.0,6.230677127838135,0.0,513.3441255271074,-6.244729775154269
2012-02-01,811.359,6.699942588806152,6.682688880885388,0.017253707920763972,-0.0452775340800291,0.06253124200079307,0.19690266982885252,Train,0.19690266982885252,0.0,0.06253124200079307,0.0,0.017253707920763972,0.0,6.699942588806152,0.0,821.3433489703087,-9.984340181246239
2012-03-01,1183.2319,7.076849937438965,6.684428228172002,0.39242170926696307,-0.028071187396915387,0.42049289666387846,1.3240769149625298,Train,1.3240769149625298,0.0,0.42049289666387846,0.0,0.39242170926696307,0.0,7.076849937438965,0.0,1197.7868378615676,-14.55490426781762
2012-04-01,777.5524,6.657436370849609,6.686167575458614,-0.028731204609004912,0.1311907096815281,-0.159921914290533,-0.5035731081040659,Train,0.2980620861053467,-0.8016351942094125,0.09465688024298981,-0.25457879453352283,0.22584758992451792,-0.25457879453352283,6.912015165383132,-0.25457879453352295,1015.6117711631244,-238.0593419639057
2012-05-01,676.1325,6.517867088317871,6.687906922745228,-0.1700398344273566,0.10911404566992615,-0.27915388009728276,-0.8790189115952827,Train,0.26791805028915405,-1.1469369618844367,0.0850839069555209,-0.36423778705280363,0.19419795262544703,-0.36423778705280363,6.882104875370675,-0.3642377870528035,985.654861503304,-309.52235417908526
2012-06-01,946.5855,6.853917121887207,6.68964627003184,0.16427085185536683,0.07070729844706097,0.09356355340830586,0.29461934347211916,Train,0.13763999938964844,0.15697934408247072,0.043710936567310815,0.04985261684099504,0.11441823501437179,0.04985261684099504,6.804064505046212,0.049852616840994735,911.583806118789,35.00170413511728
2012-07-01,709.93915,6.566586971282959,6.691385617318454,-0.12479864603549462,0.033727300983446104,-0.15852594701894074,-0.4991773904759603,Train,0.09752616286277771,-0.596703553338738,0.030971810065764258,-0.189497757084705,0.06469911104921036,-0.18949775708470498,6.756084728367664,-0.1894977570847054,868.8320498668866,-158.8929019176678
2012-08-01,743.7458,6.613042831420898,6.693124964605066,-0.08008213318416768,0.14211153505330565,-0.22219366823747333,-0.6996586841257675,Train,-0.01039467565715313,-0.6892640084686144,-0.0033010826089974682,-0.21889258562847586,0.13881045244430817,-0.21889258562847586,6.831935417049374,-0.2188925856284758,937.3761069747605,-193.6303184005418
2012-09-01,743.7458,6.613042831420898,6.6948643118916795,-0.08182148047078108,0.045194808031593925,-0.127016288502375,-0.3999576134686758,Train,-0.17015202343463898,-0.22980559003403683,-0.05403592223286833,-0.07298036626950669,-0.008841114201274404,-0.07298036626950669,6.686023197690405,-0.07298036626950655,809.9761262065018,-66.23033763228307
2012-10-01,845.16565,6.740715026855469,6.696603659178292,0.044111367677176716,0.22731182880986145,-0.18320046113268473,-0.5768741953093631,Train,-0.3108462989330292,-0.26602789637633395,-0.09871681862174468,-0.08448364251094005,0.12859501018811675,-0.08448364251094004,6.825198669366409,-0.0844836425109401,931.0757496968074,-85.9101002827449
2012-11-01,709.93915,6.566586971282959,6.698343006464905,-0.13175603518194645,-0.058151051630285555,-0.0736049835516609,-0.2317724278345054,Train,-0.4499008059501648,0.21812837811565938,-0.1428769665625897,0.0692719830109288,-0.20102801819287525,0.0692719830109288,6.49731498827203,0.06927198301092918,670.5110065284413,39.42814142077748
2012-12-01,439.48615,6.087879180908203,6.700082353751518,-0.6122031728433148,-0.011157164511380824,-0.601046008331934,-1.8926149544419981,Train,-0.5355048775672913,-1.3571100768747069,-0.17006262597084715,-0.43098338236108685,-0.18121979048222797,-0.43098338236108685,6.51886256326929,-0.43098338236108713,685.1374566537061,-245.65131163417482
2013-01-01,642.32587,6.466651439666748,6.701821701038131,-0.2351702613713833,-0.12131444001683533,-0.11385582135454797,-0.3585170305746213,Train,-0.7068303227424622,0.34831329216784085,-0.2244711968777531,0.11061537552320513,-0.3457856368945884,0.1106153755232051,6.356036064143543,0.11061537552320466,582.0374859527707,60.28838074644807
2013-02-01,777.5524,6.657436370849609,6.703561048324744,-0.04612467747513449,-0.0452775340800291,-0.0008471433951053875,-0.0026675433093430847,Train,-0.7746071219444275,0.7719395786350844,-0.24599537141851002,0.24514822802340464,-0.2912729054985391,0.24514822802340464,6.412288142826204,0.24514822802340497,615.7745507971207,161.77787840209805
2013-03-01,980.39215,6.888972282409668,6.705300395611356,0.1836718867983116,-0.028071187396915387,0.21174307419522698,0.6667511357967305,Train,-0.7805594205856323,1.4473105563823627,-0.24788566893005567,0.4596287431252827,-0.2759568563269711,0.4596287431252827,6.429343539284385,0.45962874312528257,626.3841031671471,354.0080477117591
2013-04-01,709.93915,6.566586971282959,6.70703974289797,-0.1404527716150108,0.1311907096815281,-0.2716434812965389,-0.8553696519927448,Train,-0.6759048700332642,-0.17946478195948068,-0.2146500656100877,-0.05699341568645122,-0.0834593559285596,-0.05699341568645119,6.62358038696941,-0.05699341568645089,760.8851370040353,-50.94598905481655
2013-05-01,405.6795,6.008025169372559,6.708779090184582,-0.7007539208120237,0.10911404566992615,-0.8098679664819498,-2.550167879395984,Train,-0.6757194399833679,-1.8744484394126162,-0.2145911777781738,-0.595276788703776,-0.10547713210824765,-0.5952767887037761,6.603301958076335,-0.5952767887037762,745.590899084341,-339.91139468980975
2013-06-01,608.5193,6.412670612335205,6.710518437471196,-0.2978478251359906,0.07070729844706097,-0.3685551235830516,-1.1605316876911729,Train,-0.7876937985420227,-0.37283788914915017,-0.2501513645394851,-0.11840375904356648,-0.17944406609242414,-0.11840375904356648,6.531074371378772,-0.11840375904356648,693.5678057471225,-85.04851863774752
2013-07-01,574.71265,6.3556084632873535,6.712257784757808,-0.3566493214704547,0.033727300983446104,-0.3903766224539008,-1.2292447221657323,Train,-0.8554657697677612,-0.3737789523979711,-0.2716740058387168,-0.118702616615184,-0.2379467048552707,-0.118702616615184,6.474311079902537,-0.11870261661518366,655.239949287868,-80.52730280349294
2013-08-01,811.359,6.699942588806152,6.713997132044422,-0.014054543238269268,0.14211153505330565,-0.15616607829157492,-0.4917464737374434,Train,-0.9142133593559265,0.4224668856184831,-0.29033073479365623,0.13416465650208131,-0.14821919974035058,0.13416465650208131,6.565777932304071,0.13416465650208131,718.0949093011337,93.26409948792877
2013-09-01,473.29276,6.161824703216553,6.715736479331034,-0.5539117761144814,0.045194808031593925,-0.5991065841460753,-1.8865079623544048,Train,-0.9123870730400085,-0.9741208893143962,-0.2897507530611451,-0.3093558310849302,-0.2445559450295512,-0.3093558310849302,6.4711805343014825,-0.3093558310849298,653.1887725277617,-179.89601740080855
2013-10-01,439.48615,6.087879180908203,6.7174758266176475,-0.6295966457094444,0.22731182880986145,-0.8569084745193059,-2.698292262125237,Train,-0.9608151316642761,-1.7374771304609609,-0.3051302634359655,-0.5517782110833404,-0.07781843462610405,-0.5517782110833404,6.639657391991544,-0.5517782110833407,773.2329602251378,-333.7468152056066
2013-11-01,507.0994,6.230677127838135,6.71921517390426,-0.4885380460661253,-0.058151051630285555,-0.4303869944358397,-1.3552321296122272,Train,-1.0012296438217163,-0.35400248579051086,-0.31796487681250074,-0.11242211762333898,-0.3761159284427863,-0.11242211762333898,6.343099245461474,-0.11242211762333909,574.5434149488509,-67.44401919689778
2013-12-01,540.906,6.295092582702637,6.720954521190873,-0.4258619384882367,-0.011157164511380824,-0.4147047739768559,-1.3058508766830208,Train,-0.9864981770515442,-0.3193526996314766,-0.31328654048301896,-0.10141823349383694,-0.3244437049943998,-0.10141823349383694,6.396510816196473,-0.1014182334938365,606.1198601292596,-65.21385426988456
2014-01-01,540.906,6.295092582702637,6.722693868477486,-0.42760128577484924,-0.12131444001683533,-0.3062868457580139,-0.964457057520879,Train,-0.9652678966522217,0.0008108391313427221,-0.30654434748711573,0.0002575017291018278,-0.42785878750395107,0.0002575017291018278,6.2948350809735345,0.00025750172910221636,547.4249811763709,-6.51897531699592
2014-02-01,777.5524,6.657436370849609,6.724433215764099,-0.06699684491448998,-0.0452775340800291,-0.02171931083446088,-0.06839125776669892,Train,-0.9524319767951965,0.8840407190284976,-0.30246798828091465,0.28074867744645376,-0.34774552236094375,0.28074867744645376,6.376687693403156,0.2807486774464536,594.2033500327628,183.3490791664559
2014-03-01,743.7458,6.613042831420898,6.726172563050712,-0.11312973162981343,-0.028071187396915387,-0.08505854423289805,-0.2678381864060969,Train,-0.8677026629447937,0.5998644765386968,-0.27556012952234166,0.1905015852894436,-0.30363131691925704,0.1905015852894436,6.422541246131455,0.19050158528944383,622.1309346274526,121.61485394676617
2014-04-01,473.29276,6.161824703216553,6.727911910337325,-0.5660872071207725,0.1311907096815281,-0.6972779168023007,-2.1956365976119936,Train,-0.776140570640564,-1.4194960269714296,-0.24648235542739755,-0.4507955613749031,-0.11529164574586945,-0.45079556137490306,6.612620264591456,-0.4507955613749033,752.5803763942794,-279.28762126732624
2014-05-01,878.9723,6.779890537261963,6.729651257623938,0.0502392796380251,0.10911404566992615,-0.058874766031901046,-0.18538890714953857,Train,-0.8136816620826721,0.6282927549331335,-0.2584044440206137,0.19952967798871263,-0.14929039835068753,0.19952967798871263,6.5803608592732505,0.19952967798871235,728.658252880426,150.31403715863655
2014-06-01,574.71265,6.3556084632873535,6.731390604910551,-0.3757821416231977,0.07070729844706097,-0.44648944007025865,-1.405936616437402,Train,-0.7698991298675537,-0.6360374865698484,-0.24450023378450692,-0.20198920628575173,-0.17379293533744594,-0.20198920628575173,6.557597669573105,-0.20198920628575134,712.236518272095,-137.52387178772005
2014-07-01,709.93915,6.566586971282959,6.733129952197164,-0.16654298091420472,0.033727300983446104,-0.20027028189765084,-0.6306248193906693,Train,-0.7676598429679871,0.13703502357731778,-0.2437890936504106,0.04351881175275976,-0.2100617926669645,0.04351881175275979,6.523068159530199,0.043518811752759845,688.0291501614568,21.909997787761995
2014-08-01,608.5193,6.412670612335205,6.734869299483776,-0.32219868714857114,0.14211153505330565,-0.4643102222018768,-1.4620519192505048,Train,-0.7510553002357483,-0.7109966190147565,-0.23851591639585829,-0.2257943058060185,-0.09640438134255264,-0.2257943058060185,6.638464918141223,-0.22579430580601834,772.3102579245354,-163.79097081516045
2014-09-01,676.1325,6.517867088317871,6.73660864677039,-0.21874155845251853,0.045194808031593925,-0.26393636648411245,-0.8311009595009977,Train,-0.7774752974510193,-0.05362566204997843,-0.24690623045794982,-0.01703013602616263,-0.2017114224263559,-0.01703013602616263,6.534897224344034,-0.01703013602616288,696.2281180945098,-20.095610770291046
2014-10-01,777.5524,6.657436370849609,6.738347994057002,-0.08091162320739276,0.22731182880986145,-0.3082234520172542,-0.9705551763275844,Train,-0.7717245221138,-0.19883065421378432,-0.24507993158340224,-0.06314352043385196,-0.017768102773540795,-0.06314352043385196,6.720579891283461,-0.06314352043385174,838.4906255917509,-60.93819639253218
2014-11-01,1048.0054,6.955597877502441,6.7400873413436155,0.21551053615882587,-0.058151051630285555,0.2736615877891114,0.8617244043320863,Train,-0.7744762301445007,1.636200634476587,-0.24595380353715904,0.5196153913262704,-0.30410485516744457,0.5196153913262704,6.4359824861761705,0.5196153913262709,630.5631297271002,417.4422413666498
2014-12-01,912.77893,6.817588806152344,6.741826688630228,0.0757621175221157,-0.011157164511380824,0.08691928203349653,0.273697405399135,Train,-0.6536317467689514,0.9273291521680864,-0.20757669244473234,0.29449597447822884,-0.21873385695611317,0.29449597447822884,6.523092831674115,0.29449597447822917,688.0461501975243,224.7327804665382
2015-01-01,507.0994,6.230677127838135,6.7435660359168415,-0.5128889080787067,-0.12131444001683533,-0.39157446806187135,-1.233016580691254,Train,-0.5407577753067017,-0.6922588053845524,-0.17173081167921767,-0.21984365638265368,-0.293045251696053,-0.21984365638265368,6.450520784220789,-0.21984365638265402,639.8120516272558,-132.71265587530263
2015-02-01,1217.0386,7.104997158050537,6.745305383203454,0.35969177484708315,-0.0452775340800291,0.40496930892711225,1.2751951756448792,Train,-0.5335402488708496,1.8087354245157288,-0.16943871024352014,0.5744080191706324,-0.21471624432354924,0.5744080191706324,6.530589138879905,0.5744080191706322,693.2308606300792,523.8077135886708
2015-03-01,676.1325,6.517867088317871,6.747044730490067,-0.22917764217219627,-0.028071187396915387,-0.20110645477528089,-0.6332578179810657,Train,-0.34624212980270386,-0.28701568817836187,-0.1099576274327913,-0.09114882734248958,-0.1380288148297067,-0.09114882734248958,6.60901591566036,-0.09114882734248919,749.8690989004542,-73.73659157623547
2015-04-01,1048.0054,6.955597877502441,6.74878407777668,0.20681379972576153,0.1311907096815281,0.07562309004423343,0.23812718017384696,Train,-0.26530253887176514,0.5034297190456121,-0.08425328755590208,0.1598763776001355,0.046937422125626016,0.1598763776001355,6.795721499902306,0.15987637760013573,904.0017871211261,144.00358397262391
2015-05-01,946.5855,6.853917121887207,6.750523425063293,0.10339369682391375,0.10911404566992615,-0.005720348846012399,-0.018012627353826607,Train,-0.1389365941286087,0.1209239667747821,-0.04412270182914983,0.03840235298313743,0.06499134384077632,0.03840235298313743,6.81551476890407,0.03840235298313743,922.0931842453359,24.49232600857033
2015-06-01,980.39215,6.888972282409668,6.752262772349906,0.13670951005976217,0.07070729844706097,0.0660022116127012,0.2078322973496182,Train,-0.030566198751330376,0.23839849610094857,-0.009707041417087512,0.07570925302978872,0.06100025702997346,0.0757092530297887,6.813263029379879,0.07570925302978893,920.0169572762866,60.375193602619674
2015-07-01,811.359,6.699942588806152,6.754002119636519,-0.05405953083036685,0.033727300983446104,-0.08778683181381296,-0.27642920573586227,Train,0.10089603066444397,-0.37732523640030624,0.03204199372147514,-0.11982882553528809,0.06576929470492124,-0.11982882553528809,6.8197714143414405,-0.11982882553528817,926.030839291476,-114.67183050241351
2015-08-01,1183.2319,7.076849937438965,6.755741466923132,0.32110847051583313,0.14211153505330565,0.17899693546252748,0.5636378449560856,Train,0.16001518070697784,0.40362266424910775,0.0508167207549081,0.1281802147076194,0.19292825580821374,0.1281802147076194,6.948669722731346,0.1281802147076192,1053.5665846321199,129.66534896163012
2015-09-01,878.9723,6.779890537261963,6.757480814209745,0.022409723052217778,0.045194808031593925,-0.022785084979376147,-0.0717472405979006,Train,0.2918758988380432,-0.3636231394359438,0.0926923056975547,-0.11547739067693084,0.13788711372914864,-0.11547739067693086,6.895367927938894,-0.11547739067693108,998.828082251454,-119.85579221239152
2015-10-01,1081.812,6.987316608428955,6.759220161496358,0.22809644693259745,0.22731182880986145,0.0007846181227360027,0.002470659437099654,Train,0.35862070322036743,-0.35615004378326776,0.1138887451300643,-0.1131041270073283,0.34120057393992576,-0.1131041270073283,7.100420735436283,-0.11310412700732808,1226.3788447115394,-144.5668329927894
2015-11-01,980.39215,6.888972282409668,6.760959508782971,0.12801277362669694,-0.058151051630285555,0.1861638252569825,0.5862054398053843,Train,0.3834167420864105,0.2027886977189738,0.12176333163689698,0.06440049362008551,0.06361228000661143,0.06440049362008551,6.824571788789583,0.06440049362008526,930.4916326181462,49.90051826076001
2015-12-01,1115.6187,7.018060207366943,6.7626988560695835,0.2553613512973598,-0.011157164511380824,0.26651851580874064,0.8392318086517249,Train,0.4381577968597412,0.40107401179198365,0.1391476878083247,0.12737082800041594,0.12799052329694388,0.12737082800041594,6.890689379366528,0.12737082800041577,994.1612634863521,121.45738885739786
2016-01-01,1352.265,7.210275650024414,6.764438203356196,0.445837446668218,-0.12131444001683533,0.5671518866850533,1.785886816150901,Train,0.48751550912857056,1.2983713070223304,0.15482243235683882,0.41232945432821455,0.033507992340003484,0.41232945432821455,6.797946195696199,0.4123294543282148,906.0173820018168,446.2476326466207
2016-02-01,912.77893,6.817588806152344,6.7661775506428095,0.05141125550953429,-0.0452775340800291,0.0966887895895634,0.3044603018194287,Train,0.5144243240356445,-0.20996402221621585,0.16336798239113415,-0.06667919280157075,0.11809044831110505,-0.06667919280157075,6.884267998953915,-0.06667919280157086,987.7914278982171,-75.01249723415458
2016-03-01,845.16565,6.740715026855469,6.767916897929422,-0.02720187107395322,-0.028071187396915387,0.0008693163229621659,0.0027373629475467794,Train,0.553006112575531,-0.5502687496279842,0.1756205697131246,-0.17475125339016243,0.1475493823162092,-0.17475125339016243,6.9154662802456315,-0.17475125339016273,1019.1262761479686,-173.9606267339061
2016-04-01,1081.812,6.987316608428955,6.769656245216035,0.2176603632129197,0.1311907096815281,0.0864696535313916,0.2722815842885534,Train,0.5447532534599304,-0.272471669171377,0.1729996731503475,-0.0865300196189559,0.3041903828318756,-0.0865300196189559,7.073846628047911,-0.08653001961895601,1194.1919111342927,-112.3798994155427
2016-05-01,1622.718,7.3924736976623535,6.771395592502648,0.6210781051597056,0.10911404566992615,0.5119640594897795,1.6121075952509716,Train,0.4989500641822815,1.11315753106869,0.15845375401365783,0.3535103054761217,0.26756779968358396,0.35351030547612167,7.038963392186232,0.3535103054761217,1153.2185463245773,469.49947125354765
2016-06-01,878.9723,6.779890537261963,6.773134939789261,0.006755597472701602,0.07070729844706097,-0.06395170097435937,-0.20137550861036926,Train,0.49362117052078247,-0.6949966791311517,0.15676143394794553,-0.2207131349223049,0.2274687323950065,-0.2207131349223049,7.000603672184268,-0.22071313492230527,1109.78148896857,-230.8091989295076
2016-07-01,1453.6849,7.2825446128845215,6.774874287075874,0.5076703258086477,0.033727300983446104,0.47394302482520156,1.4923843497888742,Train,0.4621410071849823,1.030243342603892,0.14676414080059297,0.3271788840246086,0.18049144178403909,0.3271788840246086,6.955365728859913,0.32717888402460815,1060.651663338529,393.03327318490847
2016-08-01,1183.2319,7.076849937438965,6.776613634362487,0.30023630307647764,0.14211153505330565,0.158124768023172,0.49791413049872973,Train,0.4536733031272888,0.044240827371440916,0.14407501498994263,0.014049753033229362,0.2861865500432483,0.014049753033229362,7.062800184405735,0.014049753033229528,1181.061944279699,2.1699893140510085
2016-09-01,1183.2319,7.076849937438965,6.7783529816491,0.2984969557898651,0.045194808031593925,0.2533021477582712,0.7976152011558242,Train,0.4546085298061371,0.3430066713496871,0.1443720190165081,0.10893012874176311,0.18956682704810202,0.10893012874176311,6.967919808697202,0.108930128741763,1074.0637350386794,109.1681985550706
2016-10-01,1318.4584,7.184976577758789,6.780092328935713,0.40488424882307594,0.22731182880986145,0.1775724200132145,0.5591522328651148,Train,0.4626272916793823,0.09652494118573252,0.14691857229421867,0.03065384771899582,0.3742304011040801,0.03065384771899582,7.154322730039794,0.030653847718995486,1294.3525138460366,24.105860177400928
2016-11-01,507.0994,6.230677127838135,6.781831676222326,-0.5511545483841909,-0.058151051630285555,-0.4930034967539053,-1.5524032729842918,Train,0.4726303219795227,-2.0250335949638147,0.1500952783743497,-0.643098775128255,0.09194422674406413,-0.643098775128255,6.87377590296639,-0.6430987751282551,977.4711685752959,-470.3717728233428
2016-12-01,1183.2319,7.076849937438965,6.783571023508939,0.2932789139300258,-0.011157164511380824,0.30443607844140663,0.9586292342726644,Train,0.41288185119628906,0.5457473830763754,0.13112069520099226,0.17331538324041437,0.11996353068961144,0.17331538324041437,6.903534554198551,0.17331538324041418,1007.0267366296235,176.20519696412646
2017-01-01,709.93915,6.566586971282959,6.7853103707955515,-0.21872339951259256,-0.12131444001683533,-0.09740895949575723,-0.3067280222855944,Train,0.4066597819328308,-0.7133878042184252,0.1291447254531103,-0.22655368494886752,0.007830285436274953,-0.22655368494886752,6.793140656231826,-0.2265536849488674,901.669130393009,-191.72998244379028
2017-02-01,540.906,6.295092582702637,6.787049718082165,-0.49195713537952823,-0.0452775340800291,-0.44667960129949913,-1.406535409177436,Train,0.36480700969696045,-1.7713424188743965,0.11585335753331485,-0.562532958832814,0.07057582345328575,-0.562532958832814,6.857625541535451,-0.5625329588328141,961.7954306984531,-420.88942483907806
2017-03-01,676.1325,6.517867088317871,6.7887890653687775,-0.27092197705090637,-0.028071187396915387,-0.24285078965399098,-0.7647052468957747,Train,0.20144087076187134,-0.966146117657646,0.06397245831866974,-0.3068232479726607,0.03590127092175435,-0.3068232479726607,6.824690336290532,-0.3068232479726607,930.6020651689702,-254.46955784475142
2017-04-01,1622.718,7.3924736976623535,6.790528412655391,0.6019452850069626,0.1311907096815281,0.4707545753254345,1.4823443410023762,Train,-0.00045014708302915096,1.4827944880854054,-0.0001429551778516451,0.47089753050328614,0.13104775450367645,0.4708975305032862,6.921576167159067,0.47089753050328653,1025.3782121946815,597.3398053834435
2017-05-01,1149.4253,7.047886848449707,6.792267759942003,0.25561908850770365,0.10911404566992615,0.1465050428377775,0.46132514172328337,Train,0.03625193610787392,0.42507320561540946,0.011512685895671802,0.13499235694210568,0.12062673156559794,0.1349923569421057,6.912894491507601,0.13499235694210565,1016.5060975966239,132.91919537212607
2017-06-01,1487.4916,7.305518627166748,6.794007107228616,0.5115115199381322,0.07070729844706097,0.4408042214910712,1.388034609680709,Train,0.10401859134435654,1.2840160183363525,0.03303363897294629,0.40777058251812487,0.10374093742000726,0.4077705825181249,6.8977480446486235,0.4077705825181246,1001.2106240158607,486.28095313257677
2017-07-01,743.7458,6.613042831420898,6.795746454515229,-0.18270362309433086,0.033727300983446104,-0.21643092407777698,-0.6815125594962511,Train,0.20448826253414154,-0.8860008220303927,0.06494023185139373,-0.2813711559291707,0.09866753283483984,-0.2813711559291707,6.894413987350069,-0.28137115592917095,997.8747604404264,-254.12897186620762
2017-08-01,1487.4916,7.305518627166748,6.797485801801842,0.5080328253649062,0.14211153505330565,0.3659212903116006,1.15223809257873,Train,0.2095862776041031,0.942651814974627,0.06655923079305634,0.2993620595185442,0.208670765846362,0.2993620595185442,7.006156567648204,0.2993620595185442,1115.966699480561,371.5248776678766
2017-09-01,1217.0386,7.104997158050537,6.799225149088455,0.3057720089620819,0.045194808031593925,0.260577200930488,0.8205233882783217,Train,0.26651298999786377,0.554010398280458,0.08463769581386017,0.17593950511662781,0.12983250384545408,0.17593950511662781,6.929057652933909,0.17593950511662815,1033.0858425007423,183.95273171800773
2017-10-01,1859.3644,7.528527736663818,6.800964496375068,0.7275632402887506,0.22731182880986145,0.5002514114788892,1.5752260047001128,Train,0.3315621316432953,1.2436638730568175,0.10529563621512492,0.39495577526376424,0.3326074650249864,0.39495577526376424,7.133571961400055,0.3949557752637638,1267.7499202274782,591.6144596553343
2017-11-01,1115.6187,7.018060207366943,6.802703843661681,0.21535636370526223,-0.058151051630285555,0.2735074153355478,0.8612389355208262,Train,0.3806286156177521,0.4806103199030741,0.12087789412052385,0.15262952121502393,0.0627268424902383,0.15262952121502393,6.865430686151919,0.15262952121502416,969.3395916052443,146.27906073850568
2017-12-01,1419.8783,7.259030342102051,6.804443190948294,0.45458715115375714,-0.011157164511380824,0.46574431566513796,1.4665676912496706,Train,0.42493048310279846,1.041637208146872,0.13494703192958657,0.3307972837355514,0.12378986741820575,0.3307972837355514,6.9282330583665,0.33079728373555106,1032.2334924027084,387.6448034957291
2018-01-01,1521.2982,7.327976226806641,6.806182538234907,0.5217936885717336,-0.12131444001683533,0.6431081285885689,2.025063047782102,Train,0.44792866706848145,1.5771343807136207,0.14225066579289009,0.5008574627956788,0.02093622577605475,0.5008574627956788,6.827118764010962,0.500857462795679,932.8671426237302,588.4310751497073
2018-02-01,642.32587,6.466651439666748,6.80792188552152,-0.3412704458547715,-0.0452775340800291,-0.2959929117747424,-0.9320428111458845,Train,0.4571180045604706,-1.389160815706355,0.14516896388929473,-0.44116187566403714,0.09989142980926563,-0.44116187566403714,6.9078133153307855,-0.4411618756640374,1011.3490827995797,-369.02321610036097
2018-03-01,811.359,6.699942588806152,6.809661232808133,-0.10971864400198061,-0.028071187396915387,-0.08164745660506523,-0.2570971193898376,Train,0.47364985942840576,-0.7307469788182434,0.1504190573408837,-0.23206651394594893,0.12234786994396832,-0.23206651394594893,6.932009102752101,-0.23206651394594857,1036.142403396814,-224.78339460775146
2018-04-01,1453.6849,7.2825446128845215,6.8114005800947455,0.471144032789776,0.1311907096815281,0.3399533231082479,1.070468373814734,Train,0.44432559609413147,0.6261427777206026,0.14110642278572852,0.19884690032251937,0.2722971324672566,0.1988469003225194,7.083697712562002,0.19884690032251928,1206.024031584632,247.66090493880552
2018-05-01,1115.6187,7.018060207366943,6.813139927381359,0.20492027998558449,0.10911404566992615,0.09580623431565834,0.3016812511538232,Train,0.4399392604827881,-0.13825800932896487,0.13971343500223113,-0.04390720068657279,0.24882748067215726,-0.04390720068657278,7.061967408053516,-0.043907200686573056,1180.0779608215898,-64.45930847783984
2018-06-01,1318.4584,7.184976577758789,6.814879274667971,0.3700973030908177,0.07070729844706097,0.2993900046437567,0.942739810504333,Train,0.44167962670326233,0.5010601838010706,0.14026613071426527,0.15912387392949143,0.21097342916132625,0.15912387392949143,7.0258527038292975,0.15912387392949157,1138.1847139600832,180.27366006335433
2018-07-01,1521.2982,7.327976226806641,6.816618621954585,0.5113576048520558,0.033727300983446104,0.4776303038686097,1.5039951073049627,Train,0.45175811648368835,1.0522369908212743,0.14346680079156857,0.3341635030770411,0.17719410177501466,0.3341635030770412,6.993812723729599,0.33416350307704157,1102.263784196518,419.0344335769196
2018-08-01,1183.2319,7.076849937438965,6.818357969241197,0.25849196819776754,0.14211153505330565,0.11638043314446189,0.36646670158402084,Train,0.46334582567214966,-0.09687912408812882,0.1471467602767716,-0.0307663271323097,0.28925829533007724,-0.0307663271323097,7.107616264571274,-0.030766327132309534,1235.2423354585783,-52.01040186482828
2018-09-01,1115.6187,7.018060207366943,6.820097316527811,0.19796289083913265,0.045194808031593925,0.15276808280753873,0.481046632162817,Validate,0.48218977451324463,-0.0011431423504276172,0.15313111552323566,-0.0003630327156969315,0.1983259235548296,-0.0003630327156969315,7.01842324008264,-0.0003630327156969315,1129.752544461556,-14.133892117805999
2018-10-01,878.9723,6.779890537261963,6.821836663814423,-0.04194612655246033,0.22731182880986145,-0.2692579553623218,-0.8478579440790052,Validate,0.49343588948249817,-1.3412938335615032,0.15670259343830092,-0.42596054880062273,0.3840144222481624,-0.42596054880062273,7.2058510860625855,-0.4259605488006226,1362.8495129638375,-483.87722292477497
2018-11-01,1318.4584,7.184976577758789,6.823576011101036,0.36140056665775333,-0.058151051630285555,0.4195516182880389,1.3211129529601018,Validate,0.4508427083492279,0.8702702446108739,0.14317609062681969,0.2763755276612192,0.08502503899653413,0.2763755276612192,6.90860105009757,0.2763755276612194,1012.1468595452088,306.3115144782287
2018-12-01,1284.6517,7.159020900726318,6.825315358387649,0.3337055423386692,-0.011157164511380824,0.34486270685005005,1.0859273785465278,Validate,0.4408537745475769,0.6450736039989509,0.14000386123336422,0.20485884561668583,0.1288466967219834,0.20485884561668583,6.954162055109633,0.20485884561668577,1059.3745498676005,225.27718353083696
2019-01-01,980.39215,6.888972282409668,6.827054705674262,0.06191757673540632,-0.12131444001683533,0.18323201675224166,0.5769735598116511,Validate,0.45607852935791016,0.12089503045374095,0.1448388532031287,0.03839316354911296,0.023524413186293364,0.03839316354911296,6.850579118860555,0.03839316354911304,955.0350134952002,25.357137383706004
2019-02-01,1048.0054,6.955597877502441,6.828794052960875,0.12680382454156636,-0.0452775340800291,0.17208135862159546,0.541861601596505,Validate,0.47174352407455444,0.07011807752195054,0.14981365408530592,0.02226770453628954,0.10453612000527682,0.02226770453628954,6.933330172966152,0.022267704536289123,1037.5134467565451,10.491924337204864
2019-03-01,878.9723,6.779890537261963,6.830533400247488,-0.05064286298552467,-0.028071187396915387,-0.022571675588609286,-0.07107524245003059,Validate,0.4825913906097412,-0.5536666330597718,0.1532586585034465,-0.17583033409205578,0.1251874711065311,-0.17583033409205578,6.955720871354019,-0.17583033409205573,1061.0287679170847,-182.05647787802218
2019-04-01,912.77893,6.817588806152344,6.832272747534101,-0.014683941381757215,0.1311907096815281,-0.14587465106328532,-0.4593401208047147,Validate,0.47538426518440247,-0.9347243859891172,0.15096986016214595,-0.29684451122543126,0.28216056984367405,-0.29684451122543126,7.114433317377775,-0.296844511225431,1243.6986555828178,-330.91972491875526
2019-05-01,1217.0386,7.104997158050537,6.8340120948207135,0.27098506322982363,0.10911404566992615,0.16187101755989747,0.509710578354619,Validate,0.41842949390411377,0.0912810844505052,0.13288248435803338,0.028988533201864092,0.2419965300279595,0.02898853320186412,7.076008624848673,0.02898853320186401,1196.778707537629,20.25986668112091
2019-06-01,1690.3313,7.433271408081055,6.835751442107327,0.5975199659737278,0.07070729844706097,0.5268126675266669,1.6588639121280326,Validate,0.3984542787075043,1.2604096334205284,0.12653886790751598,0.4002737996191509,0.19724616635457695,0.4002737996191509,7.032997608461904,0.40027379961915077,1146.3532269735304,543.9780718545946
2019-07-01,743.7458,6.613042831420898,6.837490789393939,-0.22444795797304096,0.033727300983446104,-0.2581752589564871,-0.8129599884109601,Validate,0.4115341305732727,-1.2244941189842327,0.13069269366855724,-0.3888679526250443,0.16441999465200335,-0.3888679526250443,7.0019107840459425,-0.38886795262504403,1111.234353950198,-367.4885653759793
2019-08-01,1352.265,7.210275650024414,6.839230136680553,0.37104551334386127,0.14211153505330565,0.22893397829055562,0.7208830353854039,Validate,0.3720484972000122,0.3488345381853917,0.11815306838991542,0.1107809099006402,0.26026460344322105,0.11078090990064021,7.099494740123774,0.11078090990064027,1225.2428237108993,127.0221909375382
2019-09-01,1386.0717,7.234950065612793,6.840969483967165,0.39398058164562766,0.045194808031593925,0.34878577361403373,1.0982806006324641,Validate,0.3745667636394501,0.7237138369930141,0.11895280527659063,0.2298329683374431,0.16414761330818456,0.2298329683374431,7.00511709727535,0.22983296833744316,1114.8062489204633,271.2654063529742
2019-10-01,946.5855,6.853917121887207,6.842708831253779,0.01120829063342832,0.22731182880986145,-0.21610353817643313,-0.6804816642832933,Validate,0.3994153141975403,-1.0798969784808334,0.12684406815112378,-0.34294760632755694,0.35415589696098526,-0.34294760632755694,7.196864728214764,-0.3429476063275567,1350.6483771839712,-404.06286693006496
2019-11-01,980.39215,6.888972282409668,6.844448178540391,0.04452410386927674,-0.058151051630285555,0.1026751554995623,0.32331058197596646,Validate,0.3620421290397644,-0.038731547063797944,0.11497530229095215,-0.012300146791389854,0.0568242506606666,-0.012300146791389854,6.901272429201057,-0.012300146791389466,1004.7490313488696,-24.356880469963357
2019-12-01,912.77893,6.817588806152344,6.846187525827005,-0.028598719674660877,-0.011157164511380824,-0.017441555163280054,-0.05492116688764143,Validate,0.3470924496650696,-0.402013616552711,0.11022766723031101,-0.12766922239359108,0.09907050271893018,-0.12766922239359108,6.945258028545934,-0.1276692223935907,1049.9748563702879,-137.19592570622535
2020-01-01,912.77893,6.817588806152344,6.847926873113617,-0.03033806696127339,-0.12131444001683533,0.09097637305556194,0.2864726522745004,Validate,0.3141283094882965,-0.027655657213796092,0.0997591010674777,-0.008782728011915764,-0.021555338949357628,-0.008782728011915764,6.8263715341642595,-0.008782728011915708,932.1695898704825,-19.39065920641997
2020-02-01,912.77893,6.817588806152344,6.8496662204002305,-0.03207741424788679,-0.0452775340800291,0.01320011983214231,0.04156544399000809,Validate,0.30425071716308594,-0.2626852731730778,0.0966222308736414,-0.08342211104149909,0.051344696793612296,-0.08342211104149909,6.901010917193843,-0.08342211104149921,1004.4860502887788,-91.70711962471626
2020-03-01,1149.4253,7.047886848449707,6.851405567686843,0.19648128076286397,-0.028071187396915387,0.22455246815977936,0.7070862353375003,Validate,0.2867516577243805,0.42033457761311976,0.09106497803649571,0.13348749012328365,0.06299379063958033,0.13348749012328365,6.914399358326423,0.13348749012328387,1018.0384614734364,131.38683149531357
2020-04-01,405.6795,6.008025169372559,6.853144914973456,-0.845119745600897,0.1311907096815281,-0.9763104552824251,-3.074273420388706,Validate,0.31125885248184204,-3.385532272870548,0.09884783505652195,-1.0751582903389472,0.23003854473805005,-1.075158290338947,7.083183459711505,-1.0751582903389467,1205.4034756107865,-799.7239712162552
2020-05-01,439.48615,6.087879180908203,6.854884262260069,-0.7670050813518658,0.10911404566992615,-0.876119127021792,-2.758784084226673,Validate,0.161484494805336,-2.920268579032009,0.05128333725908994,-0.9274024642808819,0.1603973829290161,-0.9274024642808819,7.015281645189085,-0.927402464280882,1126.2057522512725,-686.7196072317413
2020-06-01,405.6795,6.008025169372559,6.8566236095466815,-0.8485984401741229,0.07070729844706097,-0.9193057386211838,-2.8947730531435885,Validate,-0.09899447858333588,-2.7957785745602526,-0.03143810951074181,-0.887867629110442,0.039269188936319165,-0.887867629110442,6.8958927984830005,-0.8878676291104419,999.35300030596,-593.6734959114287
2020-07-01,845.16565,6.740715026855469,6.858362956833295,-0.11764792997782614,0.033727300983446104,-0.15137523096127226,-0.4766607245999633,Validate,-0.3917863070964813,-0.08487441750348196,-0.12442129100098794,-0.02695393996028432,-0.09069399001754183,-0.026953939960284307,6.767668966815753,-0.0269539399602845,878.9669811350835,-33.80133172102103
2020-08-01,845.16565,6.740715026855469,6.860102304119907,-0.11938727726443865,0.14211153505330565,-0.2614988123177443,-0.8234254215162533,Validate,-0.557607114315033,-0.26581830720122035,-0.17708172995777205,-0.08441708235997225,-0.0349701949044664,-0.08441708235997225,6.825132109215441,-0.08441708235997236,931.0137126588144,-85.84806324475187
2020-09-01,1048.0054,6.955597877502441,6.861841651406521,0.0937562260959206,0.045194808031593925,0.04856141806432668,0.1529135286873035,Validate,-0.7056681513786316,0.8585816800659352,-0.22410212103504745,0.27266353909937413,-0.17890731300345353,0.27266353909937413,6.682934338403067,0.2726635390993746,807.4749998695311,240.53037122421892
2020-10-01,709.93915,6.566586971282959,6.863580998693133,-0.29699402741017433,0.22731182880986145,-0.5243058562200358,-1.650970292503037,Validate,-0.734088659286499,-0.9168816332165379,-0.23312774602691283,-0.29117811019312295,-0.005815917217051381,-0.29117811019312295,6.8577650814760815,-0.29117811019312256,961.9297884896133,-251.99064054039457
2020-11-01,540.906,6.295092582702637,6.865320345979747,-0.57022776327711,-0.058151051630285555,-0.5120767116468244,-1.612462322100693,Validate,-0.8447532057762146,-0.7677091163244785,-0.26827197004109843,-0.24380474160572602,-0.326423021671384,-0.24380474160572602,6.538897324308363,-0.24380474160572607,699.02268581367,-158.11667995429502
2020-12-01,507.0994,6.230677127838135,6.867059693266359,-0.6363825654282245,-0.011157164511380824,-0.6252254009168436,-1.9687526865975227,Validate,-0.942758321762085,-1.0259943648354377,-0.29939588334483896,-0.3258295175720047,-0.3105530478562198,-0.3258295175720047,6.556506645410139,-0.3258295175720045,711.4587843371553,-204.35938858520217
2021-01-01,202.83975,5.317334175109863,6.868799040552973,-1.5514648654431094,-0.12131444001683533,-1.430150425426274,-4.503355890799852,Validate,-1.0272917747497559,-3.476064116050096,-0.3262415417126472,-1.1039088837136268,-0.4475559817294825,-1.1039088837136268,6.421243058823491,-1.1039088837136273,621.3225188080322,-418.4827666107666
2021-02-01,270.453,5.60378885269165,6.870538387839585,-1.2667495351479348,-0.0452775340800291,-1.2214720010679057,-3.846254934907758,Validate,-1.114413857460022,-2.731841077447736,-0.35390928254269294,-0.8675627185252127,-0.39918681662272204,-0.8675627185252127,6.471351571216863,-0.867562718525213,653.3006725267342,-382.84766959704666
2021-03-01,338.06625,5.82619571685791,6.8722777351261986,-1.0460820182682884,-0.028071187396915387,-1.018010830871373,-3.2055824272724265,Validate,-1.1572173833847046,-2.048365043887722,-0.36750258546951464,-0.6505082454018583,-0.39557377286643003,-0.6505082454018584,6.476703962259768,-0.6505082454018583,656.8121345616518,-318.7458808995424
2021-04-01,912.77893,6.817588806152344,6.874017082412811,-0.056428276260467314,0.1311907096815281,-0.18761898594199541,-0.5907875497194236,Validate,-1.1660326719284058,0.5752451222089822,-0.37030209520552854,0.18268310926353312,-0.23911138552400044,0.18268310926353312,6.6349056968888105,0.18268310926353326,769.5627679825634,143.2161626814991
2021-05-01,811.359,6.699942588806152,6.8757564296994245,-0.17581384089327212,0.10911404566992615,-0.2849278865631983,-0.8972004997481839,Validate,-1.0929577350616455,0.19575723531346156,-0.3470953679154423,0.062167481352244036,-0.23798132224551616,0.062167481352244036,6.637775107453908,0.062167481352243925,771.7770041872176,39.582004601844915
2021-06-01,1014.1988,6.922839641571045,6.877495776986037,0.04534386458500794,0.07070729844706097,-0.02536343386205303,-0.07986612265597452,Validate,-1.034177303314209,0.9543111806582345,-0.3284282091323497,0.3030647752702967,-0.25772091068528874,0.3030647752702967,6.619774866300748,0.30306477527029685,757.9912771821053,256.207514321801
2021-07-01,1217.0386,7.104997158050537,6.8792351242726495,0.22576203377788762,0.033727300983446104,0.1920347327944415,0.6046921567081023,Test,-0.9341070055961609,1.5387991623042632,-0.29664844703396015,0.48868317982840165,-0.26292114605051403,0.48868317982840165,6.616313978222135,0.4886831798284019,755.3690335823215,461.66954063642845
2021-08-01,676.1325,6.517867088317871,6.880974471559263,-0.3631073832413918,0.14211153505330565,-0.5052189182946974,-1.5908680313595747,Test,0.0,-1.5908680313595747,-2.1984614349013e-18,-0.5052189182946974,0.14211153505330565,-0.5052189182946974,7.023086006612568,-0.5052189182946973,1135.0372907738063,-458.9047834495875
2021-09-01,1115.6187,7.018060207366943,6.882713818845875,0.13534638852106795,0.045194808031593925,0.09015158048947403,0.2838754887907551,Test,0.0,0.2838754887907551,-2.1984614349013e-18,0.09015158048947403,0.045194808031593925,0.09015158048947403,6.9279086268774694,0.09015158048947391,1031.8983332932764,83.72031905047356
2021-10-01,1250.8452,7.132373809814453,6.884453166132489,0.24792064368196431,0.22731182880986145,0.020608814872102865,0.06489445180497376,Test,0.0,0.06489445180497376,-2.1984614349013e-18,0.02060881487210287,0.22731182880986145,0.020608814872102865,7.11176499494235,0.02060881487210331,1240.3818253889635,10.463389454786466
2021-11-01,878.9723,6.779890537261963,6.886192513419101,-0.10630197615713843,-0.058151051630285555,-0.04815092452685288,-0.15162093844137403,Test,0.0,-0.15162093844137403,-2.1984614349013e-18,-0.04815092452685288,-0.058151051630285555,-0.04815092452685288,6.828041461788816,-0.04815092452685299,933.7292174171263,-54.75692737806378
2021-12-01,1352.265,7.210275650024414,6.887931860705715,0.32234378931869934,-0.011157164511380824,0.33350095383008016,1.0501507102446297,Test,0.0,1.0501507102446297,-2.1984614349013e-18,0.33350095383008016,-0.011157164511380826,0.33350095383008016,6.8767746961943335,0.3335009538300806,980.4098052690615,371.855209379376
2022-01-01,1318.4584,7.184976577758789,6.889671207992327,0.2953053697664618,-0.12131444001683533,0.41661980978329716,1.311881072966366,Test,0.0,1.311881072966366,-2.1984614349013e-18,0.41661980978329716,-0.12131444001683533,0.41661980978329716,6.768356767975492,0.41661980978329716,879.5724316361499,438.8859423872876
2022-02-01,1081.812,6.987316608428955,6.891410555278941,0.09590605315001444,-0.0452775340800291,0.14118358723004354,0.4445685767965026,Test,0.0,0.4445685767965026,-2.1984614349013e-18,0.14118358723004354,-0.0452775340800291,0.14118358723004354,6.846133021198911,0.14118358723004398,950.7938238155829,131.01818790316713
2022-03-01,1183.2319,7.076849937438965,6.893149902565553,0.1837000348734117,-0.028071187396915387,0.21177122227032708,0.6668397703889826,Test,0.0,0.6668397703889826,-2.1984614349013e-18,0.21177122227032708,-0.02807118739691539,0.21177122227032708,6.865078715168638,0.2117712222703272,968.9981203225867,214.23381327116329
2022-04-01,845.16565,6.740715026855469,6.894889249852167,-0.1541742229966978,0.1311907096815281,-0.28536493267822594,-0.8985767005741037,Test,0.0,-0.8985767005741037,-2.1984614349013e-18,-0.28536493267822594,0.1311907096815281,-0.28536493267822594,7.0260799595336945,-0.2853649326782257,1138.4436296036065,-293.277980189544
2022-05-01,1284.6517,7.159020900726318,6.896628597138779,0.2623923035875393,0.10911404566992615,0.15327825791761313,0.4826531065912732,Test,0.0,0.4826531065912732,-2.1984614349013e-18,0.15327825791761313,0.10911404566992615,0.15327825791761313,7.0057426428087055,0.15327825791761285,1115.5044548926116,169.14727850582585
2022-06-01,1318.4584,7.184976577758789,6.8983679444253925,0.2866086333333966,0.07070729844706097,0.21590133488633562,0.6798449526749124,Test,0.0,0.6798449526749124,-2.1984614349013e-18,0.21590133488633562,0.07070729844706097,0.21590133488633562,6.969075242872454,0.21590133488633523,1075.3066183153503,243.1517557080872
2022-07-01,946.5855,6.853917121887207,6.900107291712005,-0.046190169824797955,0.033727300983446104,-0.07991747080824406,-0.251649621287117,Test,0.0,-0.251649621287117,-2.1984614349013e-18,-0.07991747080824406,0.033727300983446104,-0.07991747080824406,6.933834592695451,-0.07991747080824396,1038.0374255697466,-91.45191531584032
2022-08-01,1115.6187,7.018060207366943,6.901846638998618,0.11621356836832497,0.14211153505330565,-0.025897966684980678,-0.08154929632369524,Test,0.0,-0.08154929632369524,-2.1984614349013e-18,-0.025897966684980674,0.14211153505330565,-0.025897966684980678,7.043958174051924,-0.025897966684980567,1158.998037822986,-43.37938547923591
2022-09-01,405.6795,6.008025169372559,6.903585986285231,-0.8955608169126723,0.045194808031593925,-0.9407556249442662,-2.962315928503185,Test,0.0,-2.962315928503185,-2.1984614349013e-18,-0.9407556249442662,0.045194808031593925,-0.9407556249442662,6.948780794316825,-0.9407556249442663,1053.6837235199491,-648.0042191254179
2022-10-01,980.39215,6.888972282409668,6.905325333571844,-0.016353051162176335,0.22731182880986145,-0.24366487997203778,-0.7672687104057943,Test,0.0,-0.7672687104057943,-2.1984614349013e-18,-0.24366487997203778,0.22731182880986145,-0.24366487997203778,7.132637162381705,-0.24366487997203734,1266.564448222879,-286.1722973439728
2022-11-01,1250.8452,7.132373809814453,6.907064680858457,0.2253091289559963,-0.058151051630285555,0.28346018058628186,0.8925788863573139,Test,0.0,0.8925788863573139,-2.1984614349013e-18,0.28346018058628186,-0.058151051630285555,0.28346018058628186,6.848913629228171,0.28346018058628175,953.4440723078085,297.4011425359415
2022-12-01,777.5524,6.657436370849609,6.90880402814507,-0.25136765729546084,-0.011157164511380824,-0.24021049278408002,-0.7563912987605427,Test,0.0,-0.7563912987605427,-2.1984614349013e-18,-0.24021049278408002,-0.011157164511380826,-0.24021049278408002,6.897646863633689,-0.24021049278407958,1001.1092244576863,-223.55679525846756
2023-01-01,709.93915,6.566586971282959,6.910543375431683,-0.34395640414872375,-0.12131444001683533,-0.22264196413188841,-0.7010703090297239,Test,0.0,-0.7010703090297239,-2.1984614349013e-18,-0.22264196413188841,-0.12131444001683533,-0.22264196413188841,6.789228935414847,-0.22264196413188841,898.1450378914809,-188.20588994226216
2023-02-01,777.5524,6.657436370849609,6.912282722718295,-0.25484635186868587,-0.0452775340800291,-0.20956881778865677,-0.6599046878828904,Test,0.0,-0.6599046878828904,-2.1984614349013e-18,-0.20956881778865677,-0.0452775340800291,-0.20956881778865677,6.867005188638267,-0.2095688177886572,970.8685971004305,-193.31616790121177
2023-03-01,1014.1988,6.922839641571045,6.914022070004909,0.008817571566136273,-0.028071187396915387,0.03688875896305166,0.11615785796171718,Test,0.0,0.11615785796171718,-2.1984614349013e-18,0.03688875896305166,-0.02807118739691539,0.03688875896305166,6.885950882607993,0.03688875896305177,989.4568497921081,24.741941711798177
2023-04-01,1555.1049,7.349941253662109,6.915761417291521,0.4341798363705882,0.1311907096815281,0.3029891266890601,0.9540729732096432,Test,0.0,0.9540729732096432,-2.1984614349013e-18,0.3029891266890601,0.1311907096815281,0.3029891266890601,7.046952126973049,0.3029891266890603,1162.4762214977804,392.62863690065706
2023-05-01,1453.6849,7.2825446128845215,6.917500764578135,0.3650438483063869,0.10911404566992615,0.25592980263646076,0.8058893413191968,Test,0.0,0.8058893413191968,-2.1984614349013e-18,0.25592980263646076,0.10911404566992615,0.25592980263646076,7.026614810248061,0.2559298026364605,1139.0532248495747,314.6317116738628
2023-06-01,1183.2319,7.076849937438965,6.919240111864747,0.15760982557421777,0.07070729844706097,0.08690252712715679,0.2736446463992261,Test,0.0,0.2736446463992261,-2.1984614349013e-18,0.08690252712715679,0.07070729844706097,0.08690252712715679,6.989947410311808,0.0869025271271564,1098.0075550172123,85.22437857653767
2023-07-01,1453.6849,7.2825446128845215,6.9209794591513605,0.361565153733161,0.033727300983446104,0.3278378527497149,1.032318348587389,Test,0.0,1.032318348587389,-2.1984614349013e-18,0.3278378527497149,0.033727300983446104,0.3278378527497149,6.9547067601348065,0.327837852749715,1059.9522985505005,393.732637972937
2023-08-01,1081.812,6.987316608428955,6.922718806437973,0.06459780199098208,0.14211153505330565,-0.07751373306232356,-0.24408056676979056,Test,0.0,-0.24408056676979056,-2.1984614349013e-18,-0.07751373306232356,0.14211153505330565,-0.07751373306232356,7.0648303414912785,-0.07751373306232345,1183.4641533172123,-101.65214159846232
2023-09-01,1453.6849,7.2825446128845215,6.924458153724586,0.3580864591599351,0.045194808031593925,0.31289165112834116,0.9852547223281907,Test,0.0,0.9852547223281907,-2.1984614349013e-18,0.31289165112834116,0.045194808031593925,0.31289165112834116,6.96965296175618,0.31289165112834105,1075.9286006215934,377.75633590184407
2023-10-01,1183.2319,7.076849937438965,6.926197501011199,0.15065243642776593,0.22731182880986145,-0.07665939238209551,-0.241390360154701,Test,0.0,-0.241390360154701,-2.1984614349013e-18,-0.07665939238209551,0.22731182880986145,-0.07665939238209551,7.153509329821061,-0.07665939238209596,1293.2993022272876,-110.06736863353763
2023-11-01,1115.6187,7.018060207366943,6.927936848297812,0.09012335906913105,-0.058151051630285555,0.1482744106994166,0.4668966487766966,Test,0.0,0.4668966487766966,-2.1984614349013e-18,0.1482744106994166,-0.058151051630285555,0.1482744106994166,6.869785796667527,0.1482744106994165,973.5747433472944,142.04390899645557
2023-12-01,1487.4916,7.305518627166748,6.929676195584425,0.3758424315823232,-0.011157164511380824,0.38699959609370405,1.2186109096085354,Test,0.0,1.2186109096085354,-2.1984614349013e-18,0.38699959609370405,-0.011157164511380826,0.38699959609370405,6.918519031073044,0.3869995960937045,1022.2452257473306,465.24635140110695
2024-01-01,1284.6517,7.159020900726318,6.931415542871038,0.22760535785528013,-0.12131444001683533,0.34891979787211547,1.0987026254218932,Test,0.0,1.0987026254218932,-2.1984614349013e-18,0.34891979787211547,-0.12131444001683533,0.34891979787211547,6.810101102854203,0.34891979787211547,917.1093685419017,367.54236485653576
2024-02-01,777.5524,6.657436370849609,6.933154890157651,-0.27571851930804137,-0.0452775340800291,-0.23044098522801226,-0.7256284023402463,Test,0.0,-0.7256284023402463,-2.1984614349013e-18,-0.23044098522801226,-0.0452775340800291,-0.23044098522801226,6.887877356077622,-0.2304409852280127,991.3667777581295,-213.81434855891075
2024-03-01,1250.8452,7.132373809814453,6.934894237444263,0.19747957237018987,-0.028071187396915387,0.22555075976710526,0.7102297245192395,Test,0.0,0.7102297245192395,-2.1984614349013e-18,0.22555075976710526,-0.02807118739691539,0.22555075976710526,6.906823050047348,0.22555075976710537,1010.3470848519361,240.49812999181393
2024-04-01,878.9723,6.779890537261963,6.936633584730877,-0.15674304746891377,0.1311907096815281,-0.2879337571504419,-0.9066655915143251,Test,0.0,-0.9066655915143251,-2.1984614349013e-18,-0.2879337571504419,0.1311907096815281,-0.2879337571504419,7.067824294412405,-0.28793375715044167,1187.015697153597,-308.0434071145346
2024-05-01,1250.8452,7.132373809814453,6.938372932017489,0.19400087779696396,0.10911404566992615,0.0848868321270378,0.26729748753295784,Forecast,0.0,0.26729748753295784,-2.1984614349013e-18,0.0848868321270378,0.10911404566992615,0.0848868321270378,7.047486977687416,0.08488683212703751,1163.0986740307496,87.74654081300037
2024-06-01,,,6.940112279304103,,0.07070729844706097,,,Forecast,0.0,,-2.1984614349013e-18,,0.07070729844706097,,7.010819577751164,,1121.1872888558507,
2024-07-01,,,6.941851626590715,,0.033727300983446104,,,Forecast,0.0,,-2.1984614349013e-18,,0.033727300983446104,,6.975578927574161,,1082.3293893936166,
2024-08-01,,,6.9435909738773285,,0.14211153505330565,,,Forecast,0.0,,-2.1984614349013e-18,,0.14211153505330565,,7.085702508930634,,1208.4462962424002,
2024-09-01,,,6.945330321163941,,0.045194808031593925,,,Forecast,0.0,,-2.1984614349013e-18,,0.045194808031593925,,6.990525129195535,,1098.6426558723183,
2024-10-01,,,6.947069668450554,,0.22731182880986145,,,Forecast,0.0,,-2.1984614349013e-18,,0.22731182880986145,,7.174381497260416,,1320.598034793957,
2024-11-01,,,6.948809015737167,,-0.058151051630285555,,,Forecast,0.0,,-2.1984614349013e-18,,-0.058151051630285555,,6.8906579641068815,,994.1300007279364,
2024-12-01,,,6.95054836302378,,-0.011157164511380824,,,Forecast,0.0,,-2.1984614349013e-18,,-0.011157164511380826,,6.939391198512399,,1043.8270173157325,
2025-01-01,,,6.952287710310393,,-0.12131444001683533,,,Forecast,0.0,,-2.1984614349013e-18,,-0.12131444001683533,,6.8309732702935575,,936.4736856481909,
2025-02-01,,,6.954027057597006,,-0.0452775340800291,,,Forecast,0.0,,-2.1984614349013e-18,,-0.0452775340800291,,6.908749523516978,,1012.2972960914458,
2025-03-01,,,6.955766404883619,,-0.028071187396915387,,,Forecast,0.0,,-2.1984614349013e-18,,-0.02807118739691539,,6.927695217486703,,1031.6779266085096,
2025-04-01,,,6.957505752170232,,0.1311907096815281,,,Forecast,0.0,,-2.1984614349013e-18,,0.1311907096815281,,7.08869646185176,,1212.0727475172896,
2025-05-01,,,6.959245099456845,,0.10911404566992615,,,Forecast,0.0,,-2.1984614349013e-18,,0.10911404566992615,,7.068359145126771,,1187.6512781532228,
2025-06-01,,,6.960984446743458,,0.07070729844706097,,,Forecast,0.0,,-2.1984614349013e-18,,0.07070729844706097,,7.031691745190519,,1144.8559183880425,
2025-07-01,,,6.962723794030071,,0.033727300983446104,,,Forecast,0.0,,-2.1984614349013e-18,,0.033727300983446104,,6.996451095013517,,1105.1784469738673,
2025-08-01,,,6.964463141316683,,0.14211153505330565,,,Forecast,0.0,,-2.1984614349013e-18,,0.14211153505330565,,7.106574676369989,,1233.9553503986165,
2025-09-01,,,6.9662024886032965,,0.045194808031593925,,,Forecast,0.0,,-2.1984614349013e-18,,0.045194808031593925,,7.0113972966348905,,1121.8357849498836,
2025-10-01,,,6.967941835889909,,0.22731182880986145,,,Forecast,0.0,,-2.1984614349013e-18,,0.22731182880986145,,7.19525366469977,,1348.472538975786,
2025-11-01,,,6.969681183176522,,-0.058151051630285555,,,Forecast,0.0,,-2.1984614349013e-18,,-0.058151051630285555,,6.911530131546237,,1015.1187996187288,
2025-12-01,,,6.971420530463135,,-0.011157164511380824,,,Forecast,0.0,,-2.1984614349013e-18,,-0.011157164511380826,,6.960263365951754,,1065.864001555042,
2026-01-01,,,6.973159877749748,,-0.12131444001683533,,,Forecast,0.0,,-2.1984614349013e-18,,-0.12131444001683533,,6.851845437732913,,956.2464255305043,
2026-02-01,,,6.974899225036361,,-0.0452775340800291,,,Forecast,0.0,,-2.1984614349013e-18,,-0.0452775340800291,,6.929621690956331,,1033.6692707567536,
2026-03-01,,,6.976638572322974,,-0.028071187396915387,,,Forecast,0.0,,-2.1984614349013e-18,,-0.02807118739691539,,6.948567384926059,,1053.4586681243834,
2026-04-01,,,6.978377919609587,,0.1311907096815281,,,Forecast,0.0,,-2.1984614349013e-18,,0.1311907096815281,,7.109568629291115,,1237.6582890233399,
2026-05-01,,,6.9801172668962,,0.10911404566992615,,,Forecast,0.0,,-2.1984614349013e-18,,0.10911404566992615,,7.089231312566127,,1212.7217338828175,
2026-06-01,,,6.981856614182813,,0.07070729844706097,,,Forecast,0.0,,-2.1984614349013e-18,,0.07070729844706097,,7.052563912629874,,1169.0237551644204,
2026-07-01,,,6.983595961469426,,0.033727300983446104,,,Forecast,0.0,,-2.1984614349013e-18,,0.033727300983446104,,7.017323262452872,,1128.5094257845553,
2026-08-01,,,6.985335308756039,,0.14211153505330565,,,Forecast,0.0,,-2.1984614349013e-18,,0.14211153505330565,,7.127446843809344,,1260.0024291417594,
2026-09-01,,,6.987074656042652,,0.045194808031593925,,,Forecast,0.0,,-2.1984614349013e-18,,0.045194808031593925,,7.032269464074246,,1145.518092246879,
2026-10-01,,,6.9888140033292645,,0.22731182880986145,,,Forecast,0.0,,-2.1984614349013e-18,,0.22731182880986145,,7.2161258321391255,,1376.9349586681788,
2026-11-01,,,6.990553350615878,,-0.058151051630285555,,,Forecast,0.0,,-2.1984614349013e-18,,-0.058151051630285555,,6.9324022989855925,,1036.5502840667407,
2026-12-01,,,6.99229269790249,,-0.011157164511380824,,,Forecast,0.0,,-2.1984614349013e-18,,-0.011157164511380826,,6.981135533391109,,1088.3657791681026,
2027-01-01,,,6.994032045189103,,-0.12131444001683533,,,Forecast,0.0,,-2.1984614349013e-18,,-0.12131444001683533,,6.872717605172268,,976.4362024437638,
2027-02-01,,,6.995771392475716,,-0.0452775340800291,,,Forecast,0.0,,-2.1984614349013e-18,,-0.0452775340800291,,6.950493858395687,,1055.4920127367068,
2027-03-01,,,6.997510739762329,,-0.028071187396915387,,,Forecast,0.0,,-2.1984614349013e-18,,-0.02807118739691539,,6.969439552365413,,1075.6987984668763,
