,DataOriginal,DataLog,Linear,DataLinear,MonthlyAverage,DataSeasons,DataRolled,DataNormalised,Purpose,ModelledNormalised,ResidualsNormalised,ModelledSeasons,ResidualsSeasons,ModelledLinear,ResidualsLinear,ModelledLog,ResidualsLog,ModelledOriginal,ResidualsOriginal
2010-04-01,1352.265,7.210275650024414,6.580951664300091,0.6293239857243229,-0.054401337183292243,0.6837253229076151,0.6837253229076151,2.5452629679089562,Train,2.5452629679089562,0.0,0.6837253229076151,0.0,0.6293239857243229,0.0,7.210275650024414,0.0,1383.7871705297352,-31.52215588129775
2010-05-01,1183.2319,7.076849937438965,6.5848109098006535,0.4920390276383113,-0.05271222472029254,0.5447512523586039,0.6142382876331095,2.2689864824432915,Train,2.2689864824432915,0.0,0.6142382876331095,-0.06948703527450562,0.5615260629128169,-0.06948703527450562,7.1463369727134705,-0.06948703527450562,1298.0169460127552,-114.78501241900517
2010-06-01,777.5524,6.657436370849609,6.588670155301216,0.06876621554839346,-0.0447955792347301,0.11356179478312356,0.44734612334978086,1.6054327645762514,Train,1.6054327645762514,0.0,0.44734612334978086,-0.3337843285666573,0.40255054411505076,-0.3337843285666573,6.9912206994162664,-0.3337843285666571,1111.3684821030024,-333.81605290378366
2010-07-01,709.93915,6.566586971282959,6.592529400801778,-0.02594242951881931,-0.07358657293534704,0.04764414341652773,0.3474206283664676,1.2081347009396872,Train,1.2081347009396872,0.0,0.3474206283664676,-0.29977648494993986,0.27383405543112055,-0.29977648494993986,6.866363456232899,-0.29977648494994025,980.8018888970066,-270.86274094778787
2010-08-01,1115.6187,7.018060207366943,6.596388646302341,0.4216715610646027,0.06694918618334235,0.35472237488126035,0.3488809776694261,1.213940966401723,Train,1.213940966401723,0.0,0.34888097766942616,0.005841397211834187,0.4158301638527685,0.005841397211834187,7.012218810155109,0.005841397211834298,1134.9730773183135,-19.35442497456347
2010-09-01,777.5524,6.657436370849609,6.600247891802903,0.05718847904670632,0.020883479903416588,0.03630499914328973,0.2967849812484034,1.0068102586204306,Train,1.0068102586204306,0.0,0.29678498124840347,-0.26047998210511375,0.31766846115182007,-0.26047998210511375,6.917916352954723,-0.2604799821051138,1032.7440000478855,-255.19157084866674
2010-10-01,1217.0386,7.104997158050537,6.6041071373034645,0.5008900207470726,0.05908218208185376,0.4418078386652188,0.31750253230794845,1.0891820589364898,Train,1.0891820589364898,0.0,0.31750253230794845,0.12430530635727033,0.37658471438980223,0.12430530635727033,6.980691851693267,0.12430530635726988,1099.7179646331408,117.32060958560919
2010-11-01,845.16565,6.740715026855469,6.607966382804027,0.13274864405144182,-0.13578992276319105,0.26853856681463284,0.311382036621284,1.0648473174852338,Train,1.0648473174852338,0.0,0.31138203662128405,-0.04284346980665121,0.175592113858093,-0.042843469806651185,6.78355849666212,-0.04284346980665088,902.7787509956581,-57.61310158159563
2010-12-01,642.32587,6.466651439666748,6.611825628304589,-0.14517418863784126,-0.11891178034649483,-0.026262408291346434,0.27386598718654726,0.9156856466003055,Train,0.9156856466003055,0.0,0.27386598718654726,-0.3001283954778937,0.15495420684005243,-0.3001283954778937,6.766779835144642,-0.30012839547789394,887.7410621782378,-245.41519547901908
2011-01-01,709.93915,6.566586971282959,6.615684873805152,-0.049097902522192705,-0.30920148010120746,0.26010357757901476,0.272489746225794,0.9102137911054101,Train,0.9102137911054101,0.0,0.272489746225794,-0.012386168646779272,-0.03671173387541343,-0.012386168646779272,6.578973139929738,-0.012386168646779439,735.5662830688863,-25.627135119667514
2011-02-01,912.77893,6.817588806152344,6.619544119305714,0.19804468684662968,-0.22439797119614127,0.4224426580427709,0.2861218291182465,0.9644141744751291,Train,0.9644141744751291,0.0,0.2861218291182465,0.1363208289245244,0.061723857922105246,0.13632082892452443,6.68126797722782,0.13632082892452413,814.9018505403816,97.87708012368091
2011-03-01,743.7458,6.613042831420898,6.6234033648062764,-0.010360533385378012,-0.18929693324388921,0.1789363998585112,0.27718971001326853,0.9289005788189703,Train,0.9289005788189703,0.0,0.27718971001326853,-0.09825331015475733,0.08789277676937932,-0.09825331015475733,6.711296141575656,-0.09825331015475758,839.7734406525747,-96.02765207835591
2011-04-01,676.1325,6.517867088317871,6.627262610306839,-0.10939552198896774,-0.054401337183292243,-0.05499418480567549,0.21562975103716098,0.6841416961850831,Train,0.6841416961850831,0.0,0.21562975103716098,-0.27062393584283645,0.16122841385386874,-0.2706239358428365,6.788491024160708,-0.2706239358428366,907.2476770271738,-231.1151697029551
2011-05-01,946.5855,6.853917121887207,6.631121855807401,0.22279526607980582,-0.05271222472029254,0.27550749080009834,0.1931927709072855,0.5949335440419271,Train,0.5949335440419271,0.0,0.1931927709072855,0.08231471989281283,0.14048054618699296,0.08231471989281286,6.771602401994394,0.08231471989281314,892.0374267887208,54.548083465185414
2011-06-01,878.9723,6.779890537261963,6.634981101307964,0.1449094359539993,-0.0447955792347301,0.1897050151887294,0.19953803927441935,0.6201619688391983,Train,0.6201619688391983,0.0,0.19953803927441935,-0.009833024085689951,0.15474246003968925,-0.009833024085689951,6.789723561347653,-0.009833024085690312,908.3678162288724,-29.395526189809857
2011-07-01,1014.1988,6.922839641571045,6.638840346808526,0.28399929476251895,-0.07358657293534704,0.357585867697866,0.2253665162978642,0.7228545190218091,Train,0.7228545190218091,0.0,0.2253665162978642,0.1322193514000018,0.15177994336251716,0.1322193514000018,6.790620290171043,0.13221935140000163,909.1836382916589,105.01515321224736
2011-08-01,743.7458,6.613042831420898,6.6426995923090875,-0.029656760888189027,0.06694918618334235,-0.09660594707153138,0.18775582280179823,0.5733165487519534,Train,0.5733165487519534,0.0,0.18775582280179823,-0.2843617698733296,0.2547050089851406,-0.2843617698733296,6.8974046012942285,-0.28436176987333006,1011.7560851396595,-268.01029656544074
2011-09-01,1419.8783,7.259030342102051,6.64655883780965,0.6124715042924009,0.020883479903416588,0.5915880243889844,0.23402940823893945,0.7572976828435819,Train,0.7572976828435819,0.0,0.23402940823893945,0.3575586161500449,0.254912888142356,0.3575586161500449,6.901471725952006,0.3575586161500448,1015.8834780070583,403.99481789137917
2011-10-01,1555.1049,7.349941253662109,6.650418083310212,0.6995231703518971,0.05908218208185376,0.6404409882700434,0.25058217070600813,0.8231105214700063,Train,0.8231105214700063,0.0,0.25058217070600813,0.38985881756403523,0.30966435278786186,0.3898588175640353,6.960082436098074,0.3898588175640354,1077.264976857993,477.8398815404446
2011-11-01,845.16565,6.740715026855469,6.654277328810775,0.08643769804469414,-0.13578992276319105,0.2222276208078852,0.24672292520544584,0.8077663816713737,Train,0.8077663816713737,0.0,0.24672292520544584,-0.024495304397560647,0.11093300244225479,-0.024495304397560647,6.765210331253029,-0.024495304397560425,886.3472736868583,-41.18162427279583
2011-12-01,845.16565,6.740715026855469,6.658136574311337,0.08257845254413176,-0.11891178034649483,0.2014902328906266,0.2657023119706103,0.8832273399790455,Train,0.8832273399790455,0.0,0.2657023119706103,-0.06421207907998369,0.14679053162411546,-0.06421207907998369,6.804927105935453,-0.06421207907998383,922.2990641974053,-77.1334147833428
2012-01-01,507.0994,6.230677127838135,6.661995819811899,-0.4313186919737646,-0.30920148010120746,-0.12211721187255714,0.2338505795163126,0.7565866700511598,Train,0.7565866700511598,0.0,0.2338505795163126,-0.35596779138886975,-0.07535090058489485,-0.35596779138886975,6.5866449192270045,-0.3559677913888697,741.2387883127316,-234.13939256077845
2012-02-01,811.359,6.699942588806152,6.665855065312462,0.0340875234936906,-0.22439797119614127,0.25848549468983184,0.22018748257023438,0.702262976574715,Train,0.702262976574715,0.0,0.22018748257023438,0.03829801211959746,-0.004210488625906894,0.03829801211959749,6.661644576686555,0.03829801211959705,799.0471520455486,12.311856743513886
2012-03-01,1183.2319,7.076849937438965,6.669714310813024,0.4071356266259407,-0.18929693324388921,0.5964325598698299,0.25497882923784426,0.8405913848018454,Train,0.6372796893119812,0.20331169548986416,0.2038433627778169,0.392589197092013,0.01454642953392768,0.392589197092013,6.684260740346952,0.392589197092013,817.3473090212304,365.88462457251956
2012-04-01,777.5524,6.657436370849609,6.6735735563135865,-0.016137185463977133,-0.054401337183292243,0.03826415171931511,0.26275035728159346,0.8714905366528762,Train,0.6633522510528564,0.2081382856000198,0.2104009422776838,-0.1721367905583687,0.15599960509439156,-0.1721367905583687,6.829573161407978,-0.17213679055836906,945.3374810310744,-167.78505183185564
2012-05-01,676.1325,6.517867088317871,6.677432801814149,-0.1595657134962778,-0.05271222472029254,-0.10685348877598524,0.23088694231691984,0.7448034177306517,Train,0.6290486454963684,0.11575477223428332,0.2017731510079029,-0.30862663978388816,0.14906092628761036,-0.30862663978388816,6.8264937281017595,-0.3086266397838884,942.4277802871237,-266.29527296290496
2012-06-01,946.5855,6.853917121887207,6.68129204731471,0.17262507457249665,-0.0447955792347301,0.21742065380722675,0.23319657886846126,0.7539864008100439,Train,0.6089991331100464,0.14498726769999748,0.19673044470563913,0.020690209101587614,0.15193486547090904,0.020690209101587614,6.833226912785619,0.020690209101587698,948.8014873613786,-2.2159771074723267
2012-07-01,709.93915,6.566586971282959,6.685151292815273,-0.11856432153231378,-0.07358657293534704,-0.04497774859696674,0.19964961084389188,0.620605571030168,Train,0.5400320887565613,0.08057348227360672,0.1793843595486213,-0.22436210814558805,0.10579778661327427,-0.22436210814558805,6.790949079428547,-0.22436210814558777,909.4829460961837,-199.54379814696495
2012-08-01,743.7458,6.613042831420898,6.689010538315835,-0.0759677068949367,0.06694918618334235,-0.14291689307827904,0.19579036534332958,0.6052614312315353,Train,0.4974671006202698,0.10779433061126553,0.16867872592547686,-0.3115956190037559,0.23562791210881923,-0.31159561900375593,6.924638450424655,-0.3115956190037563,1039.7163360817137,-295.970547507495
2012-09-01,743.7458,6.613042831420898,6.6928697838163975,-0.07982695239549908,0.020883479903416588,-0.10071043229891567,0.13809882728600456,0.3758831693353301,Train,0.35190117359161377,0.023981995743716344,0.13206705161248722,-0.2327774839114029,0.15295053151590382,-0.2327774839114029,6.845820315332301,-0.23277748391140296,960.8383532996453,-217.09256472542654
2012-10-01,845.16565,6.740715026855469,6.69672902931696,0.04398599753850885,0.05908218208185376,-0.01509618454334491,0.08347072955155554,0.15868497128117098,Train,0.13078731298446655,0.02789765829670443,0.07645411515213674,-0.09155029969548165,0.1355362972339905,-0.09155029969548165,6.83226532655095,-0.09155029969548156,947.8886103008123,-102.72296088674977
2012-11-01,709.93915,6.566586971282959,6.700588274817522,-0.1340013035345633,-0.13578992276319105,0.001788619228627747,0.0651008127532841,0.08564723076923458,Train,-0.020503096282482147,0.10615032705171673,0.038402661052785364,-0.03661404182415762,-0.09738726171040568,-0.03661404182415762,6.603201013107117,-0.03661404182415762,753.6296524977702,-43.69050454855142
2012-12-01,439.48615,6.087879180908203,6.704447520318085,-0.6165683394098815,-0.11891178034649483,-0.4976565590633867,0.006838580090449654,-0.14600008029940242,Train,-0.2500351369380951,0.10403505663869267,-0.019327554310215614,-0.4783290047531711,-0.13823933465671046,-0.4783290047531711,6.566208185661374,-0.47832900475317075,726.2238031723297,-286.7376581527984
2013-01-01,642.32587,6.466651439666748,6.708306765818647,-0.241655326151899,-0.30920148010120746,0.06754615394930846,0.02264386057560512,-0.08315918736178277,Train,-0.27185335755348206,0.1886941701916993,-0.02481511313366372,0.09236126708297218,-0.3340165932348712,0.09236126708297221,6.374290172583776,0.0923612670829721,599.2320088466182,43.093857852600536
2013-02-01,777.5524,6.657436370849609,6.712166011319209,-0.05472964046960005,-0.22439797119614127,0.16966833072654122,0.015242430245330903,-0.1125868518316954,Train,-0.25795841217041016,0.14537156033871476,-0.021320358383387153,0.1909886891099284,-0.24571832957952844,0.1909886891099284,6.466447681739681,0.19098868910992817,657.1769203135178,120.37550888570092
2013-03-01,980.39215,6.888972282409668,6.716025256819772,0.17294702558989616,-0.18929693324388921,0.36224395883378535,-0.004273286507672808,-0.19018022755370514,Train,-0.3068400025367737,0.11665977498306854,-0.03361469747032174,0.3958586563041071,-0.22291163071421094,0.3958586563041071,6.493113626105561,0.39585865630410666,674.9639291724592,305.42822170644706
2013-04-01,709.93915,6.566586971282959,6.719884502320333,-0.1532975310373743,-0.054401337183292243,-0.09889619385408208,-0.015703315305455906,-0.23562536955102745,Train,-0.3844248652458191,0.14879949569479164,-0.053128273092743344,-0.04576792076133873,-0.10752961027603558,-0.04576792076133873,6.612354892044298,-0.04576792076133884,760.5691542013546,-50.6300062521359
2013-05-01,405.6795,6.008025169372559,6.723743747820896,-0.7157185784483371,-0.05271222472029254,-0.6630063537280445,-0.06204938738479418,-0.41989470639400805,Train,-0.5514273643493652,0.13153265795535718,-0.09513151678747644,-0.5678748369405681,-0.147843741507769,-0.5678748369405681,6.575900006313127,-0.5678748369405682,733.3061910246639,-327.62668663013267
2013-06-01,608.5193,6.412670612335205,6.727602993321458,-0.314932380986253,-0.0447955792347301,-0.2701368017515229,-0.10267917534802333,-0.5814364239151543,Train,-0.7018263936042786,0.1203899696891243,-0.13295877752402718,-0.1371780242274957,-0.17775435675875728,-0.1371780242274957,6.549848636562701,-0.13717802422749603,714.4235363597995,-105.90424925042453
2013-07-01,574.71265,6.3556084632873535,6.73146223882202,-0.3758537755346669,-0.07358657293534704,-0.3022672025993199,-0.12411996318155276,-0.6666837723573726,Train,-0.7958476543426514,0.12916388198527873,-0.15660631542602768,-0.1456608871732922,-0.23019288836137472,-0.1456608871732922,6.501269350460646,-0.1456608871732925,680.4994470484819,-105.7868005641069
2013-08-01,811.359,6.699942588806152,6.735321484322583,-0.035378895516430475,0.06694918618334235,-0.10232808169977282,-0.12073756223334388,-0.6532355392774137,Train,-0.8286367058753967,0.175401166597983,-0.16485317717625297,0.06252509547648015,-0.09790399099291063,0.06252509547648015,6.637417493329672,0.06252509547648,779.8972527693128,31.461756019749714
2013-09-01,473.29276,6.161824703216553,6.739180729823145,-0.5773560266065925,0.020883479903416588,-0.598239506510009,-0.16219831841760168,-0.8180811390081336,Train,-0.8827936053276062,0.06471246631947258,-0.17847432331270627,-0.4197651831973027,-0.1575908434092897,-0.41976518319730277,6.581589886413855,-0.4197651831973026,737.4962142695231,-264.20345914256995
2013-10-01,439.48615,6.087879180908203,6.743039975323708,-0.6551607944155045,0.05908218208185376,-0.7142429764973582,-0.22046055108043613,-1.0497284500767707,Train,-0.9941650032997131,-0.0555634467770576,-0.2064856404771581,-0.5077573360202001,-0.14740345839530433,-0.5077573360202001,6.595636516928403,-0.5077573360201999,747.9427955963197,-308.45665057678843
2013-11-01,507.0994,6.230677127838135,6.74689922082427,-0.5162220929861352,-0.13578992276319105,-0.3804321702229442,-0.2523122835347338,-1.1763691200046564,Train,-1.1247109174728394,-0.05165820253181708,-0.23931959132100564,-0.14111257890193854,-0.3751095140841967,-0.1411125789019385,6.371789706740073,-0.1411125789019385,597.7330240713277,-90.63362831937457
2013-12-01,540.906,6.295092582702637,6.750758466324832,-0.4556658836221956,-0.11891178034649483,-0.33675410327570077,-0.23890374555242663,-1.1230575384362331,Train,-1.191809892654419,0.06875235421818582,-0.25619583342125873,-0.08055826985444203,-0.3751076137677536,-0.08055826985444203,6.3756508525570785,-0.08055826985444181,600.0492884222706,-59.14328256289559
2014-01-01,540.906,6.295092582702637,6.754617711825395,-0.459525129122758,-0.30920148010120746,-0.15032364902155054,-0.2570595624666649,-1.1952440300315101,Train,-1.2490661144256592,0.05382208439414904,-0.2705964983754158,0.12027284935386523,-0.5797979784766232,0.12027284935386517,6.174819733348771,0.1202728493538654,490.68871474532506,50.21729111404994
2014-02-01,777.5524,6.657436370849609,6.758476957325957,-0.10104058647634773,-0.22439797119614127,0.12335738471979354,-0.26091880796722716,-1.2105881698301426,Train,-1.2754260301589966,0.06483786032885397,-0.27722635104386895,0.40058373576366246,-0.5016243222400102,0.40058373576366246,6.256852635085947,0.4005837357636626,532.7239322035972,244.82849699562155
2014-03-01,743.7458,6.613042831420898,6.762336202826519,-0.14929337140562016,-0.18929693324388921,0.04000356183826906,-0.2877721743835202,-1.3173556217311613,Train,-1.3176251649856567,0.00026954325449546346,-0.28783996792592603,0.32784352976419506,-0.4771369011698152,0.32784352976419506,6.285199301656704,0.32784352976419484,548.0696996713464,195.67608890287238
2014-04-01,473.29276,6.161824703216553,6.766195448327081,-0.6043707451105282,-0.054401337183292243,-0.549969407927236,-0.32536160888961635,-1.4668090674705025,Train,-1.3987146615982056,-0.06809440587229698,-0.30823500336302023,-0.2417344045642158,-0.3626363405463125,-0.24173440456421574,6.403559107780769,-0.24173440456421602,617.0597879798208,-143.76703285286771
2014-05-01,878.9723,6.779890537261963,6.770054693827643,0.009835843434319536,-0.05271222472029254,0.06254806815461209,-0.264898740399395,-1.2264121539792199,Train,-1.321488380432129,0.09507622645290903,-0.2888116155402699,0.351359683694882,-0.34152384026056243,0.35135968369488196,6.428530853567081,0.3513596836948816,632.6881413907357,246.28414864832678
2014-06-01,574.71265,6.3556084632873535,6.773913939328206,-0.4183054760408522,-0.0447955792347301,-0.3735098968061221,-0.27351316498727823,-1.2606626143715425,Train,-1.2500609159469604,-0.010601698424582029,-0.2708467035576819,-0.1026631932484402,-0.315642282792412,-0.1026631932484402,6.458271656535794,-0.10266319324844009,651.817588096804,-77.104941612429
2014-07-01,709.93915,6.566586971282959,6.777773184828768,-0.21118621354580913,-0.07358657293534704,-0.1375996406104621,-0.25979086815487346,-1.2061035455265898,Train,-1.1627277135849,-0.043375831941689924,-0.24888129704492887,0.11128165643446677,-0.3224678699802759,0.11128165643446675,6.455305314848492,0.11128165643446675,649.8839773639403,60.05517058527846
2014-08-01,608.5193,6.412670612335205,6.7816324303293305,-0.3689618179941254,0.06694918618334235,-0.43591100417746775,-0.28758944502801465,-1.3166291002450876,Train,-1.1427383422851562,-0.17389075795993136,-0.24385371698765654,-0.19205728718981122,-0.17690453080431418,-0.19205728718981124,6.604727899525017,-0.19205728718981163,754.7827663776453,-146.26347926827032
2014-09-01,676.1325,6.517867088317871,6.785491675829893,-0.2676245875120218,0.020883479903416588,-0.2885080674154384,-0.2617784917701338,-1.2140062235539852,Train,-1.087553858757019,-0.1264523647969662,-0.22997412044124102,-0.058533946974197365,-0.20909064053782445,-0.05853394697419734,6.5764010352920685,-0.05853394697419745,733.6741918876337,-57.54168456341495
2014-10-01,777.5524,6.657436370849609,6.789350921330455,-0.13191455048084588,0.05908218208185376,-0.19099673256269964,-0.21817463810891224,-1.0406397905972276,Train,-0.980198085308075,-0.0604417052891526,-0.202972783704258,0.011976051141558364,-0.14389060162240425,0.011976051141558364,6.645460319708051,0.011976051141558308,786.2031986137589,-8.65076941454015
2014-11-01,1048.0054,6.955597877502441,6.793210166831018,0.16238771067142377,-0.13578992276319105,0.2981776334346148,-0.161623821137449,-0.8157969706184024,Train,-0.8291974663734436,0.013400495755041208,-0.16499421554382399,0.46317184897843877,-0.300784138307015,0.46317184897843877,6.492426028524003,0.46317184897843866,674.4992977675607,373.50607332618927
2014-12-01,912.77893,6.817588806152344,6.79706941233158,0.02051939382076373,-0.11891178034649483,0.13943117416725856,-0.12194171468386905,-0.6580231806796081,Train,-0.6818427443504333,0.023819563670825272,-0.12793263663377083,0.2673638108010294,-0.24684441698026566,0.2673638108010294,6.550224995351314,0.26736381080102944,714.6928429700653,198.08608769399723
2015-01-01,507.0994,6.230677127838135,6.8009286578321415,-0.5702515299940067,-0.30920148010120746,-0.2610500498927993,-0.1311689147564731,-0.6947100014178484,Train,-0.5933166146278381,-0.10139338679001031,-0.10566719378082154,-0.15538285611197775,-0.41486867388202897,-0.15538285611197777,6.386059983950113,-0.1553828561119781,606.3383645640756,-99.2389688121225
2015-02-01,1217.0386,7.104997158050537,6.804787903332704,0.3002092547178332,-0.22439797119614127,0.5246072259139745,-0.09773142799029137,-0.5617644628713977,Train,-0.5021652579307556,-0.05959920494064208,-0.08274147309397584,0.6073486990079503,-0.3071394442901171,0.6073486990079503,6.497648459042587,0.6073486990079502,678.0362736820956,539.0023005366544
2015-03-01,676.1325,6.517867088317871,6.808647148833266,-0.2907800605153952,-0.18929693324388921,-0.10148312727150596,-0.10952198541610596,-0.6086430461123824,Train,-0.4503253102302551,-0.15831773588212728,-0.06970306966843029,-0.03178005760307567,-0.2590000029123195,-0.03178005760307567,6.549647145920947,-0.03178005760307556,714.2793997339104,-38.146892409691645
2015-04-01,1048.0054,6.955597877502441,6.812506394333829,0.14309148316861275,-0.054401337183292243,0.197492820351905,-0.0472334663928442,-0.3609874503221015,Train,-0.35606294870376587,-0.0049245016183356305,-0.045994891864556395,0.24348771221646137,-0.10039622904784865,0.2434877122164614,6.71211016528598,0.24348771221646182,840.4581288066638,207.5472422870862
2015-05-01,946.5855,6.853917121887207,6.816365639834391,0.037551482052816,-0.05271222472029254,0.09026370677310855,-0.04492382984130283,-0.3518044672427097,Train,-0.2792055606842041,-0.0725989065585056,-0.02666428534037077,0.11692799211347932,-0.07937651006066332,0.11692799211347932,6.736989129773728,0.11692799211347893,861.6553245055362,84.93018574837004
2015-06-01,980.39215,6.888972282409668,6.820224885334953,0.06874739707471456,-0.0447955792347301,0.11354297630944465,-0.0043360904150055975,-0.1904299323039923,Train,-0.18550530076026917,-0.004924631543723135,-0.003097483208837272,0.11664045951828192,-0.04789306244356737,0.11664045951828192,6.7723318228913865,0.1166404595182815,892.6890645798358,87.70308629907049
2015-07-01,811.359,6.699942588806152,6.824084130835516,-0.12414154202936345,-0.07358657293534704,-0.05055496909401641,0.0029176322113648756,-0.16158954523265506,Train,-0.10361737012863159,-0.05797217510402347,0.017498368496624048,-0.06805333759064046,-0.05608820443872299,-0.06805333759064046,6.767995926396793,-0.0680533375906407,888.8225098456268,-77.46350105656427
2015-08-01,1183.2319,7.076849937438965,6.827943376336078,0.24890656110288667,0.06694918618334235,0.18195737491954433,0.05440666380278255,0.04312790503574919,Train,0.0008771494030952454,0.042250755632653944,0.043780063634214786,0.13817731128532956,0.11072924981755713,0.13817731128532953,6.938672626153635,0.13817731128532973,1054.424901911636,128.80703168211403
2015-09-01,878.9723,6.779890537261963,6.8318026218366406,-0.051912084574677664,0.020883479903416588,-0.07279556447809425,0.07238270571422789,0.1145996214826838,Train,0.10375142097473145,0.01084820050795235,0.06965424588859181,-0.14244981036668608,0.0905377257920084,-0.14244981036668608,6.922340347628649,-0.1424498103666858,1037.327409011287,-158.35511897222455
2015-10-01,1081.812,6.987316608428955,6.835661867337203,0.15165474109175214,0.05908218208185376,0.09257255900989839,0.09601348001194439,0.20855423108740226,Train,0.20180976390838623,0.006744467179016028,0.09431716109437124,-0.0017446020844728571,0.153399343176225,-0.0017446020844728571,6.9890612105134275,-0.0017446020844724686,1108.968926549334,-27.1569148305839
2015-11-01,980.39215,6.888972282409668,6.839521112837765,0.04945116957190265,-0.13578992276319105,0.1852410923350937,0.0866021015869843,0.1711351277343292,Train,0.2713161110877991,-0.10018098335346987,0.11179888774264994,0.07344220459244376,-0.023991035020541104,0.07344220459244376,6.8155300778172245,0.07344220459244344,932.1408621635654,48.25128871534082
2015-12-01,1115.6187,7.018060207366943,6.843380358338327,0.17467984902861655,-0.11891178034649483,0.2935916293751114,0.0994488061876387,0.22221289185051651,Train,0.3198174238204956,-0.09760453196997909,0.12399758218831082,0.1695940471868006,0.005085801841815993,0.16959404718680055,6.848466160180143,0.16959404718680027,963.3865979946473,152.23205434910267
2016-01-01,1352.265,7.210275650024414,6.847239603838889,0.3630360461855249,-0.30920148010120746,0.6722375262867324,0.17722277086926633,0.5314377355654175,Train,0.41189175844192505,0.11954597712349246,0.1471554435131069,0.5250820827736256,-0.16204603658810057,0.5250820827736254,6.6851935672507885,0.5250820827736256,818.1110415675199,534.1539730809176
2016-02-01,912.77893,6.817588806152344,6.851098849339452,-0.03351004318710782,-0.22439797119614127,0.19088792800903345,0.14941282937718794,0.42086699577079417,Train,0.4831794500350952,-0.06231245426430104,0.16508520084306366,0.02580272716596979,-0.05931277035307761,0.02580272716596979,6.791786078986374,0.025802727165969763,910.2453389362014,2.5335917278611078
2016-03-01,845.16565,6.740715026855469,6.854958094840014,-0.1142430679845452,-0.18929693324388921,0.07505386525934402,0.16412424542142542,0.47935874613643875,Train,0.5326583981513977,-0.053299652014958954,0.1775297829699426,-0.10247591771059858,-0.01176715027394662,-0.10247591771059858,6.843190944566067,-0.10247591771059827,958.3126456177498,-113.14699620368731
2016-04-01,1081.812,6.987316608428955,6.858817340340576,0.12849926808837875,-0.054401337183292243,0.18290060527167099,0.1629082274980726,0.47452392829164236,Train,0.554099977016449,-0.07957604872480661,0.1829226116228251,-2.2006351154124637e-05,0.12852127443953287,-2.2006351154124637e-05,6.987338614780109,-2.200635115379157e-05,1107.058544692557,-25.246532973807007
2016-05-01,1622.718,7.3924736976623535,6.862676585841139,0.5297971118212148,-0.05271222472029254,0.5825093365415074,0.20392869664543914,0.6376189718982181,Train,0.6210022568702698,0.01661671502794837,0.1997493823569021,0.3827599541846053,0.14703715763660954,0.3827599541846053,7.009713743477748,0.3827599541846052,1132.1309503609918,490.58706721713315
2016-06-01,878.9723,6.779890537261963,6.866535831341701,-0.0866452940797382,-0.0447955792347301,-0.0418497148450081,0.1909793057159014,0.5861329328004147,Train,0.6761056184768677,-0.089972685676453,0.2136085757126007,-0.2554582905576088,0.1688129964778706,-0.2554582905576088,7.035348827819572,-0.25545829055760905,1161.554382626126,-282.58209258706347
2016-07-01,1453.6849,7.2825446128845215,6.8703950768422635,0.412149536042258,-0.07358657293534704,0.48573610897760505,0.2356702288885366,0.7638214920773384,Train,0.7899961471557617,-0.026174655078423315,0.24225348615586004,0.24348262282174502,0.168666913220513,0.24348262282174502,7.039061990062777,0.2434826228217446,1165.8791599963722,287.8057765270653
2016-08-01,1183.2319,7.076849937438965,6.874254322342826,0.202595615096139,0.06694918618334235,0.13564642891279666,0.23181098338797423,0.7484773522787056,Train,0.8153859972953796,-0.06690864501667404,0.2486393550411268,-0.11299292612833015,0.31558854122446917,-0.11299292612833017,7.189842863567295,-0.11299292612832978,1355.7792246082504,-172.5472910145004
2016-09-01,1183.2319,7.076849937438965,6.878113567843387,0.1987363695955775,0.020883479903416588,0.1778528896921609,0.25269835456882883,0.831524347702621,Train,0.7756780982017517,0.05584624950086925,0.23865231549867416,-0.06079942580651326,0.25953579540209076,-0.06079942580651326,7.137649363245478,-0.060799425806512986,1286.780473806879,-103.54854021312894
2016-10-01,1318.4584,7.184976577758789,6.88197281334395,0.30300376441483934,0.05908218208185376,0.24392158233298558,0.2653107731790861,0.881670604095604,Train,0.7251093983650208,0.1565612057305833,0.22593364701185678,0.0179879353211288,0.28501582909371054,0.0179879353211288,7.16698864243766,0.017987935321128745,1325.12274155752,-6.66436753408243
2016-11-01,507.0994,6.230677127838135,6.885832058844512,-0.6551549310063773,-0.13578992276319105,-0.5193650082431863,0.2065935981308961,0.6482144680739543,Train,0.593900740146637,0.05431372792731737,0.19293300764664206,-0.7122980158898284,0.05714308488345102,-0.7122980158898283,6.942975143727963,-0.7122980158898287,1058.9756689579065,-551.8762732059533
2016-12-01,1183.2319,7.076849937438965,6.8896913043450745,0.18715863309389036,-0.11891178034649483,0.3060704134403852,0.20763349680300225,0.6523490458298614,Train,0.5183172821998596,0.1340317636300018,0.17392281067072335,0.13214760276966186,0.05501103032422852,0.13214760276966184,6.944702334669303,0.13214760276966153,1060.8080312956633,122.42390229808666
2017-01-01,709.93915,6.566586971282959,6.893550549845637,-0.3269635785626779,-0.30920148010120746,-0.01776209846147042,0.15013352807398536,0.423732452646948,Train,0.3630114793777466,0.060720973269201395,0.13486143423528013,-0.15262353269675055,-0.17434004586592733,-0.15262353269675055,6.71921050397971,-0.15262353269675089,846.4540277843869,-136.51487983516813
2017-02-01,540.906,6.295092582702637,6.897409795346199,-0.6023172126435625,-0.22439797119614127,-0.3779192414474213,0.1027329306192808,0.23527038311088827,Train,0.1691674441099167,0.06610293900097158,0.08610720423374714,-0.4640264456811684,-0.13829076696239412,-0.4640264456811684,6.759119028383805,-0.464026445681168,880.9586013719689,-340.05259551259394
2017-03-01,676.1325,6.517867088317871,6.901269040846762,-0.38340195252889053,-0.18929693324388921,-0.19410501928500132,0.08030302357391868,0.14609035314797825,Train,0.03387310355901718,0.11221724958896107,0.052078964014694196,-0.2461839832996955,-0.13721796922919502,-0.2461839832996955,6.764051071617566,-0.24618398329969526,885.3192038249158,-209.18669650069705
2017-04-01,1622.718,7.3924736976623535,6.905128286347324,0.4873454113150295,-0.054401337183292243,0.5417467484983217,0.11020686884280624,0.26498633482513123,Train,0.09873244166374207,0.16625389316138917,0.06839190902399436,0.4733548394743273,0.01399057184070212,0.4733548394743274,6.9191188581880265,0.473354839474327,1033.9878303241637,588.7301872539613
2017-05-01,1149.4253,7.047886848449707,6.908987531847886,0.13889931660182064,-0.05271222472029254,0.1916115413221132,0.0776320525745234,0.1354707249313117,Train,0.07436031848192215,0.06111040644938956,0.06226201135863482,0.12934952996347837,0.00954978663834228,0.12934952996347837,6.918537318486229,0.12934952996347793,1033.386118786485,116.03917418226501
2017-06-01,1487.4916,7.305518627166748,6.912846777348449,0.3926718498182993,-0.0447955792347301,0.4374674290530294,0.11757514789935986,0.29428219172322767,Train,0.20462049543857574,0.08966169628465193,0.09502409567353474,0.3424433333794946,0.050228516438804646,0.3424433333794946,6.963075293787253,0.34244333337949495,1080.4969044221682,406.9946727262693
2017-07-01,743.7458,6.613042831420898,6.916706022849011,-0.3036631914281127,-0.07358657293534704,-0.23007661849276567,0.05792408727682896,0.05711297997044729,Train,0.0993441492319107,-0.04223116926146341,0.06854576122497111,-0.29862237971773675,-0.005040811710375931,-0.29862237971773675,6.911665211138636,-0.2986223797177372,1026.3020753718718,-282.556286797653
2017-08-01,1487.4916,7.305518627166748,6.920565268349573,0.3849533588171754,0.06694918618334235,0.31800417263383307,0.07312056592024867,0.11753331153981571,Train,0.09977944195270538,0.017753869587110324,0.06865524285745103,0.24934892977638204,0.1356044290407934,0.249348929776382,7.0561696973903665,0.24934892977638157,1186.0135224784883,301.4780546699492
2017-09-01,1217.0386,7.104997158050537,6.924424513850135,0.1805726442004021,0.020883479903416588,0.1596891642969855,0.07160692213731738,0.11151515026781454,Train,0.10134419798851013,0.01017095227930441,0.06904879881887387,0.09064036547811162,0.08993227872229045,0.09064036547811163,7.014356792572426,0.09064036547811138,1137.404365884156,79.63420833459395
2017-10-01,1859.3644,7.528527736663818,6.928283759350697,0.600243977313121,0.05908218208185376,0.5411617952312672,0.09637693987884084,0.20999932676945696,Train,0.18856756389141083,0.02143176287804613,0.09098658007101453,0.45017521516025266,0.1500687621528683,0.45017521516025266,7.078352521503565,0.45017521516025294,1212.6390576389535,646.725322243859
2017-11-01,1115.6187,7.018060207366943,6.93214300485126,0.08591720251568358,-0.13578992276319105,0.22170712527887462,0.15813295100567926,0.455537701562679,Train,0.4232994318008423,0.03223826976183669,0.15002461784676416,0.07168250743211046,0.014234695083573112,0.07168250743211046,6.946377699934833,0.07168250743211058,1062.5884385897814,53.03021375396861
2017-12-01,1419.8783,7.259030342102051,6.936002250351822,0.3230280917502286,-0.11891178034649483,0.4419398720967235,0.16945540589370744,0.5005551358358556,Train,0.5611060261726379,-0.06055089033678229,0.18468472172072384,0.25725515037599966,0.06577294137422901,0.2572551503759996,7.001775191726051,0.25725515037599944,1123.1711426729348,296.7071532255027
2018-01-01,1521.2982,7.327976226806641,6.9398614958523845,0.3881147309542561,-0.30920148010120746,0.6973162110554636,0.2290452650201186,0.7374810139338556,Train,0.7229912877082825,0.014489726225573096,0.2254009153547561,0.4719152957007075,-0.08380056474645137,0.47191529570070745,6.856060931105933,0.47191529570070756,970.7387770082515,550.559440765186
2018-02-01,642.32587,6.466651439666748,6.943720741352947,-0.4770693016861989,-0.22439797119614127,-0.25267133049005763,0.23948259093323224,0.7789792259318672,Train,0.7768470644950867,0.002132161436780522,0.23894632532699076,-0.4916176558170484,0.014548354130849483,-0.49161765581704836,6.9582690954837965,-0.4916176558170484,1075.3114868891428,-432.985620189924
2018-03-01,811.359,6.699942588806152,6.947579986853509,-0.24763739804735696,-0.18929693324388921,-0.058340464803467745,0.2507963038066934,0.823961902454178,Train,0.7792410254478455,0.04472087700633254,0.2395484368273226,-0.29788890163079035,0.05025150358343339,-0.29788890163079035,6.997831490436942,-0.29788890163078996,1118.7464780009334,-307.3874692118709
2018-04-01,1453.6849,7.2825446128845215,6.951439232354072,0.3311053805304498,-0.054401337183292243,0.38550671771374206,0.23777630124131174,0.7721951155232448,Train,0.7321835160255432,0.04001159949770161,0.22771287720071706,0.157793840513025,0.17331154001742483,0.15779384051302497,7.124750772371496,0.15779384051302525,1270.276587594792,183.4083489286454
2018-05-01,1115.6187,7.018060207366943,6.955298477854634,0.0627617295123093,-0.05271222472029254,0.11547395423260184,0.23143150231718582,0.7469685572045741,Train,0.6854498982429504,0.06151865896162367,0.21595878042374808,-0.10048482619114624,0.16324655570345553,-0.10048482619114624,7.11854503355809,-0.1004848261911464,1262.4118057636763,-146.79315341992628
2018-06-01,1318.4584,7.184976577758789,6.959157723355196,0.2258188544035935,-0.0447955792347301,0.2706144336383236,0.21752708603262697,0.6916853918144559,Train,0.63487309217453,0.056812299639925845,0.2032380731169913,0.0673763605213323,0.1584424938822612,0.0673763605213323,7.117600217237457,0.06737636052133222,1261.2186774022414,57.23969662119612
2018-07-01,1521.2982,7.327976226806641,6.963016968855758,0.3649592579508827,-0.07358657293534704,0.4385458308862297,0.2732456234808766,0.9132191159210779,Train,0.690704882144928,0.22251423377614987,0.21728047543209525,0.22126535545413448,0.1436939024967482,0.22126535545413448,7.106710871352506,0.2212653554541344,1247.5485063334625,273.74971143997504
2018-08-01,1183.2319,7.076849937438965,6.96687621435632,0.10997372308264453,0.06694918618334235,0.043024536899302177,0.25033065383633235,0.8221105047544444,Train,0.6884101033210754,0.13370040143336892,0.2167033094933746,-0.17367877259407244,0.28365249567671696,-0.17367877259407244,7.250528710033037,-0.17367877259407205,1440.6661889511456,-257.4342553573956
2018-09-01,1115.6187,7.018060207366943,6.970735459856883,0.04732474751006066,0.020883479903416588,0.026441267606644073,0.2392266624454706,0.7779616688746406,Validate,0.674960196018219,0.10300147285642158,0.21332048745690213,-0.18687921985025807,0.23420396736031873,-0.18687921985025807,7.204939427217202,-0.18687921985025824,1376.4173187210768,-260.79866637732675
2018-10-01,878.9723,6.779890537261963,6.974594705357445,-0.1947041680954822,0.05908218208185376,-0.253786350177336,0.1729809836614203,0.5145726317766698,Validate,0.5578490495681763,-0.04327641779150648,0.1838655508534638,-0.43765190103079976,0.24294773293531755,-0.43765190103079976,7.217542438292763,-0.4376519010308,1393.886777102522,-514.9144870634595
2018-11-01,1318.4584,7.184976577758789,6.9784539508580075,0.2065226269007816,-0.13578992276319105,0.3423125496639726,0.1830314356935118,0.5545326553090918,Validate,0.517587423324585,0.03694523198450683,0.17373924191956402,0.1685733077444086,0.03794931915637298,0.16857330774440862,7.01640327001438,0.16857330774440893,1139.7364702243046,178.72190379913286
2018-12-01,1284.6517,7.159020900726318,6.98231319635857,0.17670770436774852,-0.11891178034649483,0.2956194847142434,0.17083807007830512,0.5060525297020758,Validate,0.47053802013397217,0.03551450956810365,0.16190572111289786,0.13371376360134551,0.04299394076640303,0.1337137636013455,7.0253071371249725,0.1337137636013459,1149.9387888055708,134.71294459286673
2019-01-01,980.39215,6.888972282409668,6.986172441859132,-0.09720015944946425,-0.30920148010120746,0.2120013206517432,0.1303951625446618,0.34525383810057514,Validate,0.3570435643196106,-0.011789726219035457,0.1333604280115294,0.07864089264021382,-0.17584105208967807,0.07864089264021382,6.810331389769454,0.07864089264021423,927.3023417928526,53.089809086053606
2019-02-01,1048.0054,6.955597877502441,6.990031687359695,-0.034433809857253195,-0.22439797119614127,0.18996416133888808,0.16728145353040724,0.4919116253431477,Validate,0.3903159499168396,0.1015956754263081,0.14172885440064,0.04823530693824807,-0.08266911679550126,0.04823530693824807,6.907362570564193,0.04823530693824818,1021.8914592325191,26.113911861230918
2019-03-01,878.9723,6.779890537261963,6.993890932860257,-0.2140003955982941,-0.18929693324388921,-0.024703462354404876,0.17008453706782914,0.5030565254691388,Validate,0.4312441945075989,0.07181233096153994,0.15202282629190733,-0.1767262886463122,-0.037274106951981884,-0.1767262886463122,6.9566168259082755,-0.17672628864631257,1073.5345985191097,-194.56230848004725
2019-04-01,912.77893,6.817588806152344,6.997750178360819,-0.1801613722084756,-0.054401337183292243,-0.12576003502518338,0.12747897433958535,0.33365924027276217,Validate,0.3574088215827942,-0.02374958131003202,0.13345229483938603,-0.25921232986456944,0.0790509576560938,-0.25921232986456944,7.076801136016913,-0.2592123298645692,1210.757695355307,-297.9787646912446
2019-05-01,1217.0386,7.104997158050537,7.001609423861381,0.10338773418915626,-0.05271222472029254,0.1560999589094488,0.1308644747293226,0.34711979655530106,Validate,0.33381974697113037,0.013300049584170692,0.1275193438071226,0.028580615102326207,0.07480711908683005,0.028580615102326207,7.076416542948211,0.028580615102326234,1210.2917513498876,6.7468228688624095
2019-06-01,1690.3313,7.433271408081055,7.005468669361943,0.42780273871911145,-0.0447955792347301,0.47259831795384155,0.1476964650889491,0.41404282934233544,Validate,0.3784416913986206,0.03560113794371483,0.1387423279898839,0.33385598996395766,0.0939467487551538,0.33385598996395766,7.099415418117097,0.3338559899639577,1238.4729245873937,451.85837424073134
2019-07-01,743.7458,6.613042831420898,7.009327914862506,-0.3962850834416072,-0.07358657293534704,-0.32269851050626014,0.08425943663957496,0.16182082563844857,Validate,0.22198237478733063,-0.060161549148882054,0.09939082822663353,-0.42208933873289367,0.025804255291286493,-0.42208933873289367,7.035132170153792,-0.4220893387328939,1161.3025335907416,-417.5567450165229
2019-08-01,1352.265,7.210275650024414,7.013187160363068,0.19708848966134607,0.06694918618334235,0.13013930347800373,0.09151900052113342,0.19068443720695524,Validate,0.1687440276145935,0.021940409592361737,0.08600070962239165,0.044138593855612085,0.15294989580573398,0.044138593855612085,7.166137056168802,0.04413859385561203,1323.9939143550803,28.27110029335722
2019-09-01,1386.0717,7.234950065612793,7.01704640586363,0.2179036597491626,0.020883479903416588,0.197020179845746,0.10573390987439191,0.24720210531319756,Validate,0.20973484218120575,0.03746726313199181,0.09631041865506605,0.10070976119067994,0.11719389855848264,0.10070976119067995,7.134240304422113,0.10070976119067954,1282.3978290115206,103.67382626191693
2019-10-01,946.5855,6.853917121887207,7.020905651364193,-0.16698852947698573,0.05908218208185376,-0.22607071155883948,0.10804354642593328,0.2563850883925894,Validate,0.2575162649154663,-0.00113117652287692,0.10832805164835334,-0.3343987632071928,0.16741023373020708,-0.3343987632071928,7.1883158850944,-0.33439876320719275,1353.7090329111297,-407.1235226572235
2019-11-01,980.39215,6.888972282409668,7.024764896864755,-0.13579261445508717,-0.13578992276319105,-2.6916918961228387e-06,0.07951727631294421,0.14296626689406455,Validate,0.19188626110553741,-0.04891999421147286,0.09182127445332769,-0.09182396614522381,-0.043968648309863356,-0.09182396614522381,6.980796248554892,-0.09182396614522403,1099.8328821325913,-119.44073125368504
2019-12-01,912.77893,6.817588806152344,7.0286241423653175,-0.21103533621297377,-0.11891178034649483,-0.09212355586647894,0.04720535626455069,0.014495917362646512,Validate,0.03838972747325897,-0.023893810110612458,0.05321495213442724,-0.1453385080009062,-0.06569682821206758,-0.1453385080009062,6.96292731415325,-0.14533850800090597,1080.3368767467864,-167.5579460827239
2020-01-01,912.77893,6.817588806152344,7.03248338786588,-0.21489458171353615,-0.30920148010120746,0.09430689838767131,0.0373974877425447,-0.024499607981968465,Validate,-0.0837666466832161,0.05926703870124763,0.02249107686248846,0.07181582152518284,-0.286710403238719,0.07181582152518284,6.745772984627161,0.07181582152518295,869.2661408827037,43.51278978135883
2020-02-01,912.77893,6.817588806152344,7.036342633366442,-0.21875382721409853,-0.22439797119614127,0.005644143982042743,0.022037486296140926,-0.08557009688102378,Validate,-0.2129082828760147,0.12733818599499092,-0.00998968028342364,0.015633824265466383,-0.23438765147956492,0.01563382426546639,6.801954981886877,0.015633824265466778,919.5589787985813,-6.780048134518779
2020-03-01,1149.4253,7.047886848449707,7.040201878867004,0.0076849695827032605,-0.18929693324388921,0.19698190282659248,0.0405112667278907,-0.012119400491609998,Validate,-0.22671674191951752,0.2145973414279075,-0.01346268262390582,0.2104445854504983,-0.20275961586779503,0.2104445854504983,6.837442262999208,0.2104445854504986,952.8136837292855,196.61160923946454
2020-04-01,405.6795,6.008025169372559,7.044061124367566,-1.0360359549950076,-0.054401337183292243,-0.9816346178117153,-0.03081161517098696,-0.2956951073333463,Validate,-0.4820587635040283,0.186363656170682,-0.07768443508684407,-0.9039501827248713,-0.13208577227013632,-0.9039501827248713,6.911975352097429,-0.9039501827248708,1026.6207332343715,-620.9412288398403
2020-05-01,439.48615,6.087879180908203,7.0479203698681285,-0.9600411889599254,-0.05271222472029254,-0.9073289642396328,-0.1194306921000771,-0.6480394982324525,Validate,-0.820277750492096,0.1722382522596434,-0.16275079402700146,-0.7445781702126314,-0.215463018747294,-0.7445781702126314,6.832457351120834,-0.7445781702126313,948.0708377235844,-508.58469270405317
2020-06-01,405.6795,6.008025169372559,7.051779615368691,-1.0437544459961323,-0.0447955792347301,-0.9989588667614022,-0.24206045749301408,-1.1356084449057309,Validate,-1.1279319524765015,-0.007676492429229409,-0.24012972242044625,-0.7588291443409559,-0.2849253016551764,-0.7588291443409559,6.766854313713514,-0.7588291443409556,887.8072568056567,-482.12775241112547
2020-07-01,845.16565,6.740715026855469,7.055638860869253,-0.31492383401378454,-0.07358657293534704,-0.2413372610784375,-0.23528035337402886,-1.1086511379824382,Validate,-1.261200189590454,0.1525490516080159,-0.27364837196349356,0.03231111088505606,-0.3472349448988406,0.03231111088505606,6.708403915970413,0.03231111088505578,837.3452473134324,7.820402100630076
2020-08-01,845.16565,6.740715026855469,7.059498106369816,-0.3187830795143469,0.06694918618334235,-0.38573226569768926,-0.2782696508053366,-1.279574130452048,Validate,-1.3808592557907104,0.10128512533866241,-0.3037441426547888,-0.08198812304290048,-0.23679495647144644,-0.08198812304290048,6.822703149898369,-0.08198812304290026,938.8584127639263,-93.69276334986375
2020-09-01,1048.0054,6.955597877502441,7.063357351870378,-0.10775947436793665,0.020883479903416588,-0.12864295427135325,-0.30540824531509486,-1.3874756329699522,Validate,-1.5131651163101196,0.12568948334016738,-0.3370207422953274,0.20837778802397416,-0.3161372623919108,0.20837778802397416,6.747220089478467,0.20837778802397455,870.5264188943844,177.4789521993656
2020-10-01,709.93915,6.566586971282959,7.06721659737094,-0.5006296260879814,0.05908218208185376,-0.5597118081698352,-0.3332116700326779,-1.4980204624412032,Validate,-1.6713732481002808,0.17335278565907752,-0.37681209122568293,-0.1828997169441523,-0.31772990914382915,-0.1828997169441523,6.749486688227111,-0.18289971694415197,872.504059997613,-162.56491204839426
2020-11-01,540.906,6.295092582702637,7.071075842871503,-0.7759832601688661,-0.13578992276319105,-0.6401933374056751,-0.3865608905088261,-1.710133917523245,Validate,-1.8973253965377808,0.1871914790145357,-0.4336419183547028,-0.2065514190509723,-0.5694318411178938,-0.2065514190509723,6.5016440017536095,-0.20655141905097274,680.754819532301,-139.84881367292598
2020-12-01,507.0994,6.230677127838135,7.074935088372065,-0.8442579605339304,-0.11891178034649483,-0.7253461801874356,-0.4393294425355725,-1.9199386679989132,Validate,-2.1469409465789795,0.22700227858006627,-0.4964233906958714,-0.2289227894915642,-0.6153351710423662,-0.2289227894915642,6.459599917329699,-0.22892278949156442,652.6852762351426,-145.5858804831895
2021-01-01,202.83975,5.317334175109863,7.078794333872627,-1.7614601587627634,-0.30920148010120746,-1.452258678661556,-0.5682099072896748,-2.4323600385003643,Validate,-2.472013235092163,0.03965319659179878,-0.5781831884600828,-0.8740754902014731,-0.8873846685612903,-0.8740754902014731,6.191409665311337,-0.8740754902014736,498.91383552044863,-296.074083323183
2021-02-01,270.453,5.60378885269165,7.082653579373189,-1.4788647266815387,-0.22439797119614127,-1.2544667554853974,-0.6732191489119614,-2.84987078855915,Validate,-2.673265218734741,-0.1766055698244089,-0.6288006113032368,-0.6256661441821606,-0.8531985824993781,-0.6256661441821606,6.229454996873811,-0.6256661441821603,518.2996548343604,-247.84665190467285
2021-03-01,338.06625,5.82619571685791,7.0865128248737514,-1.2603171080158413,-0.18929693324388921,-1.071020174771952,-0.7788859887118402,-3.2699961114319303,Validate,-2.7091500759124756,-0.5608460355194547,-0.637826107383104,-0.43319406738884814,-0.8271230406269932,-0.43319406738884814,6.259389784246759,-0.4331940673888486,534.0797887080709,-196.01353504596148
2021-04-01,912.77893,6.817588806152344,7.090372070374314,-0.2727832642219701,-0.054401337183292243,-0.21838192703867784,-0.7152815978140871,-3.017108684187459,Validate,-2.573070526123047,-0.44403815806441216,-0.6036003770954932,0.3852184500568153,-0.6580017142787854,0.3852184500568153,6.432370356095529,0.385218450056815,635.1258654409814,277.65306522308106
2021-05-01,811.359,6.699942588806152,7.094231315874876,-0.39428872706872387,-0.05271222472029254,-0.34157650234843134,-0.6681355593231535,-2.829658726559421,Validate,-2.4065020084381104,-0.4231567181213105,-0.5617062852241321,0.22012978287570079,-0.6144185099444247,0.22012978287570084,6.479812805930451,0.22012978287570117,666.0325832897603,145.32642549930222
2021-06-01,1014.1988,6.922839641571045,7.098090561375439,-0.17525091980439367,-0.0447955792347301,-0.13045534056966357,-0.595760265473842,-2.541898689881488,Validate,-2.2425169944763184,-0.2993816954051698,-0.5204619772605089,0.39000663669084534,-0.565257556495239,0.39000663669084534,6.5328330048801995,0.39000663669084545,702.3531369324551,311.8456545714512
2021-07-01,1217.0386,7.104997158050537,7.101949806876001,0.0030473511745361392,-0.07358657293534704,0.07663392410988318,-0.5692626667081486,-2.436545749849652,Test,-2.127324342727661,-0.30922140712199075,-0.4914895663731641,0.5681234904830472,-0.5650761393085111,0.5681234904830472,6.53687366756749,0.568123490483047,705.2008992577257,511.8376749610243
2021-08-01,676.1325,6.517867088317871,7.105809052376563,-0.5879419640586923,0.06694918618334235,-0.6548911502420346,-0.5916925737535107,-2.5257257798125616,Test,-2.0814130306243896,-0.444312749188172,-0.4799422898894572,-0.1749488603525774,-0.41299310370611486,-0.1749488603525774,6.692815948670448,-0.17494886035257728,824.3784743879862,-148.24596706376747
2021-09-01,1115.6187,7.018060207366943,7.109668297877126,-0.09160809051018237,0.020883479903416588,-0.11249157041359896,-0.5903466250986978,-2.520374364796797,Test,-2.0559823513031006,-0.4643920134936965,-0.4735461519478782,0.3610545815342792,-0.4526626720444616,0.3610545815342792,6.657005625832664,0.3610545815342796,795.3443677838023,320.27428455994766
2021-10-01,1250.8452,7.132373809814453,7.113527543377688,0.018846266436765013,0.05908218208185376,-0.04023591564508874,-0.5470569673883023,-2.3482571570041126,Test,-2.006868600845337,-0.3413885561587757,-0.46119342165753274,0.42095750601244397,-0.40211123957567896,0.42095750601244397,6.711416303802009,0.42095750601244397,839.8744759312525,410.9707389124975
2021-11-01,878.9723,6.779890537261963,7.11738678887825,-0.3374962516162867,-0.13578992276319105,-0.20170632885309567,-0.510516383342254,-2.2029738808185066,Test,-1.9437240362167358,-0.2592498446017708,-0.4453117638959416,0.24360543504284596,-0.5811016866591326,0.24360543504284593,6.536285102219117,0.24360543504284582,704.7853761726724,174.1869138663901
2021-12-01,1352.265,7.210275650024414,7.121246034378812,0.08902961564560208,-0.11891178034649483,0.2079413959920969,-0.43274241866062635,-1.8937490371036052,Test,-1.818615436553955,-0.07513360054965013,-0.41384536651775417,0.6217867625098511,-0.532757146864249,0.6217867625098511,6.588488887514563,0.621786762509851,742.6087157633928,609.6562988850447
2022-01-01,1318.4584,7.184976577758789,7.125105279879374,0.0598712978794147,-0.30920148010120746,0.36907277798062216,-0.28096479727377816,-1.2902898789535444,Test,-1.523027777671814,0.23273789871826955,-0.3395013265433333,0.7085741045239555,-0.6487028066445408,0.7085741045239555,6.476402473234834,0.7085741045239553,663.7616547737864,654.6967192496511
2022-02-01,1081.812,6.987316608428955,7.128964525379937,-0.14164791695098167,-0.22439797119614127,0.0827500542451596,-0.16953006312956506,-0.8472317374377646,Test,-1.1556336879730225,0.3084019505352579,-0.24709705975415866,0.32984711399931826,-0.47149503095029993,0.32984711399931826,6.657469494429637,0.32984711399931843,795.7138526179739,286.0981591007761
2022-03-01,1183.2319,7.076849937438965,7.132823770880499,-0.05597383344153428,-0.18929693324388921,0.13332309980235493,-0.06916812358170617,-0.44819839512774856,Test,-0.8067594766616821,0.35856108153393357,-0.15935077694295205,0.292673876745307,-0.34864771018684126,0.292673876745307,6.784176060693658,0.2926738767453072,903.3370646242047,279.8948689695453
2022-04-01,845.16565,6.740715026855469,7.1366830163810615,-0.39596798952559276,-0.054401337183292243,-0.3415666523423005,-0.07943351735700806,-0.4890130147608596,Test,-0.6126662492752075,0.1236532345143479,-0.11053387196743705,-0.23103278037486344,-0.1649352091507293,-0.23103278037486347,6.971747807230332,-0.2310327803748633,1089.9169897303882,-244.7513403163257
2022-05-01,1284.6517,7.159020900726318,7.140542261881624,0.018478638844694473,-0.05271222472029254,0.07119086356498702,-0.04503623686422319,-0.3522513911488947,Test,-0.4626932144165039,0.11044182326760921,-0.0728137542169652,0.14400461778195223,-0.12552597893725775,0.14400461778195223,7.015016282944366,0.1440046177819525,1138.1553802189728,146.49635317946468
2022-06-01,1318.4584,7.184976577758789,7.144401507382186,0.040575070376602795,-0.0447955792347301,0.0853706496113329,-0.027050737682473486,-0.2807420731351143,Test,-0.3439856171607971,0.06324354402568283,-0.04295729001605429,0.1283279396273872,-0.08775286925078439,0.1283279396273872,7.056648638131402,0.1283279396273871,1186.5821677773938,131.8762062460437
2022-07-01,946.5855,6.853917121887207,7.148260752882749,-0.2943436309955416,-0.07358657293534704,-0.22075705806019458,-0.051833319529979965,-0.3792762038049018,Test,-0.2776872515678406,-0.10158895223706121,-0.026282411367460873,-0.1944746466927337,-0.09986898430280791,-0.1944746466927337,7.048391768579941,-0.19447464669273362,1176.816827785636,-230.2313175317297
2022-08-01,1115.6187,7.018060207366943,7.152119998383311,-0.13405979101636767,0.06694918618334235,-0.20100897719971,-0.014009805109786251,-0.22889206968995907,Test,-0.19686493277549744,-0.03202713691446163,-0.005954574536089115,-0.1950544026636209,0.060994611647253234,-0.1950544026636209,7.213114610030564,-0.1950544026636205,1387.724111688936,-272.1054593451861
2022-09-01,405.6795,6.008025169372559,7.155979243883873,-1.1479540745113148,0.020883479903416588,-1.1688375544147314,-0.1020386371098806,-0.5788896804465153,Test,-0.2123100906610489,-0.36657958978546645,-0.009839227364956092,-1.1589983270497752,0.011044252538460496,-1.1589983270497752,7.167023496422334,-1.1589983270497752,1325.1689630247258,-919.4894586301946
2022-10-01,980.39215,6.888972282409668,7.159838489384435,-0.27086620697476693,0.05908218208185376,-0.3299483890566207,-0.1261813432275083,-0.6748797017427006,Test,-0.26570069789886475,-0.4091790038438359,-0.02326764130401518,-0.30668074775260556,0.03581454077783858,-0.3066807477526055,7.195653030162274,-0.3066807477526057,1363.6852834542608,-383.29313257535455
2022-11-01,1250.8452,7.132373809814453,7.163697734884997,-0.031323925070544156,-0.13578992276319105,0.10446599769264689,-0.10066698268202973,-0.5734360607446096,Test,-0.28551149368286133,-0.2879245670617483,-0.028250307357328933,0.13271630504997584,-0.16404023012052,0.13271630504997584,6.999657504764477,0.13271630504997578,1120.7930190509562,130.05219579279378
2022-12-01,777.5524,6.657436370849609,7.16755698038556,-0.5101206095359503,-0.11891178034649483,-0.39120882918945543,-0.15059616811382578,-0.7719516517288333,Test,-0.34911251068115234,-0.42283914104768094,-0.04424676867109471,-0.3469620605183607,-0.16315854901758953,-0.34696206051836076,7.00439843136797,-0.34696206051836054,1126.1239842909863,-348.57155509176755
2023-01-01,709.93915,6.566586971282959,7.171416225886122,-0.6048292546031631,-0.30920148010120746,-0.2956277745019556,-0.20598788082070726,-0.9921859393211225,Test,-0.46695756912231445,-0.5252283701988081,-0.07388629343566208,-0.22174148106629352,-0.3830877735368695,-0.22174148106629354,6.788328452349252,-0.2217414810662932,907.1000335587275,-197.1608856095088
2023-02-01,777.5524,6.657436370849609,7.175275471386684,-0.517839100537075,-0.22439797119614127,-0.2934411293409338,-0.23733714611954834,-1.1168288285231063,Test,-0.6040494441986084,-0.5127793843244979,-0.10836663635452568,-0.18507449298640813,-0.33276460755066695,-0.1850744929864081,6.842510863836018,-0.18507449298640832,957.6604573688398,-180.1080281696211
2023-03-01,1014.1988,6.922839641571045,7.179134716887247,-0.2562950753162019,-0.18929693324388921,-0.06699814207231267,-0.25403058294243736,-1.1832009803576369,Test,-0.7326012849807739,-0.45059969537686295,-0.14069905248460965,0.07370091041229698,-0.32999598572849886,0.07370091041229698,6.849138731158748,0.0737009104122972,964.0354346024915,50.16335690141477
2023-04-01,1555.1049,7.349941253662109,7.182993962387809,0.1669472912743002,-0.054401337183292243,0.22134862845759243,-0.20712097620911293,-0.9966910619007432,Test,-0.7590423226356506,-0.23764873926509256,-0.1473493083437797,0.36869793680137214,-0.20175064552707195,0.36869793680137214,6.981243316860737,0.36869793680137253,1100.3251396523933,454.7797187460442
2023-05-01,1453.6849,7.2825446128845215,7.186853207888372,0.09569140499614992,-0.05271222472029254,0.14840362971644247,-0.20068657902982492,-0.971108266034417,Test,-0.7605744004249573,-0.21053386560945975,-0.14773464531232192,0.2961382750287644,-0.20044687003261447,0.2961382750287644,6.986406337855757,0.2961382750287642,1106.0260086600524,347.6589278633851
2023-06-01,1183.2319,7.076849937438965,7.190712453388934,-0.1138625159499691,-0.0447955792347301,-0.069066936715239,-0.2135563778903726,-1.022277851609565,Test,-0.776011049747467,-0.24626680186209793,-0.1516171581298187,0.08255022141457971,-0.1964127373645488,0.08255022141457971,6.994299716024385,0.08255022141457946,1114.7987613671398,68.43317222661017
2023-07-01,1453.6849,7.2825446128845215,7.194571698889495,0.08797291399502605,-0.07358657293534704,0.1615594869303731,-0.1816966658078253,-0.8956054551352894,Test,-0.7475233674049377,-0.1480820877303517,-0.14445214520992528,0.30601163214029836,-0.21803871814527231,0.30601163214029836,6.976532980744223,0.30601163214029814,1095.1497266075746,358.5352099158629
2023-08-01,1081.812,6.987316608428955,7.198430944390058,-0.21111433596110274,0.06694918618334235,-0.2780635221444451,-0.18811787788655324,-0.9211358277944826,Test,-0.7358455061912537,-0.1852903216032289,-0.1415150152087298,-0.13654850693571527,-0.07456582902538746,-0.1365485069357153,7.12386511536467,-0.13654850693571507,1269.1511710174768,-187.33915929872683
2023-09-01,1453.6849,7.2825446128845215,7.20229018989062,0.08025442299390129,0.020883479903416588,0.0593709430904847,-0.08576716976111858,-0.514195255152267,Test,-0.6136080026626587,0.09941274751039164,-0.11077073487215877,0.17014167796264346,-0.08988725496874218,0.17014167796264346,7.112402934921878,0.17014167796264346,1254.6755884603556,199.00934806308192
2023-10-01,1183.2319,7.076849937438965,7.206149435391183,-0.12929949795221773,0.05908218208185376,-0.1883816800340715,-0.07396994400923947,-0.46729015902752263,Test,-0.5097825527191162,0.04249239369159358,-0.08465731921009742,-0.10372436082397407,-0.025575137128243663,-0.10372436082397407,7.180574298262939,-0.10372436082397396,1343.2619260702836,-160.0299924765336
2023-11-01,1115.6187,7.018060207366943,7.210008680891745,-0.1919484735248016,-0.13578992276319105,-0.056158550761610554,-0.08735532304709424,-0.5205096619548708,Test,-0.4490746259689331,-0.0714350359859377,-0.069388506736166,0.013229955974555452,-0.20517842949935705,0.013229955974555452,7.004830251392388,0.013229955974555452,1126.610804099111,-10.992151755360965
2023-12-01,1487.4916,7.305518627166748,7.213867926392307,0.09165070077444071,-0.11891178034649483,0.21056248112093554,-0.03720771385456167,-0.32112563056705123,Test,-0.3617320656776428,0.04060643511059159,-0.0474207465856888,0.25798322770662435,-0.16633252693218364,0.25798322770662435,7.0475353994601235,0.2579832277066245,1175.8086135888875,311.68296355955
2024-01-01,1284.6517,7.159020900726318,7.21772717189287,-0.05870627116655136,-0.30920148010120746,0.2504952089346561,0.008302534765155975,-0.14017948008511633,Test,-0.24870118498802185,0.10852170490290552,-0.018992048499603453,0.26948725743425955,-0.3281935286008109,0.26948725743425955,6.889533643292059,0.2694872574342595,1003.8160135041596,280.8357198942779
2024-02-01,777.5524,6.657436370849609,7.221586417393432,-0.5641500465438227,-0.22439797119614127,-0.3397520753476815,0.0044432892645936695,-0.155523619883749,Test,-0.1567353904247284,0.001211770540979401,0.004138513625857286,-0.34389058897353875,-0.22025945757028398,-0.34389058897353875,7.001326959823148,-0.3438905889735384,1122.66736621524,-345.11493701602126
2024-03-01,1250.8452,7.132373809814453,7.2254456628939945,-0.09307185307954136,-0.18929693324388921,0.09622508016434786,0.018045224450982045,-0.10144310207230783,Test,-0.0776054859161377,-0.02383761615617014,0.024040686829591807,0.07218439333475606,-0.1652562464142974,0.07218439333475604,7.060189416479697,0.0721843933347559,1190.7945862229321,60.05062862081786
2024-04-01,878.9723,6.779890537261963,7.229304908394557,-0.44941437113259397,-0.054401337183292243,-0.3950130339493017,-0.033318247416259134,-0.3056613340451771,Test,-0.06726288795471191,-0.23839844609046518,0.026641981211067277,-0.42165501516036896,-0.027759355972224967,-0.421655015160369,7.201545552422332,-0.4216550151603693,1371.7504606466032,-492.7781706075407
2024-05-01,1250.8452,7.132373809814453,7.233164153895119,-0.10079034408066612,-0.05271222472029254,-0.048078119360373574,-0.0496917265059938,-0.3707613521980184,Forecast,0.0,-0.3707613521980184,0.043559449449800364,-0.09163756881017393,-0.00915277527049218,-0.09163756881017393,7.224011378624627,-0.0916375688101736,1402.9394655147867,-152.09425067103666
2024-06-01,,,7.237023399395682,,-0.0447955792347301,,-0.04793034375969878,-0.36375819495028383,Forecast,0.0,-0.36375819495028383,0.043559449449800364,,-0.0012361297849297348,,7.235787269610752,,1419.5698301125824,
2024-07-01,,,7.240882644896243,,-0.07358657293534704,,-0.06887932682870597,-0.44705015572427437,Forecast,0.0,-0.44705015572427437,0.043559449449800364,,-0.030027123485546675,,7.210855521410696,,1384.5904018489384,
2024-08-01,,,7.2447418903968055,,0.06694918618334235,,-0.04563663846029051,-0.3546385536199105,Forecast,0.0,-0.3546385536199105,0.043559449449800364,,0.11050863563314271,,7.355250526029948,,1599.828545819101,
2024-09-01,,,7.248601135897368,,0.020883479903416588,,-0.05876258615413741,-0.4068265723335635,Forecast,0.0,-0.4068265723335635,0.043559449449800364,,0.06444292935321695,,7.313044065250585,,1533.6692347467629,
2024-10-01,,,7.25246038139793,,0.05908218208185376,,-0.04024557274271826,-0.3332039840850126,Forecast,0.0,-0.3332039840850126,0.043559449449800364,,0.10264163153165412,,7.355102012929584,,1599.590819461786,
2024-11-01,,,7.256319626898493,,-0.13578992276319105,,-0.037593409739569546,-0.3226591353877359,Forecast,0.0,-0.3226591353877359,0.043559449449800364,,-0.09223047331339068,,7.164089153585102,,1321.2832324480876,
2024-12-01,,,7.260178872399055,,-0.11891178034649483,,-0.08722458791167056,-0.5199898665196642,Forecast,0.0,-0.5199898665196642,0.043559449449800364,,-0.07535233089669446,,7.18482654150236,,1348.9902251866379,
2025-01-01,,,7.264038117899617,,-0.30920148010120746,,-0.17165453712325224,-0.8556785247574481,Forecast,0.0,-0.8556785247574481,0.043559449449800364,,-0.2656420306514071,,6.99839608724821,,1119.3788617959792,
2025-02-01,,,7.26789736340018,,-0.22439797119614127,,-0.11562202438177581,-0.6328964528087708,Forecast,0.0,-0.6328964528087708,0.043559449449800364,,-0.1808385217463409,,7.087058841653839,,1223.2515185273705,
2025-03-01,,,7.271756608900742,,-0.18929693324388921,,-0.22154557665483765,-1.054042449820058,Forecast,0.0,-1.054042449820058,0.043559449449800364,,-0.14573748379408885,,7.126019125106653,,1271.8900377274545,
2025-04-01,,,7.275615854401304,,-0.054401337183292243,,-0.048078119360373574,-0.36434574230254485,Forecast,0.0,-0.36434574230254485,0.043559449449800364,,-0.01084188773349188,,7.2647739666678115,,1461.3500675983473,
2025-05-01,,,7.279475099901866,,-0.05271222472029254,,,,Forecast,0.0,,0.043559449449800364,,-0.00915277527049218,,7.2703223246313735,,1469.486259622105,
2025-06-01,,,7.283334345402428,,-0.0447955792347301,,,,Forecast,0.0,,0.043559449449800364,,-0.0012361297849297348,,7.2820982156174985,,1486.9049042533375,
2025-07-01,,,7.287193590902991,,-0.07358657293534704,,,,Forecast,0.0,,0.043559449449800364,,-0.030027123485546675,,7.257166467417444,,1450.2674495093302,
2025-08-01,,,7.291052836403553,,0.06694918618334235,,,,Forecast,0.0,,0.043559449449800364,,0.11050863563314271,,7.401561472036696,,1675.7078912299676,
2025-09-01,,,7.2949120819041156,,0.020883479903416588,,,,Forecast,0.0,,0.043559449449800364,,0.06444292935321695,,7.359355011257333,,1606.4126258231604,
2025-10-01,,,7.298771327404678,,0.05908218208185376,,,,Forecast,0.0,,0.043559449449800364,,0.10264163153165412,,7.401412958936332,,1675.4588966325732,
2025-11-01,,,7.30263057290524,,-0.13578992276319105,,,,Forecast,0.0,,0.043559449449800364,,-0.09223047331339068,,7.210400099591849,,1383.9595174181231,
2025-12-01,,,7.306489818405803,,-0.11891178034649483,,,,Forecast,0.0,,0.043559449449800364,,-0.07535233089669446,,7.231137487509108,,1412.9798228645182,
2026-01-01,,,7.310349063906365,,-0.30920148010120746,,,,Forecast,0.0,,0.043559449449800364,,-0.2656420306514071,,7.044707033254958,,1172.4848704733492,
2026-02-01,,,7.3142083094069275,,-0.22439797119614127,,,,Forecast,0.0,,0.043559449449800364,,-0.1808385217463409,,7.133369787660587,,1281.2810958276577,
2026-03-01,,,7.31806755490749,,-0.18929693324388921,,,,Forecast,0.0,,0.043559449449800364,,-0.14573748379408885,,7.172330071113401,,1332.2250830357275,
2026-04-01,,,7.321926800408051,,-0.054401337183292243,,,,Forecast,0.0,,0.043559449449800364,,-0.01084188773349188,,7.311084912674559,,1530.6655268839152,
2026-05-01,,,7.325786045908614,,-0.05271222472029254,,,,Forecast,0.0,,0.043559449449800364,,-0.00915277527049218,,7.316633270638121,,1539.1873747772613,
2026-06-01,,,7.329645291409176,,-0.0447955792347301,,,,Forecast,0.0,,0.043559449449800364,,-0.0012361297849297348,,7.328409161624246,,1557.4316639511367,
2026-07-01,,,7.3335045369097385,,-0.07358657293534704,,,,Forecast,0.0,,0.043559449449800364,,-0.030027123485546675,,7.303477413424192,,1519.0575921966717,
2026-08-01,,,7.337363782410301,,0.06694918618334235,,,,Forecast,0.0,,0.043559449449800364,,0.11050863563314271,,7.447872418043444,,1755.1839210421826,
2026-09-01,,,7.341223027910863,,0.020883479903416588,,,,Forecast,0.0,,0.043559449449800364,,0.06444292935321695,,7.40566595726408,,1682.6040569237439,
2026-10-01,,,7.345082273411426,,0.05908218208185376,,,,Forecast,0.0,,0.043559449449800364,,0.10264163153165412,,7.4477239049430795,,1754.9231240896204,
2026-11-01,,,7.348941518911988,,-0.13578992276319105,,,,Forecast,0.0,,0.043559449449800364,,-0.09223047331339068,,7.256711045598597,,1449.6066611279855,
2026-12-01,,,7.35280076441255,,-0.11891178034649483,,,,Forecast,0.0,,0.043559449449800364,,-0.07535233089669446,,7.277448433515856,,1480.0025303639236,
2027-01-01,,,7.356660009913112,,-0.30920148010120746,,,,Forecast,0.0,,0.043559449449800364,,-0.2656420306514071,,7.0910179792617045,,1228.108106361806,
2027-02-01,,,7.360519255413674,,-0.22439797119614127,,,,Forecast,0.0,,0.043559449449800364,,-0.1808385217463409,,7.179680733667333,,1342.0612777142471,
2027-03-01,,,7.364378500914237,,-0.18929693324388921,,,,Forecast,0.0,,0.043559449449800364,,-0.14573748379408885,,7.218641017120148,,1395.4200122180616,
