,DataOriginal,DataLog,Linear,DataLinear,MonthlyAverage,DataSeasons,DataRolled,DataNormalised,Purpose,ModelledNormalised,ResidualsNormalised,ModelledSeasons,ResidualsSeasons,ModelledLinear,ResidualsLinear,ModelledLog,ResidualsLog,ModelledOriginal,ResidualsOriginal
2010-04-01,428.26553,6.062075614929199,5.945253082236389,0.11682253269280984,0.08976414710619648,0.02705838558661336,0.24869013337210258,1.0109482272741994,Train,1.0109482272741994,0.0,0.2486901333721026,-0.22163174778548925,0.33845428047829906,-0.22163174778548922,6.283707362714688,-0.221631747785489,626.9036368520789,-198.63810340481325
2010-05-01,642.3983,6.466763973236084,5.955326813498817,0.5114371597372669,0.2409306226681776,0.2705065370690893,0.13560900902045378,0.5363387481656585,Train,0.5363387481656585,0.0,0.1356090090204538,0.13489752804863547,0.3765396316886314,0.13489752804863547,6.3318664451874485,0.13489752804863553,657.8828785374819,-15.484563107794429
2010-06-01,428.26553,6.062075614929199,5.965400544761244,0.09667507016795529,0.0035593204354270234,0.09311574973252827,0.07843350912953903,0.29636913010091,Train,0.29636913010091,0.0,0.07843350912953903,0.014682240602989241,0.08199282956496605,0.014682240602989241,6.04739337432621,0.014682240602989616,494.75047314548505,-66.48493969821942
2010-07-01,571.0207,6.349174976348877,5.975474276023672,0.3737007003252053,-0.2135928677056624,0.5872935680308677,0.016682256180003345,0.03719475272612795,Train,0.03719475272612795,0.0,0.016682256180003345,0.5706113118508644,-0.19691061152565906,0.5706113118508643,5.778563664498012,0.5706113118508647,377.8888961003981,193.13179481757066
2010-08-01,356.88794,5.88021993637085,5.9855480072860985,-0.10532807091524887,-0.00912495179876475,-0.09620311911648412,0.008021088128999043,0.000843217660242733,Train,0.000843217660242733,0.0,0.008021088128999043,-0.10422420724548316,-0.0011038636697657065,-0.10422420724548316,5.984444143616333,-0.10422420724548331,464.5053041121769,-107.61736465905187
2010-09-01,356.88794,5.88021993637085,5.995621738548526,-0.1154018021776766,-0.7257714811076776,0.610369678930001,0.04473420286293357,0.15493075755894473,Train,0.15493075755894473,0.0,0.04473420286293357,0.5656354760670674,-0.681037278244744,0.5656354760670674,5.314584460303783,0.565635476067067,237.23648332832195,119.65145612480305
2010-10-01,285.51035,5.657774448394775,6.005695469810954,-0.34792102141617853,0.19495671567326056,-0.5428777370894391,0.06365862102873311,0.2343578794557157,Train,0.2343578794557157,0.0,0.06365862102873311,-0.6065363581181722,0.25861533670199366,-0.6065363581181722,6.264310806512947,-0.6065363581181717,614.84182563215,-329.3314801731656
2010-11-01,356.88794,5.88021993637085,6.015769201073381,-0.13554926470253115,0.18624572540433304,-0.3217949901068642,0.04452086894004228,0.15403537999173234,Train,0.15403537999173234,0.0,0.04452086894004228,-0.36631585904690644,0.23076659434437533,-0.36631585904690644,6.246535795417756,-0.36631585904690667,603.9919443960811,-247.10400494295607
2010-12-01,428.26553,6.062075614929199,6.0258429323358085,0.03623268259339074,0.5135604500096729,-0.47732776741628213,0.067874865930892,0.2520537575987817,Train,0.2520537575987817,0.0,0.067874865930892,-0.5452026333471741,0.5814353159405649,-0.5452026333471741,6.607278248276374,-0.5452026333471744,866.7968085748366,-438.531275127571
2011-01-01,499.6431,6.215893268585205,6.035916663598236,0.17997660498696888,0.24990602931700856,-0.06992942433003968,0.02594350776803175,0.07606488085130182,Train,0.07606488085130182,0.0,0.02594350776803175,-0.09587293209807143,0.2758495370850403,-0.0958729320980714,6.311766200683277,-0.09587293209807157,644.7713851298911,-145.12828820606296
2011-02-01,642.3983,6.466763973236084,6.045990394860663,0.42077357837542095,0.008908228173142074,0.4118653502022789,-0.0484611785324671,-0.23621685149600533,Train,-0.23621685149600533,0.0,-0.0484611785324671,0.460326528734746,-0.039552950359325025,0.460326528734746,6.006437444501338,0.460326528734746,474.85671593715495,167.54159949253255
2011-03-01,499.6431,6.215893268585205,6.056064126123091,0.15982914246211433,-0.07539784294829399,0.23522698541040832,-0.06079831283054584,-0.28799667696621334,Train,-0.28799667696621334,0.0,-0.060798312830545834,0.29602529824095414,-0.1361961557788398,0.29602529824095414,5.919867970344251,0.2960252982409539,435.3947911004529,64.24830582337523
2011-04-01,499.6431,6.215893268585205,6.0661378573855185,0.1497554111996866,0.08976414710619648,0.05999126409349012,0.0863750215090492,0.32970021939970856,Train,0.32970021939970856,0.0,0.0863750215090492,-0.02638375741555908,0.1761391686152457,-0.026383757415559095,6.242277026000764,-0.026383757415558762,601.420901830425,-101.77780490659688
2011-05-01,785.15344,6.667151927947998,6.076211588647945,0.5909403393000527,0.2409306226681776,0.35000971663187513,0.12883156720992242,0.5078933453999241,Train,0.5078933453999241,0.0,0.12883156720992242,0.2211781494219527,0.36976218987810006,0.22117814942195269,6.445973778526046,0.22117814942195224,737.5236501257626,47.62979225704987
2011-06-01,499.6431,6.215893268585205,6.086285319910373,0.12960794867483205,0.0035593204354270234,0.12604862823940502,0.17461366194976935,0.700044035990929,Train,0.700044035990929,0.0,0.17461366194976935,-0.04856503371036433,0.17817298238519638,-0.04856503371036433,6.264458302295569,-0.04856503371036425,614.9326664033437,-115.28956947951554
2011-07-01,142.75517,4.968111515045166,6.0963590511728,-1.1282475361276338,-0.2135928677056624,-0.9146546684219714,0.22112843323900766,0.8952698218947497,Train,0.8952698218947497,0.0,0.22112843323900766,-1.1357831016609792,0.007535565533345251,-1.1357831016609792,6.103894616706145,-1.1357831016609792,523.5674216466772,-380.812248917185
2011-08-01,713.7759,6.571969032287598,6.106432782435228,0.4655362498523701,-0.00912495179876475,0.47466120165113485,0.19870990724091184,0.8011776822265045,Train,0.8011776822265045,0.0,0.19870990724091186,0.275951294410223,0.18958495544214712,0.2759512944102229,6.296017737877374,0.27595129441022337,634.681139958163,79.09473894808696
2011-09-01,642.3983,6.466763973236084,6.116506513697655,0.3502574595384287,-0.7257714811076776,1.0760289406461063,0.10418672671393804,0.40445720627789855,Train,0.40445720627789855,0.0,0.10418672671393804,0.9718422139321683,-0.6215847543937396,0.9718422139321683,5.4949217593039155,0.9718422139321685,284.3170753054431,358.0812401242444
2011-10-01,642.3983,6.466763973236084,6.126580244960082,0.34018372827600185,0.19495671567326056,0.1452270126027413,0.10912772182010078,0.4251949123014198,Train,0.4251949123014198,0.0,0.10912772182010078,0.036099290782640514,0.30408443749336134,0.036099290782640514,6.430664682453443,0.036099290782640736,726.3036239773497,-83.90530854766223
2011-11-01,571.0207,6.349174976348877,6.13665397622251,0.2125210001263671,0.18624572540433304,0.02627527472203406,0.09457931063495219,0.3641342012939106,Train,0.3641342012939106,0.0,0.09457931063495219,-0.06830403591291813,0.2808250360392852,-0.06830403591291812,6.417479012261795,-0.06830403591291834,716.7765864815577,-145.75589556358898
2011-12-01,1213.419,7.102021217346191,6.146727707484937,0.9552935098612547,0.5135604500096729,0.44173305985158184,0.08573279777417284,0.3270047609487211,Train,0.3270047609487211,0.0,0.08573279777417284,0.356000262077409,0.5992932477838457,0.356000262077409,6.746020955268783,0.35600026207740854,995.9496854548612,217.4692598576388
2012-01-01,713.7759,6.571969032287598,6.156801438747364,0.41516759354023325,0.24990602931700856,0.1652615642232247,0.1693526633661954,0.6779632527332731,Train,0.6779632527332731,0.0,0.16935266336619542,-0.004091099142970733,0.419258692683204,-0.004091099142970733,6.576060131430569,-0.004091099142971011,840.1243249122742,-126.34844600602423
2012-02-01,214.13277,5.371255397796631,6.166875170009792,-0.7956197722131613,0.008908228173142074,-0.8045280003863033,0.09475832592322941,0.36488554112369076,Train,0.36488554112369076,0.0,0.09475832592322941,-0.8992863263095328,0.10366655409637149,-0.8992863263095328,6.270541724106163,-0.8992863263095323,618.6910649910691,-404.55829826743627
2012-03-01,499.6431,6.215893268585205,6.176948901272219,0.03894436731298612,-0.07539784294829399,0.11434221026128011,-0.08005677849814036,-0.3688258198610371,Train,-0.3688258198610371,0.0,-0.08005677849814036,0.19439898875942047,-0.15545462144643435,0.19439898875942047,6.0214942798257844,0.19439898875942063,482.07582422392494,17.567272699903185
2012-04-01,642.3983,6.466763973236084,6.187022632534647,0.2797413407014373,0.08976414710619648,0.18997719359524082,-0.5943155803473992,-2.527206393737073,Train,-1.3916785717010498,-1.135527822036023,-0.3237631187960646,0.5137403123913055,-0.23399897168986813,0.5137403123913055,5.953023660844779,0.5137403123913051,450.10629916245864,192.29201626722886
2012-05-01,642.3983,6.466763973236084,6.197096363797074,0.2696676094390096,0.2409306226681776,0.028736986770831974,-0.5944913110081648,-2.5279439477528074,Train,-3.6344733238220215,1.106529376069214,-0.8581345618953201,0.886871548666152,-0.6172039392271425,0.886871548666152,5.579892424569932,0.8868715486661518,309.62045720337636,332.77785822631114
2012-06-01,499.6431,6.215893268585205,6.207170095059501,0.008723173525703842,0.0035593204354270234,0.0051638530902768185,-0.6229957204936153,-2.6475789709784054,Train,-3.2853448390960693,0.6377658681176639,-0.7749507163679339,0.7801145694582107,-0.7713913959325068,0.7801145694582107,5.4357786991269945,0.7801145694582106,267.9318620546422,231.71123486918594
2012-07-01,285.51035,5.657774448394775,6.217243826321929,-0.5594693779271536,-0.2135928677056624,-0.34587651022149113,-0.6264859950084875,-2.662227900045453,Train,-2.8169162273406982,0.1546883272952453,-0.663342254195468,0.31746574397397687,-0.8769351219011304,0.31746574397397687,5.340308704420798,0.317465743973977,243.44444197243888,42.065903486545494
2012-08-01,214.13277,5.371255397796631,6.227317557584357,-0.8560621597877258,-0.00912495179876475,-0.8469372079889611,-0.5327593436855828,-2.2688505135187595,Train,-2.7580065727233887,0.4891560592046291,-0.6493063567418286,-0.19763085124713253,-0.6584313085405933,-0.19763085124713253,5.568886249043763,-0.19763085124713253,306.22045874106317,-92.08769201743036
2012-09-01,0.0,0.0,6.2373912888467835,-6.2373912888467835,-0.7257714811076776,-5.511619807739105,-0.564480686291414,-2.401987232640509,Train,-2.277524709701538,-0.12446252293897109,-0.5348260699107685,-4.976793737828337,-1.2605975510184462,-4.976793737828338,4.976793737828338,-4.976793737828338,168.94469919989533,-168.94469919989533
2012-10-01,642.3983,6.466763973236084,6.247465020109211,0.21929895312687275,0.19495671567326056,0.024342237453612192,-0.6591313798615652,-2.7992428898525574,Train,-2.6481211185455322,-0.1511217713070252,-0.6231248933381408,0.647467130791753,-0.42816817766488025,0.647467130791753,5.819296842444331,0.6474671307917532,393.640881230323,248.75743419936452
2012-11-01,713.7759,6.571969032287598,6.257538751371638,0.3144302809159596,0.18624572540433304,0.12818455551162655,-0.6554627042547215,-2.7838451987810777,Train,-3.2664809226989746,0.4826357239178969,-0.7704561730228121,0.8986407285344387,-0.5842104476184791,0.8986407285344387,5.673328303753159,0.8986407285344384,340.04268698727566,373.73319191897434
2012-12-01,999.2862,6.908041477203369,6.267612482634066,0.6404289945693034,0.5135604500096729,0.12686854455963048,-0.6460921303235088,-2.7445162370472787,Train,-3.199597120285034,0.45508088323775553,-0.7545203438605121,0.8813888884201426,-0.24095989385083927,0.8813888884201426,6.026652588783227,0.8813888884201422,484.57411651732497,514.7120773303313
2013-01-01,856.53107,6.75405740737915,6.2776862138964935,0.4763711934826569,0.24990602931700856,0.22646516416564832,-0.5927983710630513,-2.52083855903193,Train,-2.964679718017578,0.44384115898564813,-0.698548592036109,0.9250137562017573,-0.4486425627191004,0.9250137562017573,5.829043651177393,0.9250137562017571,397.5061769667422,459.02488992778905
2013-02-01,428.26553,6.062075614929199,6.28775994515892,-0.22568433022972112,0.008908228173142074,-0.2345925584028632,-0.5074988489895267,-2.162830430163049,Train,-2.589465618133545,0.4266351879704957,-0.6091495510241723,0.37455699262130915,-0.6002413228510303,0.37455699262130915,5.68751862230789,0.3745569926213088,344.91669140645155,83.34884204081408
2013-03-01,214.13277,5.371255397796631,6.297833676421348,-0.9265782786247172,-0.07539784294829399,-0.8511804356764232,-0.005524539611957363,-0.05600874028758946,Train,-2.0604007244110107,2.0043919841234215,-0.4830938027287458,-0.3680866329476774,-0.5584916456770398,-0.3680866329476774,5.739342030744308,-0.3680866329476773,363.31591086084677,-149.18314413721396
2013-04-01,642.3983,6.466763973236084,6.307907407683775,0.1588565655523091,0.08976414710619648,0.06909241844611261,0.045297864773802446,0.15729648647652159,Train,0.09146872907876968,0.0658277573977519,0.029613650387551274,0.039478768058561334,0.11937779749374776,0.039478768058561334,6.427285205177522,0.03947876805856154,723.8498664516587,-81.45155102197123
2013-05-01,785.15344,6.667151927947998,6.317981138946203,0.34917078900179543,0.2409306226681776,0.10824016633361783,0.04308521581969076,0.1480098422767755,Train,0.14456063508987427,0.0034492071869012264,0.04226340284716187,0.06597676348645595,0.28319402551533945,0.06597676348645598,6.601175164461542,0.06597676348645631,861.516700777363,-76.36325839455048
2013-06-01,713.7759,6.571969032287598,6.32805487020863,0.24391416207896732,0.0035593204354270234,0.2403548416435403,0.03221532816540595,0.1023881547745743,Train,0.20410972833633423,-0.10172157356175993,0.05645165385108011,0.18390318779246018,0.06001097428650713,0.18390318779246018,6.388065844495137,0.18390318779246062,695.9719680679519,17.803910838298066
2013-07-01,499.6431,6.215893268585205,6.338128601471057,-0.12223533288585209,-0.2135928677056624,0.09135753481981032,0.01843759540412927,0.044562035635612465,Train,0.2555551826953888,-0.21099314705977634,0.06870912041628727,0.022648414403523054,-0.14488374728937514,0.022648414403523054,6.193244854181682,0.022648414403523276,572.5953609558609,-72.95226403203276
2013-08-01,571.0207,6.349174976348877,6.348202332733485,0.0009726436153920659,-0.00912495179876475,0.010097595414156816,0.09575870764788802,0.36908421399656977,Train,0.27907946705818176,0.090004746938388,0.0743140496105147,-0.06421645419635788,0.06518909781174995,-0.06421645419635788,6.413391430545235,-0.06421645419635791,713.8486042901218,-142.82791337215303
2013-09-01,499.6431,6.215893268585205,6.358276063995913,-0.14238279541070753,-0.7257714811076776,0.5833886856969701,0.1958295635699998,0.7890886760626282,Train,0.4355223476886749,0.3535663283739533,0.11158835115151103,0.4718003345454591,-0.6141831299561666,0.4718003345454591,5.744092934039746,0.4718003345454589,365.05085854336454,134.59223838046358
2013-10-01,785.15344,6.667151927947998,6.368349795258339,0.2988021326896586,0.19495671567326056,0.10384541701639805,0.21033465495357276,0.8499675707981578,Train,0.7194576263427734,0.13050994445538433,0.17923917138715423,-0.07539375437075618,0.3741958870604148,-0.07539375437075618,6.742545682318754,-0.07539375437075613,992.491026553324,-207.3375841705115
2013-11-01,713.7759,6.571969032287598,6.378423526520767,0.1935455057668305,0.18624572540433304,0.007299780362497454,0.23590238049272286,0.9572771237381417,Train,0.993782639503479,-0.03650551576533734,0.24460023620250548,-0.23730045584000803,0.4308459616068385,-0.23730045584000803,6.8092694881276055,-0.2373004558400078,1061.042091932233,-347.266213025983
2013-12-01,1070.6638,6.976967811584473,6.388497257783195,0.5884705538012778,0.5135604500096729,0.0749101037916049,0.22080292858109563,0.8939036558168583,Train,1.1761689186096191,-0.2822652627927609,0.28805584848057225,-0.21314574468896735,0.8016162984902451,-0.2131457446889673,7.19011355627344,-0.2131457446889673,1553.3191821406906,-482.6553637813156
2014-01-01,1427.5518,7.264416694641113,6.398570989045622,0.8658457055954916,0.24990602931700856,0.615939676278483,0.21379451700137642,0.8644888565893133,Train,1.1616222858428955,-0.2971334292535822,0.28458994722659525,0.33134972905188775,0.5344959765436038,0.33134972905188775,6.933066965589226,0.33134972905188764,1201.0050459713873,226.5467118411127
2014-02-01,785.15344,6.667151927947998,6.408644720308049,0.2585072076399486,0.008908228173142074,0.24959897946680654,0.2512157736940416,1.0215485183880673,Train,1.0181413888931274,0.00340712949493982,0.25040398621178744,-0.0008050067449809073,0.2593122143849295,-0.0008050067449809073,6.667956934692979,-0.0008050067449811849,921.0839598637851,-135.93051748097264
2014-03-01,713.7759,6.571969032287598,6.418718451570476,0.1532505807171214,-0.07539784294829399,0.22864842366541538,0.2170158724365125,0.8780091132533611,Train,1.0207586288452148,-0.14274951559185378,0.25102757349671906,-0.02237914983130368,0.17562973054842507,-0.02237914983130368,6.594348182118901,-0.022379149831303735,855.6483687828085,-141.87248987655846
2014-04-01,999.2862,6.908041477203369,6.428792182832904,0.47924929437046515,0.08976414710619648,0.38948514726426864,0.30581367479923427,1.2506997719905197,Train,0.8597081899642944,0.3909915820262253,0.2126554686239126,0.17682967864035604,0.3024196157301091,0.17682967864035604,6.731211798563013,0.17682967864035604,981.2944847534602,17.99170909419604
2014-05-01,856.53107,6.75405740737915,6.438865914095332,0.3151914932838187,0.2409306226681776,0.07426087061564107,0.31876999612655016,1.3050783692283585,Train,1.1037547588348389,0.20132361039351965,0.2708023485679854,-0.19654147795234433,0.511732971236163,-0.19654147795234433,6.950598885331495,-0.19654147795234422,1222.2643153367992,-365.73324844226795
2014-06-01,642.3983,6.466763973236084,6.4489396453577585,0.01782432787832544,0.0035593204354270234,0.014265007442898417,0.26926355410103847,1.0972963295912306,Train,1.2052793502807617,-0.10798302068953114,0.29499174101672154,-0.2807267335738231,0.29855106145214855,-0.2807267335738231,6.7474907068099075,-0.2807267335738235,997.4160311094121,-355.0177156797246
2014-07-01,785.15344,6.667151927947998,6.459013376620186,0.20813855132781178,-0.2135928677056624,0.4217314190334742,0.18092444216717662,0.7265308270351895,Train,1.0439813137054443,-0.3174504866702549,0.2565606431677911,0.16517077586568313,0.04296777546212868,0.1651707758656831,6.5019811520823145,0.16517077586568352,780.0666609754555,5.086781407356966
2014-08-01,785.15344,6.667151927947998,6.469087107882613,0.19806482006538495,-0.00912495179876475,0.2071897718641497,0.13072473309967825,0.5158390965759467,Train,0.5311111211776733,-0.015272024601726608,0.13436346723607406,0.07282630462807563,0.12523851543730932,0.07282630462807563,6.594325623319922,0.07282630462807571,855.6290440424335,-70.47560165962102
2014-09-01,927.9086,6.834010601043701,6.479160839145041,0.35484976189866035,-0.7257714811076776,1.080621243006338,0.06663286652090226,0.24684099820672542,Train,0.20670731365680695,0.040133684549918475,0.057070558195742846,1.023550684810595,-0.6687009229119348,1.023550684810595,5.810459916233106,1.023550684810595,390.16883259644067,537.7397977746531
2014-10-01,927.9086,6.834010601043701,6.4892345704074685,0.34477603063623263,0.19495671567326056,0.14981931496297207,0.008651297207231819,0.0034882497472903382,Train,-0.1488625407218933,0.15235079046918365,-0.027648017156394256,0.17746733211936633,0.1673086985168663,0.17746733211936633,6.6565432689243345,0.17746733211936672,910.6194346344047,17.289195736689067
2014-11-01,499.6431,6.215893268585205,6.499308301669895,-0.2834150330846903,0.18624572540433304,-0.46966075848902333,-0.06711979727758828,-0.31452839441954983,Train,-0.413682758808136,0.09915436438858616,-0.09074445608232776,-0.3789163024066956,0.09550126932200528,-0.3789163024066956,6.594809570991901,-0.3789163024066955,856.0437080037832,-356.40061107995507
2014-12-01,785.15344,6.667151927947998,6.509382032932323,0.15776989501567495,0.5135604500096729,-0.3557905549939979,-0.07265515291180515,-0.33776067362882434,Train,-0.8606910109519958,0.5229303373231715,-0.19724927314126572,-0.1585412818527322,0.31631117686840715,-0.1585412818527322,6.82569320980073,-0.15854128185273186,1078.6287999378815,-293.47535755506897
2015-01-01,642.3983,6.466763973236084,6.519455764194751,-0.05269179095866683,0.24990602931700856,-0.3025978202756754,-0.11112298270164071,-0.49921287675881265,Train,-0.5123955011367798,0.013182624377967134,-0.11426389339176425,-0.18833392688391115,0.13564213592524432,-0.18833392688391115,6.655097900119995,-0.18833392688391104,909.302760111516,-266.9044446818285
2015-02-01,428.26553,6.062075614929199,6.529529495457178,-0.4674538805279784,0.008908228173142074,-0.4763621087011205,-0.14363223609642223,-0.6356565132044902,Train,-0.7836011648178101,0.14794465161331982,-0.17888173759746828,-0.2974803711036522,-0.1699735094243262,-0.2974803711036522,6.359555986032851,-0.297480371103652,676.3819767432022,-248.11644329593662
2015-03-01,499.6431,6.215893268585205,6.539603226719605,-0.3237099581344003,-0.07539784294829399,-0.2483121151861063,-0.24267761263748752,-1.0513569657582136,Train,-0.8855840563774109,-0.1657729093808027,-0.20318032527812968,-0.045131789907976616,-0.2785781682264237,-0.045131789907976616,6.261025058493182,-0.04513178990797684,612.8216452923782,-113.17854836855008
2015-04-01,356.88794,5.88021993637085,6.549676957982033,-0.6694570216111835,0.08976414710619648,-0.75922116871738,-0.20243483762961298,-0.882455191975213,Train,-1.449631929397583,0.56717673742237,-0.33757116759565153,-0.42165000112172846,-0.24780702048945505,-0.42165000112172846,6.301869937492578,-0.4216500011217281,638.4121796268189,-281.5242401736939
2015-05-01,856.53107,6.75405740737915,6.55975068924446,0.19430671813469047,0.2409306226681776,-0.04662390453348714,-0.1643764644806751,-0.7227215073350983,Train,-0.9763801097869873,0.253658602451889,-0.22481352111217068,0.17818961657868354,0.01611710155600693,0.17818961657868354,6.575867790800467,0.17818961657868382,839.9625580872915,16.56850880723971
2015-06-01,713.7759,6.571969032287598,6.569824420506888,0.002144611780710015,0.0035593204354270234,-0.0014147086547170082,-0.12952534140664407,-0.5764488781642304,Train,-0.7192984223365784,0.14284954417234796,-0.16356087541761855,0.16214616676290153,-0.1600015549821915,0.16214616676290153,6.4098228655246965,0.16214616676290117,711.3021668320246,2.473712074225432
2015-07-01,499.6431,6.215893268585205,6.5798981517693145,-0.3640048831841094,-0.2135928677056624,-0.150412015478447,-0.09105377260431093,-0.41498098213426404,Train,-0.5526106357574463,0.13762965362318225,-0.12384560812573793,-0.026566407352709057,-0.33743847583140035,-0.026566407352709043,6.242459675937914,-0.026566407352708765,601.5309440195756,-101.88784709574747
2015-08-01,713.7759,6.571969032287598,6.589971883031742,-0.01800285074414454,-0.00912495179876475,-0.008877898945379789,-0.07668244784723542,-0.3546635153937962,Train,-0.39153286814689636,0.03686935275310016,-0.08546699187123845,0.07658909292585867,-0.0945919436700032,0.07658909292585867,6.495379939361739,0.07658909292585836,774.9276542969723,-61.151775390722264
2015-09-01,642.3983,6.466763973236084,6.60004561429417,-0.13328164105808593,-0.7257714811076776,0.5924898400495917,-0.038227882624475545,-0.1932669845902593,Train,-0.30501604080200195,0.11174905621174266,-0.06485337047902703,0.6573432105286188,-0.7906248515867047,0.6573432105286188,5.809420762707465,0.6573432105286185,389.76255925167584,252.63575617801166
2015-10-01,856.53107,6.75405740737915,6.610119345556597,0.14393806182255364,0.19495671567326056,-0.05101865385070692,0.029599393928664276,0.09140889371221239,Train,-0.1664670705795288,0.2578759642917412,-0.03184249728713838,-0.01917615656356854,0.16311421838612217,-0.019176156563568525,6.773233563942719,-0.019176156563568192,1023.4517919962964,-166.92072510176513
2015-11-01,927.9086,6.834010601043701,6.6201930768190245,0.2138175242246767,0.18624572540433304,0.027571798820343663,0.03326806953550789,0.10680658478369201,Train,0.045053210109472275,0.061753374674219735,0.018554623327510032,0.00901717549283363,0.20480034873184308,0.009017175492833623,6.8249934255508675,0.009017175492833651,1077.8735569923663,-149.96492662127253
2015-12-01,1427.5518,7.264416694641113,6.630266808081451,0.634149886559662,0.5135604500096729,0.1205894365499891,0.04429500235898811,0.1530874019715564,Train,0.18480290472507477,-0.031715502753518365,0.05185158280799653,0.06873785374199257,0.5654120328176694,0.0687378537419926,7.195678840899121,0.06873785374199226,1561.9935259959534,-134.4417681834534
2016-01-01,713.7759,6.571969032287598,6.640340539343879,-0.06837150705628137,0.24990602931700856,-0.3182775363732899,0.07067264785268858,0.2637962462605847,Train,0.2716330885887146,-0.007836842328129923,0.0725398649666326,-0.39081740133992254,0.3224458942836412,-0.39081740133992254,6.96278643362752,-0.3908174013399224,1237.2641280621424,-523.4882491558924
2016-02-01,927.9086,6.834010601043701,6.650414270606307,0.18359633043739443,0.008908228173142074,0.17468810226425235,0.06962281266802338,0.25939001371735027,Train,0.35999903082847595,-0.10060901711112569,0.09359405908351796,0.08109404318073439,0.10250228725666004,0.08109404318073439,6.752916557862966,0.08109404318073477,1002.8480110137529,-74.9393806426591
2016-03-01,713.7759,6.571969032287598,6.660488001868734,-0.08851896958113592,-0.07539784294829399,-0.013121126632841928,-0.005600603077032473,-0.05632798403180824,Train,0.3927939832210541,-0.4491219672528623,0.10140783072705359,-0.11452895735989552,0.026009987778759597,-0.11452895735989552,6.686497989647493,-0.11452895735989532,938.3398460672878,-224.5639671610378
2016-04-01,856.53107,6.75405740737915,6.670561733131161,0.0834956742479891,0.08976414710619648,-0.006268472858207391,0.041910644082164834,0.14308008159638777,Train,0.058502234518527985,0.08457784707785979,0.021759006865035166,-0.028027479723242557,0.11152315397123165,-0.028027479723242557,6.782084887102393,-0.028027479723242266,1032.5597953447523,-176.02872845022102
2016-05-01,1142.0414,7.041447639465332,6.680635464393589,0.360812175071743,0.2409306226681776,0.1198815524035654,0.049902917197255925,0.1766242172936136,Train,0.075773224234581,0.10085099305903261,0.025874017250890505,0.0940075351526749,0.2668046399190681,0.0940075351526749,6.9474401043126575,0.09400753515267457,1218.4063876187497,-76.3650057828122
2016-06-01,927.9086,6.834010601043701,6.690709195656016,0.14330140538768532,0.0035593204354270234,0.1397420849522583,0.043453353348346636,0.14955494152934692,Train,0.14576920866966248,0.0037857328596844486,0.04255135929405132,0.09719072565820697,0.04611067972947835,0.09719072565820697,6.736819875385494,0.09719072565820674,986.8187434414164,-58.91011307032261
2016-07-01,642.3983,6.466763973236084,6.700782926918444,-0.2340189536823596,-0.2135928677056624,-0.020426085976697178,0.08101958178258221,0.3072230599838575,Train,0.13825424015522003,0.16896881982863748,0.040760832289246075,-0.06118691826594325,-0.17283203541641634,-0.061186918265943246,6.5279508915020275,-0.06118691826594347,800.6164399008695,-158.21812447118202
2016-08-01,642.3983,6.466763973236084,6.710856658180871,-0.2440926849447873,-0.00912495179876475,-0.23496773314602257,0.03386798922564849,0.10932449016601883,Train,0.30429697036743164,-0.1949724802014128,0.08032240754071787,-0.31529014068674044,0.07119745574195312,-0.31529014068674044,6.7820541139228245,-0.31529014068674055,1032.5279899129555,-390.129674483268
2016-09-01,642.3983,6.466763973236084,6.720930389443298,-0.25416641620721414,-0.7257714811076776,0.4716050649004635,0.039952030475463585,0.13485964172208414,Train,0.08053864538669586,0.05432099633538828,0.02700943322046291,0.4445956316800006,-0.6987620478872147,0.4445956316800006,6.022168341556084,0.4445956316800004,482.40155691950594,159.99675851018156
2016-10-01,1142.0414,7.041447639465332,6.731004120705726,0.3104435187596062,0.19495671567326056,0.11548680308634562,0.09572174255328371,0.36892906887932814,Train,0.043018683791160583,0.32591038508816755,0.018069874215398234,0.09741692887094738,0.2130265898886588,0.09741692887094738,6.944030710594385,0.09741692887094722,1214.256030262231,-72.21464842629348
2016-11-01,1070.6638,6.976967811584473,6.741077851968153,0.23588995961631998,0.18624572540433304,0.04964423421198694,0.07326403342501998,0.2746724748416605,Train,0.3553524315357208,-0.0806799566940603,0.09248695377786063,-0.042842719565873696,0.2787326791821937,-0.04284271956587371,7.0198105311503465,-0.04284271956587382,1309.927103692491,-239.26328533311607
2016-12-01,1570.3069,7.359663009643555,6.75115158323058,0.6085114264129743,0.5135604500096729,0.09495097640330141,0.041611092868706186,0.1418228439610081,Train,0.2813805043697357,-0.1395576604087276,0.07486229800802745,0.020088678395273965,0.5884227480177003,0.02008867839527395,7.339574331248281,0.020088678395273618,1803.8877468547425,-233.58086208911755
2017-01-01,785.15344,6.667151927947998,6.761225314493008,-0.09407338654501007,0.24990602931700856,-0.34397941586201863,0.011796253593452467,0.016687854197999865,Train,0.011252309195697308,0.005435545002302557,0.010501172969527992,-0.35448058883154665,0.2604072022865366,-0.35448058883154665,7.021632516779545,-0.35448058883154676,1312.3177712559734,-527.1643288731609
2017-02-01,927.9086,6.834010601043701,6.771299045755435,0.06271155528826622,0.008908228173142074,0.053803327115124144,0.053696571759617416,0.192546453883348,Train,-0.23408199846744537,0.4266284523507934,-0.0479525254367714,0.10175585255189554,-0.039044297263629325,0.10175585255189554,6.732254748491806,0.10175585255189556,982.3195031449033,-54.4108727738095
2017-03-01,1498.9293,7.313173294067383,6.781372777017863,0.5318005170495201,-0.07539784294829399,0.6071983599978141,0.04141587764153689,0.14100351184159304,Train,0.11246715486049652,0.028536356981096522,0.03461676495128142,0.5725815950465327,-0.04078107799701257,0.5725815950465327,6.74059169902085,0.5725815950465325,990.5516570456855,508.377664243377
2017-04-01,856.53107,6.75405740737915,6.7914465082802895,-0.037389100901139116,0.08976414710619648,-0.1271532480073356,0.13065492777092685,0.515546118672626,Train,0.07032597810029984,0.4452201405723262,0.024576148698745946,-0.15172939670608154,0.11434029580494243,-0.15172939670608154,6.905786804085232,-0.15172939670608176,1168.6573849853273,-312.1263180907961
2017-05-01,927.9086,6.834010601043701,6.801520239542717,0.032490361500983944,0.2409306226681776,-0.20844026116719366,0.13115777973511686,0.5176566239418411,Train,0.5798096656799316,-0.06215304173809055,0.14596645118183882,-0.3544067123490325,0.3868970738500164,-0.3544067123490325,7.188417313392733,-0.3544067123490322,1550.6849141044584,-622.7762837333646
2017-06-01,642.3983,6.466763973236084,6.811593970805145,-0.34482999756906096,0.0035593204354270234,-0.34838931800448797,0.1727513368773075,0.6922277259069995,Train,0.6281088590621948,0.06411886684480472,0.15747428516611323,-0.5058636031706012,0.16103360560154026,-0.5058636031706012,6.972627576406685,-0.5058636031706012,1249.5102210856176,-607.1119056559301
2017-07-01,927.9086,6.834010601043701,6.821667702067572,0.01234289897612939,-0.2135928677056624,0.2259357666817918,0.2016645747969612,0.8135786309945298,Train,0.7767430543899536,0.03683557660457615,0.1928880783257768,0.03304768835601499,-0.020704789379885596,0.03304768835601499,6.8009629126876865,0.03304768835601468,1052.256697959499,-124.34806758840523
2017-08-01,1284.7966,7.1591339111328125,6.8317414333299995,0.327392477802813,-0.00912495179876475,0.33651742960157777,0.19923861707501064,0.8033967148051061,Train,0.8796751499176025,-0.07627843511249643,0.21741282468356277,0.119104604918015,0.20828787288479803,0.11910460491801497,7.040029306214797,0.11910460491801533,1336.7022117414922,-51.90558088211719
2017-09-01,1356.1742,7.213160037994385,6.841815164592427,0.37134487340195754,-0.7257714811076776,1.0971163545096352,0.20090484875173892,0.8103900070340281,Train,0.8296570777893066,-0.01926707075527856,0.20549544822324967,0.8916209062863856,-0.520276032884428,0.8916209062863856,6.321539131707999,0.891620906286386,651.1134039133692,705.0607904225683
2017-10-01,1213.419,7.102021217346191,6.851888895854854,0.25013232149133735,0.19495671567326056,0.05517560581807679,0.20584584385790156,0.831127713057549,Train,0.785162091255188,0.04596562180236097,0.1948940099318351,-0.1397184041137583,0.38985072560509565,-0.1397184041137583,7.24173962145995,-0.1397184041137587,1635.6700002591324,-422.2510549466324
2017-11-01,1998.5724,7.600688457489014,6.861962627117282,0.7387258303717319,0.18624572540433304,0.5524801049673989,0.2390711840183008,0.9705768163198587,Train,0.7897197604179382,0.18085705590192047,0.19597992661920233,0.35650017834819653,0.38222565202353537,0.35650017834819653,7.244188279140817,0.35650017834819625,1639.6825555085131,358.88983218679937
2017-12-01,1570.3069,7.359663009643555,6.8720363583797095,0.4876266512638452,0.5135604500096729,-0.025933798745827685,0.20741824346198695,0.8377271854392061,Train,0.9462712407112122,-0.10854405527200606,0.23328010326912935,-0.25921390201495703,0.7468405532788023,-0.2592139020149571,7.6188769116585116,-0.25921390201495687,2385.435858159759,-815.1289733941339
2018-01-01,1284.7966,7.1591339111328125,6.882110089642136,0.27702382149067617,0.24990602931700856,0.02711779217366761,0.16243443390530568,0.6489269542386131,Train,0.8028885722160339,-0.1539616179774208,0.19911754630455075,-0.17199975413088314,0.4490235756215593,-0.17199975413088314,7.331133665263696,-0.17199975413088353,1788.7174062003098,-503.9207753409348
2018-02-01,1855.8173,7.526618957519531,6.892183820904564,0.6344351366149672,0.008908228173142074,0.6255269084418251,0.14139203044449522,0.5606104982165573,Train,0.5086145401000977,0.05199595811645963,0.129003400077073,0.4965235083647521,0.13791162825021508,0.4965235083647521,7.030095449154779,0.4965235083647519,1323.4794544084582,532.3378063337293
2018-03-01,856.53107,6.75405740737915,6.902257552166991,-0.1482001447878405,-0.07539784294829399,-0.0728023018395465,0.056065085549603697,0.20248727382630424,Train,0.41329506039619446,-0.21080778656989022,0.10629244630982541,-0.17909474814937193,0.030894603361531423,-0.17909474814937193,6.933152155528522,-0.17909474814937187,1201.1074490700826,-344.5763821755513
2018-04-01,1284.7966,7.1591339111328125,6.912331283429419,0.2468026277033939,0.08976414710619648,0.1570384805971974,0.15311589874884007,0.60981640292404,Train,-0.22558285295963287,0.8353992558836729,-0.04592750703246788,0.20296598762966528,0.0438366400737286,0.20296598762966528,6.9561679235031475,0.202965987629665,1229.0957255391456,55.70090532022937
2018-05-01,642.3983,6.466763973236084,6.922405014691846,-0.45564104145576234,0.2409306226681776,-0.6965716641239399,0.10702040296245299,0.4163503459683717,Train,0.7612204551696777,-0.344870109201306,0.18918964192710686,-0.8857613060510467,0.43012026459528446,-0.8857613060510467,7.352525279287131,-0.8857613060510472,1827.4147740915112,-1185.0164586618237
2018-06-01,785.15344,6.667151927947998,6.932478745954273,-0.2653268180062751,0.0035593204354270234,-0.2688861384417021,0.15488302492120537,0.6172331564891822,Train,0.3868353068828583,0.23039784960632392,0.09998810809269666,-0.36887424653439876,0.10354742852812368,-0.3688742465343988,7.036026174482397,-0.36887424653439904,1331.3579176626608,-546.2044752798483
2018-07-01,927.9086,6.834010601043701,6.942552477216701,-0.10854187617299971,-0.2135928677056624,0.1050509915326627,0.1838187175361272,0.738678305521366,Train,0.7076868414878845,0.03099146403348152,0.17643464757445604,-0.07138365604179334,-0.03715822013120637,-0.07138365604179334,6.9053942570854945,-0.07138365604179331,1168.1983295944333,-240.28969922333954
2018-08-01,1213.419,7.102021217346191,6.952626208479128,0.1493950088670637,-0.00912495179876475,0.15851996066582844,0.16175825289500934,0.6460889747002962,Train,0.8377299308776855,-0.1916409561773893,0.20741889759403392,-0.04889893692820549,0.19829394579526918,-0.04889893692820549,7.150920154274397,-0.04889893692820557,1493.5784932416323,-280.15954792913226
2018-09-01,1570.3069,7.359663009643555,6.962699939741555,0.39696306990199925,-0.7257714811076776,1.122734551009677,0.21068966741364548,0.8514575832093201,Validate,0.642340898513794,0.20911668469552613,0.16086523097281463,0.9618693200368622,-0.564906250134863,0.9618693200368622,6.397793689606693,0.961869320036862,702.7850881814121,867.5217965842129
2018-10-01,1356.1742,7.213160037994385,6.972773671003983,0.2403863669904016,0.19495671567326056,0.04542965131714105,0.26790553989463056,1.0915966478908528,Validate,0.8891963958740234,0.20240025201682932,0.21968137018333445,-0.1742517188661934,0.414638085856595,-0.1742517188661934,7.387411756860578,-0.17425171886619317,1892.3274285851867,-536.1532342492492
2018-11-01,2141.3276,7.669648170471191,6.98284740226641,0.6868007682047814,0.18624572540433304,0.5005550428004484,0.3049602725748939,1.2471179824789058,Validate,1.1229735612869263,0.12414442119197955,0.2753814475654524,0.22517359523499597,0.46162717296978545,0.22517359523499597,7.444474575236195,0.22517359523499625,2003.5079992343428,137.81963748440717
2018-12-01,2569.5933,7.851891994476318,6.992921133528838,0.8589708609474807,0.5135604500096729,0.3454104109378078,0.32294443293188796,1.322598775831249,Validate,1.2269976139068604,0.09560116192438861,0.3001663651612239,0.04524404577658386,0.8137268151708967,0.04524404577658392,7.806647948699735,0.0452440457765837,2878.3714309771426,-308.7781692583926
2019-01-01,2069.95,7.635762691497803,7.002994864791265,0.6327678267065373,0.24990602931700856,0.38286179738952875,0.2998596733075132,1.2257104064991602,Validate,1.2532471418380737,-0.027536735338913543,0.30642061473444576,0.07644118265508298,0.5563266440514543,0.07644118265508304,7.55932150884272,0.07644118265508304,2247.4600897233827,-177.51013855150768
2019-02-01,1784.4397,7.487420082092285,7.013068596053692,0.4743514860385929,0.008908228173142074,0.4654432578654508,0.2970054429673747,1.213730999831993,Validate,1.1692225933074951,0.044508406524497834,0.2864008072101115,0.1790424506553393,0.2953090353832536,0.1790424506553393,7.3083776314369455,0.17904245065533964,1748.4504323038723,35.989264961752724
2019-03-01,2284.0828,7.734157562255859,7.02314232731612,0.7110152349397394,-0.07539784294829399,0.7864130778880334,0.15017348382632273,0.5974668793257917,Validate,1.1297211647033691,-0.5322542853775775,0.27698914107895656,0.5094239368090768,0.20159129813066257,0.5094239368090768,7.224733625446783,0.5094239368090765,1608.0721265395994,676.0106371322756
2019-04-01,927.9086,6.834010601043701,7.033216058578548,-0.19920545753484653,0.08976414710619648,-0.28896960464104304,0.19606426492661566,0.7900737342608747,Validate,0.3467411696910858,0.44333256456978887,0.09043522237690586,-0.3794048270179489,0.18019936948310233,-0.37940482701794886,7.21341542806165,-0.3794048270179484,1589.9630052261164,-662.0543748550226
2019-05-01,1356.1742,7.213160037994385,7.0432897898409745,0.16987024815341023,0.2409306226681776,-0.07106037451476738,0.17892956064136054,0.718158168138497,Validate,0.7318383455276489,-0.013680177389151948,0.1821890190141705,-0.2532493935289379,0.4231196416823481,-0.2532493935289379,7.4664094315233225,-0.2532493935289377,2047.96236177511,-691.7881674391724
2019-06-01,999.2862,6.908041477203369,7.053363521103402,-0.14532204390003312,0.0035593204354270234,-0.14888136433546015,0.17247059009578486,0.6910494118028213,Validate,0.7210559248924255,-0.030006513089604225,0.17961998425541753,-0.32850134859087765,0.18317930469084456,-0.32850134859087765,7.236542825794247,-0.3285013485908781,1627.1866229770612,-627.900429129405
2019-07-01,1070.6638,6.976967811584473,7.06343725236583,-0.08646944078135732,-0.2135928677056624,0.1271234269243051,0.13842827513402442,0.5481714075002896,Validate,0.7030205726623535,-0.15484916516206393,0.17532285577815815,-0.04819942885385306,-0.03827001192750426,-0.04819942885385306,7.025167240438326,-0.0481994288538532,1316.968200803225,-246.30438244385005
2019-08-01,713.7759,6.571969032287598,7.073510983628257,-0.5015419513406592,-0.00912495179876475,-0.4924169995418944,0.06590270352879525,0.24377645247166002,Validate,0.4776679277420044,-0.23389147527034437,0.12163001653888308,-0.6140470160807775,0.11250506474011833,-0.6140470160807775,7.1860160483683755,-0.6140470160807778,1546.963377377606,-833.1874984713561
2019-09-01,999.2862,6.908041477203369,7.083584714890684,-0.1755432376873145,-0.7257714811076776,0.5502282434203631,-0.014808845361992461,-0.09497562836172932,Validate,-0.0865679606795311,-0.008407667682198222,-0.01280562259353072,0.5630338660138938,-0.7385771037012083,0.5630338660138938,6.345007611189475,0.5630338660138943,666.5985091697072,332.68768467794905
2019-10-01,1998.5724,7.600688457489014,7.093658446153111,0.5070300113359023,0.19495671567326056,0.31207329566264175,0.0031282597933313117,-0.01969232901983334,Validate,-0.6512597799301147,0.6315674509102814,-0.14734989244876995,0.4594231881114117,0.04760682322449061,0.4594231881114117,7.141265269377602,0.4594231881114119,1479.2179461881035,519.354441507209
2019-11-01,1927.1948,7.564339637756348,7.103732177415539,0.46060746034080857,0.18624572540433304,0.27436173493647553,-0.25968155976417606,-1.122723734835348,Validate,-0.07301943004131317,-1.0497043047940349,-0.009577530561403261,0.2839392654978788,0.17666819484292978,0.2839392654978788,7.280400372258469,0.28393926549787896,1700.1839345480553,227.01088967069472
2019-12-01,2069.95,7.635762691497803,7.113805908677966,0.5219567828198368,0.5135604500096729,0.008396332810163942,-0.5300749445038395,-2.2575839002385036,Validate,-2.3162147998809814,0.05863089964247781,-0.5440444254037434,0.5524407582139074,-0.03048397539407055,0.5524407582139074,7.083321933283895,0.5524407582139075,1395.886737932112,674.063213239763
2020-01-01,1142.0414,7.041447639465332,7.123879639940394,-0.0824320004750616,0.24990602931700856,-0.33233802979207017,-0.5598897837790932,-2.3827188900015113,Validate,-3.231642484664917,0.8489235946634057,-0.7621555176061817,0.42981748781411155,-0.5122494882891732,0.42981748781411155,6.61163015165122,0.42981748781411167,870.5816059977191,271.45977583821843
2020-02-01,1142.0414,7.041447639465332,7.133953371202821,-0.09250573173748933,0.008908228173142074,-0.1014139599106314,-0.42544421636754476,-1.8184413318900474,Validate,-2.809694528579712,0.9912531966896645,-0.6616216020560393,0.5602076421454079,-0.6527133738828972,0.5602076421454079,6.481239997319924,0.5602076421454081,764.0332866162322,378.0080952197053
2020-03-01,1070.6638,6.976967811584473,7.144027102465248,-0.16705929088077554,-0.07539784294829399,-0.09166144793248154,-0.4444333157202223,-1.8981399253041764,Validate,-1.5542190074920654,-0.343920917812111,-0.36249023243563766,0.2708287845031561,-0.43788807538393165,0.2708287845031561,6.706139027081316,0.2708287845031565,956.9718319445574,113.69198641481762
2020-04-01,71.37759,4.281896591186523,7.154100833727676,-2.8722042425411525,0.08976414710619648,-2.9619683896473488,-0.3297314214357809,-1.4167279601223153,Validate,-1.9594576358795166,0.5427296757572013,-0.459042959985129,-2.50292542966222,-0.3692788128789325,-2.50292542966222,6.784822020848743,-2.50292542966222,1035.392661938208,-964.0150755734619
2020-05-01,71.37759,4.281896591186523,7.164174564990104,-2.88227797380358,0.2409306226681776,-3.1232085964717577,-0.33102355793039767,-1.4221511484056237,Validate,-1.3528977632522583,-0.06925338515336543,-0.31452314864019604,-2.8086854478315617,-0.07359252597201843,-2.8086854478315617,7.090582039018085,-2.8086854478315617,1406.0651869481555,-1334.6876005834094
2020-06-01,1070.6638,6.976967811584473,7.1742482962525305,-0.1972804846680578,0.0035593204354270234,-0.20083980510348484,-0.3653700462316552,-1.5663057897335222,Validate,-1.5391502380371094,-0.027155551696412816,-0.35889992615738375,0.1580601210538989,-0.35534060572195675,0.15806012105389894,6.818907690530573,0.15806012105389922,1071.3277566100226,-0.6639382506475613
2020-07-01,2855.1035,7.957213401794434,7.184322027514958,0.7728913742794754,-0.2135928677056624,0.9864842419851378,-0.25663751919124067,-1.1099476811925362,Validate,-1.8634874820709229,0.7535398008783867,-0.43617697568734265,1.4226612176724804,-0.649769843393005,1.4226612176724804,6.534552184121953,1.4226612176724807,805.9256491314886,2049.1778664935114
2020-08-01,1855.8173,7.526618957519531,7.194395758777386,0.33222319874214534,-0.00912495179876475,0.3413481505409101,-0.3776539618791224,-1.6178622527620283,Validate,-1.161303997039795,-0.4565582557222334,-0.2688737474888181,0.6102218980297283,-0.27799869928758286,0.6102218980297283,6.916397059489803,0.610221898029728,1181.1338206131775,674.68344012901
2020-09-01,3140.6138,8.052492141723633,7.204469490039813,0.8480226516838201,-0.7257714811076776,1.5737941327914977,-0.43220995227048725,-1.8468376041334678,Validate,-1.8862634897232056,0.03942588558973781,-0.4416036194164134,2.015397752207911,-1.167375100524091,2.015397752207911,6.037094389515722,2.015397752207911,489.67094842503786,2650.9428211062123
2020-10-01,2141.3276,7.669648170471191,7.2145432213022405,0.45510494916895095,0.19495671567326056,0.2601482334956904,-0.265434500460445,-1.14686923394365,Validate,-2.3298676013946533,1.1829983674510034,-0.5472973611618234,0.8074455946575138,-0.3523406454885628,0.8074455946575138,6.8622025758136775,0.8074455946575139,1118.7737369392948,1022.5538997794552
2020-11-01,1142.0414,7.041447639465332,7.224616952564668,-0.18316931309933615,0.18624572540433304,-0.3694150385036692,0.0180311222788561,0.04285603917189136,Validate,-1.129356861114502,1.1722129002863932,-0.26126197779337784,-0.10815306071029135,-0.0750162523890448,-0.10815306071029135,7.149600700175624,-0.10815306071029163,1491.6077659507998,-349.56638411486233
2020-12-01,5496.074,8.611970901489258,7.234690683827095,1.3772802176621628,0.5135604500096729,0.8637197676524899,0.012509898364055073,0.019683071788788687,Validate,-0.14266255497932434,0.16234562676811304,-0.02617079980276961,0.8898905674552595,0.4873896502069033,0.8898905674552595,7.722080334033999,0.8898905674552591,2644.881823906439,2851.192394843561
2021-01-01,428.26553,6.062075614929199,7.244764415089522,-1.1826888001603226,0.24990602931700856,-1.4325948294773312,-0.1266827585853153,-0.5645183569575402,Validate,0.025915957987308502,-0.5904343149448487,0.013994954626749954,-1.4465897841040811,0.2639009839437585,-1.4465897841040811,7.50866539903328,-1.4465897841040807,2136.3985688383123,-1708.1330353910466
2021-02-01,713.7759,6.571969032287598,7.25483814635195,-0.6828691140643519,0.008908228173142074,-0.691777342237494,-0.16813678348666636,-0.7385038322363401,Validate,-0.17404787242412567,-0.5644559598122144,-0.033648709834102744,-0.6581286324033913,-0.02474048166096067,-0.6581286324033913,7.230097664690989,-0.6581286324033915,1616.726442868509,-902.9505639622589
2021-03-01,428.26553,6.062075614929199,7.264911877614377,-1.202836262685178,-0.07539784294829399,-1.127438419736884,-0.2984393559339372,-1.2853929473762749,Validate,-0.5129421949386597,-0.7724507524376152,-0.11439414942859852,-1.0130442703082856,-0.1897919923768925,-1.0130442703082856,7.075119885237485,-1.0130442703082858,1384.4762643868817,-956.210730939616
2021-04-01,1570.3069,7.359663009643555,7.274985608876804,0.08467740076675057,0.08976414710619648,-0.005086746339445919,-0.26630944498689807,-1.1505414380212946,Validate,-1.3108177185058594,0.16027628048456477,-0.30449709778754913,0.29941035144810324,-0.21473295068135265,0.29941035144810324,7.060252658195451,0.29941035144810346,1364.0304371817303,206.27644758389465
2021-05-01,1427.5518,7.264416694641113,7.285059340139232,-0.02064264549811856,0.2409306226681776,-0.26157326816629617,-0.27166839555733163,-1.1730333326976567,Validate,-1.3550872802734375,0.18205394757578075,-0.31504482605592543,0.05347155788962926,-0.07411420338774782,0.05347155788962926,7.210945136751484,0.05347155788962965,1586.0377134427235,-158.48595563022354
2021-06-01,856.53107,6.75405740737915,7.29513307140166,-0.5410756640225092,0.0035593204354270234,-0.5446349844579362,-0.37915086671880743,-1.6241448682764326,Validate,-1.302422285079956,-0.3217225831964765,-0.3024967899702595,-0.2421381944876767,-0.2989374695348325,-0.24213819448767665,6.996195601866827,-0.24213819448767637,1279.3323214423472,-422.8012545478159
2021-07-01,1070.6638,6.976967811584473,7.305206802664086,-0.32823899107961374,-0.2135928677056624,-0.11464612337395133,-0.2479927314769326,-1.0736648955586325,Test,-1.8549535274505615,0.781288631891929,-0.43414366361475404,0.3194975402408027,-0.6477365313204164,0.3194975402408027,6.65747027134367,0.31949754024080246,911.4648998694387,159.19891848993632
2021-08-01,1713.0621,7.446621417999268,7.315280533926514,0.13134088407275346,-0.00912495179876475,0.1404658358715182,-0.15634483007079816,-0.6890121694989437,Test,0.0,-0.6890121694989437,0.007820181899160325,0.1326456539723579,-0.0013047698996044247,0.1326456539723579,7.313975764026909,0.13264565397235817,1758.271552100148,-45.20941831108553
2021-09-01,1356.1742,7.213160037994385,7.325354265188942,-0.11219422719455707,-0.7257714811076776,0.6135772539131206,-0.060346596968066685,-0.28610079353362905,Test,0.0,-0.28610079353362905,0.007820181899160325,0.6057570720139602,-0.7179512992085173,0.6057570720139602,6.607402965980425,0.6057570720139598,866.905044949741,489.26914938619655
2021-10-01,1213.419,7.102021217346191,7.335427996451369,-0.23340677910517726,0.19495671567326056,-0.4283634947784378,-0.11836115474331836,-0.5295919969001711,Test,0.0,-0.5295919969001711,0.007820181899160325,-0.43618367667759816,0.2027768975724209,-0.43618367667759816,7.53820489402379,-0.43618367667759816,2200.4780210043377,-987.0590756918377
2021-11-01,1356.1742,7.213160037994385,7.345501727713796,-0.13234168971941163,0.18624572540433304,-0.31858741512374467,-0.11026006100681389,-0.49559113335608845,Test,0.0,-0.49559113335608845,0.007820181899160325,-0.326407597022905,0.19406590730349338,-0.326407597022905,7.53956763501729,-0.32640759702290545,2203.480110420419,-847.3059160844814
2021-12-01,2640.9707,7.8792805671691895,7.355575458976224,0.5237051081929653,0.5135604500096729,0.010144658183292465,-0.14981349969323238,-0.6615997138291299,Test,0.0,-0.6615997138291299,0.007820181899160325,0.0023244762841321404,0.5213806319088332,0.0023244762841321265,7.8769560908850575,0.0023244762841319044,3088.1011523299126,-447.13044920491257
2022-01-01,2783.7258,7.9319047927856445,7.365649190238651,0.5662556025469936,0.24990602931700856,0.316349573229985,-0.21644640981365654,-0.9412627517150777,Test,0.0,-0.9412627517150777,0.007820181899160325,0.3085293913308247,0.2577262112161689,0.3085293913308247,7.62337540145482,0.3085293913308247,2396.1953982132736,387.5304318648514
2022-02-01,1498.9293,7.313173294067383,7.375722921501079,-0.06254962743369585,0.008908228173142074,-0.07145785560683793,-0.2970100982448372,-1.2793942517387413,Test,0.0,-1.2793942517387413,0.007820181899160325,-0.07927803750599825,0.0167284100723024,-0.07927803750599825,7.392451331573381,-0.07927803750599782,1901.8930767715578,-402.96375548249534
2022-03-01,785.15344,6.667151927947998,7.385796652763506,-0.7186447248155083,-0.07539784294829399,-0.6432468818672143,-0.450777610503121,-1.9247673793508753,Test,0.0,-1.9247673793508753,0.007820181899160325,-0.6510670637663747,-0.06757766104913367,-0.6510670637663747,7.318218991714373,-0.6510670637663747,1765.7524021103532,-980.5989597275407
2022-04-01,1498.9293,7.313173294067383,7.395870384025933,-0.08269708995855041,0.08976414710619648,-0.1724612370647469,-0.39478330025299235,-1.6897552977746977,Test,0.0,-1.6897552977746977,0.007820181899160325,-0.1802814189639072,0.09758432900535681,-0.1802814189639072,7.49345471303129,-0.18028141896390704,2104.1332810132553,-605.2039597241928
2022-05-01,785.15344,6.667151927947998,7.40594411528836,-0.738792187340362,0.2409306226681776,-0.9797228100085396,-0.3704190834039924,-1.5874969559524816,Test,0.0,-1.5874969559524816,0.007820181899160325,-0.9875429919076999,0.24875080456733795,-0.9875429919076999,7.654694919855698,-0.9875429919077003,2472.4624937741855,-1687.309051391373
2022-06-01,713.7759,6.571969032287598,7.416017846550788,-0.8440488142631901,0.0035593204354270234,-0.8476081346986172,-0.37287491930878763,-1.5978042729891109,Test,0.0,-1.5978042729891109,0.007820181899160325,-0.8554283165977775,0.011379502334587349,-0.8554283165977775,7.427397348885375,-0.8554283165977772,1969.5671946576197,-1255.7913157513697
2022-07-01,642.3983,6.466763973236084,7.4260915778132155,-0.9593276045771315,-0.2135928677056624,-0.7457347368714691,-0.3939124111060417,-1.6861001144117325,Test,0.0,-1.6861001144117325,0.007820181899160325,-0.7535549187706294,-0.2057726858065021,-0.7535549187706294,7.220318892006714,-0.7535549187706296,1600.9841592701055,-958.585843840418
2022-08-01,571.0207,6.349174976348877,7.436165309075642,-1.0869903327267654,-0.00912495179876475,-1.0778653809280005,-0.39348822643574705,-1.684319781340509,Test,0.0,-1.684319781340509,0.007820181899160325,-1.0856855628271609,-0.0013047698996044247,-1.0856855628271609,7.434860539176038,-1.0856855628271607,1984.3289289097454,-1413.3082379917767
2022-09-01,999.2862,6.908041477203369,7.44623904033807,-0.5381975631347009,-0.7257714811076776,0.18757391797297673,-0.3231706220228681,-1.38919182082629,Test,0.0,-1.38919182082629,0.007820181899160325,0.1797537360738164,-0.7179512992085173,0.1797537360738164,6.728287741129552,0.17975373607381684,978.4263945372684,20.85979931038787
2022-10-01,1998.5724,7.600688457489014,7.456312771600498,0.1443756858885159,0.19495671567326056,-0.05058102978474466,-0.2692551996068023,-1.1629049785657508,Test,0.0,-1.1629049785657508,0.007820181899160325,-0.05840121168390498,0.2027768975724209,-0.058401211683905,7.659089669172919,-0.058401211683905,2483.3566624159726,-484.78427472066005
2022-11-01,2069.95,7.635762691497803,7.466386502862925,0.16937618863487813,0.18624572540433304,-0.016869536769454907,-0.16307702540376734,-0.7172676695972753,Test,0.0,-0.7172676695972753,0.007820181899160325,-0.024689718668615232,0.19406590730349338,-0.024689718668615246,7.6604524101664175,-0.024689718668614802,2486.744504933972,-416.79455376209717
2022-12-01,3211.9915,8.074957847595215,7.476460234125352,0.5984976134698625,0.5135604500096729,0.08493716346018965,-0.10121001821449788,-0.4576074634890097,Test,0.0,-0.4576074634890097,0.007820181899160325,0.07711698156102932,0.5213806319088332,0.07711698156102931,7.997840866034186,0.07711698156102909,3485.0348163578365,-273.04336127971146
2023-01-01,2141.3276,7.669648170471191,7.48653396538778,0.18311420508341136,0.24990602931700856,-0.0667918242335972,-0.06808213586277627,-0.3185673975446144,Test,0.0,-0.3185673975446144,0.007820181899160325,-0.07461200613275752,0.2577262112161689,-0.07461200613275754,7.744260176603949,-0.07461200613275754,2704.222719392447,-562.8950826736968
2023-02-01,2069.95,7.635762691497803,7.496607696650207,0.13915499484759586,0.008908228173142074,0.13024676667445378,0.018976221743196745,0.04682268848713523,Test,0.0,0.04682268848713523,0.007820181899160325,0.12242658477529346,0.0167284100723024,0.12242658477529346,7.513336106722509,0.12242658477529389,2146.405083329392,-76.4551321575168
2023-03-01,2569.5933,7.851891994476318,7.506681427912635,0.34521056656368376,-0.07539784294829399,0.42060840951197775,-1.287760948072488e-05,-0.032875904926993466,Test,0.0,-0.032875904926993466,0.007820181899160325,0.4127882276128174,-0.06757766104913367,0.4127882276128174,7.439103766863501,0.4127882276128174,1992.7710298010863,576.8222319176637
2023-04-01,2426.838,7.7947564125061035,7.516755159175062,0.2780012533310412,0.08976414710619648,0.1882371062248447,0.033474632075795326,0.10767354237905771,Test,0.0,0.10767354237905771,0.007820181899160325,0.1804169243256844,0.09758432900535681,0.1804169243256844,7.614339488180419,0.18041692432568457,2374.6321171777768,52.20577344722324
2023-05-01,1998.5724,7.600688457489014,7.526828890437489,0.07385956705152452,0.2409306226681776,-0.16707105561665309,0.019420425879030055,0.04868704467155119,Test,0.0,0.04868704467155119,0.007820181899160325,-0.17489123751581342,0.24875080456733795,-0.17489123751581342,7.7755796950048275,-0.1748912375158138,2790.2897458047414,-791.7173581094289
2023-06-01,1284.7966,7.1591339111328125,7.536902621699917,-0.37776871056710437,0.0035593204354270234,-0.3813280310025314,0.04305451834115592,0.1478810027875955,Test,0.0,0.1478810027875955,0.007820181899160325,-0.3891482129016917,0.011379502334587349,-0.3891482129016917,7.548282124034504,-0.38914821290169144,2222.7749784813154,-937.9783476219404
2023-07-01,1356.1742,7.213160037994385,7.546976352962345,-0.3338163149679598,-0.2135928677056624,-0.12022344726229742,0.0280696939883044,0.08498863484010488,Test,0.0,0.08498863484010488,0.007820181899160325,-0.12804362916145773,-0.2057726858065021,-0.12804362916145773,7.341203667155843,-0.12804362916145795,1806.8309123212885,-450.65671798535095
2023-08-01,1855.8173,7.526618957519531,7.557050084224771,-0.030431126705240175,-0.00912495179876475,-0.021306174906475427,0.02300908092078385,0.06374888377009544,Test,0.0,0.06374888377009544,0.007820181899160325,-0.02912635680563575,-0.0013047698996044247,-0.02912635680563575,7.555745314325167,-0.029126356805635467,2239.433519919468,-383.6162591772804
2023-09-01,1284.7966,7.1591339111328125,7.567123815487198,-0.40798990435438576,-0.7257714811076776,0.3177815767532919,-0.017565523806074526,-0.10654560281959696,Test,0.0,-0.10654560281959696,0.007820181899160325,0.30996139485413154,-0.7179512992085173,0.30996139485413154,6.849172516278681,0.3099613948541311,1104.2776659131239,180.51896494625112
2023-10-01,1998.5724,7.600688457489014,7.577197546749626,0.023490910739387694,0.19495671567326056,-0.17146580493387287,-0.09323497736379674,-0.4241356528245678,Test,0.0,-0.4241356528245678,0.007820181899160325,-0.1792859868330332,0.2027768975724209,-0.1792859868330332,7.779974444322047,-0.1792859868330332,2802.583759275907,-804.0113715805946
2023-11-01,3354.7466,8.118429183959961,7.587271278012054,0.5311579059479072,0.18624572540433304,0.3449121805435742,-0.10743915546955524,-0.48375159324425365,Test,0.0,-0.48375159324425365,0.007820181899160325,0.33709199864441386,0.19406590730349338,0.33709199864441386,7.781337185315547,0.3370919986444143,2806.406922192143,548.3396598391068
2023-12-01,2640.9707,7.8792805671691895,7.5973450092744805,0.2819355578947089,0.5135604500096729,-0.23162489211496395,-0.16864876057942463,-0.7406526363157362,Test,0.0,-0.7406526363157362,0.007820181899160325,-0.2394450740141243,0.5213806319088332,-0.2394450740141243,8.118725641183314,-0.23944507401412451,3932.972421619539,-1292.001718494539
2024-01-01,2783.7258,7.9319047927856445,7.607418740536908,0.3244860522487363,0.24990602931700856,0.07458002293172772,-0.17349129191113735,-0.7609770829118266,Test,0.0,-0.7609770829118266,0.007820181899160325,0.0667598410325674,0.2577262112161689,0.06675984103256738,7.865144951753077,0.06675984103256738,3051.829972463501,-268.1041423853758
2024-02-01,1998.5724,7.600688457489014,7.617492471799336,-0.0168040143103223,0.008908228173142074,-0.025712242483464376,-0.1904007493560998,-0.8319472721098496,Test,0.0,-0.8319472721098496,0.007820181899160325,-0.0335324243826247,0.0167284100723024,-0.0335324243826247,7.634220881871638,-0.03353242438262427,2422.335629415666,-423.76324172035356
2024-03-01,999.2862,6.908041477203369,7.627566203061763,-0.7195247258583937,-0.07539784294829399,-0.6441268829100997,-0.25392354011977375,-1.0985569190224074,Test,0.0,-1.0985569190224074,0.007820181899160325,-0.65194706480926,-0.06757766104913367,-0.65194706480926,7.559988542012629,-0.65194706480926,2248.9603875030098,-1249.6741936553535
2024-04-01,1641.6846,7.404087066650391,7.6376399343241905,-0.2335528676737999,0.08976414710619648,-0.3233170147799964,-0.2657032165749024,-1.147997054487016,Test,0.0,-1.147997054487016,0.007820181899160325,-0.33113719667915675,0.09758432900535681,-0.3311371966791567,7.735224263329547,-0.33113719667915653,2679.8886672724757,-1038.2040969599757
2024-05-01,927.9086,6.834010601043701,7.647713665586618,-0.8137030645429171,0.2409306226681776,-1.0546336872110946,-0.3674724494279819,-1.5751297246882352,Forecast,0.0,-1.5751297246882352,0.007820181899160325,-1.062453869110255,0.24875080456733795,-1.062453869110255,7.896464470153957,-1.0624538691102554,3148.956170609315,-2221.0475402382212
2024-06-01,,,7.657787396849045,,0.0035593204354270234,,,,Forecast,0.0,,0.007820181899160325,,0.011379502334587349,,7.669166899183632,,2508.5186646394877,
2024-07-01,,,7.667861128111473,,-0.2135928677056624,,,,Forecast,0.0,,0.007820181899160325,,-0.2057726858065021,,7.462088442304971,,2039.1279180148063,
2024-08-01,,,7.6779348593739005,,-0.00912495179876475,,,,Forecast,0.0,,0.007820181899160325,,-0.0013047698996044247,,7.676630089474296,,2527.317743264461,
2024-09-01,,,7.688008590636327,,-0.7257714811076776,,,,Forecast,0.0,,0.007820181899160325,,-0.7179512992085173,,6.9700572914278105,,1246.3001805751096,
2024-10-01,,,7.698082321898755,,0.19495671567326056,,,,Forecast,0.0,,0.007820181899160325,,0.2027768975724209,,7.900859219471176,,3162.8299017951426,
2024-11-01,,,7.708156053161183,,0.18624572540433304,,,,Forecast,0.0,,0.007820181899160325,,0.19406590730349338,,7.902221960464676,,3167.144321549431,
2024-12-01,,,7.71822978442361,,0.5135604500096729,,,,Forecast,0.0,,0.007820181899160325,,0.5213806319088332,,8.239610416332443,,4438.467713128689,
2025-01-01,,,7.7283035156860365,,0.24990602931700856,,,,Forecast,0.0,,0.007820181899160325,,0.2577262112161689,,7.986029726902205,,3444.102975796604,
2025-02-01,,,7.738377246948464,,0.008908228173142074,,,,Forecast,0.0,,0.007820181899160325,,0.0167284100723024,,7.755105657020766,,2733.7218363153247,
2025-03-01,,,7.748450978210892,,-0.07539784294829399,,,,Forecast,0.0,,0.007820181899160325,,-0.06757766104913367,,7.680873317161758,,2538.0687644998807,
2025-04-01,,,7.758524709473319,,0.08976414710619648,,,,Forecast,0.0,,0.007820181899160325,,0.09758432900535681,,7.856109038478675,,3024.3691193770605,
2025-05-01,,,7.7685984407357465,,0.2409306226681776,,,,Forecast,0.0,,0.007820181899160325,,0.24875080456733795,,8.017349245303084,,3553.7093925568297,
2025-06-01,,,7.778672171998174,,0.0035593204354270234,,,,Forecast,0.0,,0.007820181899160325,,0.011379502334587349,,7.790051674332761,,2830.9789498103105,
2025-07-01,,,7.788745903260601,,-0.2135928677056624,,,,Forecast,0.0,,0.007820181899160325,,-0.2057726858065021,,7.582973217454099,,2301.273898237079,
2025-08-01,,,7.798819634523029,,-0.00912495179876475,,,,Forecast,0.0,,0.007820181899160325,,-0.0013047698996044247,,7.797514864623424,,2852.1936136786885,
2025-09-01,,,7.8088933657854565,,-0.7257714811076776,,,,Forecast,0.0,,0.007820181899160325,,-0.7179512992085173,,7.09094206657694,,1406.5718603952907,
2025-10-01,,,7.818967097047883,,0.19495671567326056,,,,Forecast,0.0,,0.007820181899160325,,0.2027768975724209,,8.021743994620305,,3569.3658270863775,
2025-11-01,,,7.829040828310311,,0.18624572540433304,,,,Forecast,0.0,,0.007820181899160325,,0.19406590730349338,,8.023106735613805,,3574.2346276643348,
2025-12-01,,,7.839114559572739,,0.5135604500096729,,,,Forecast,0.0,,0.007820181899160325,,0.5213806319088332,,8.360495191481572,,5008.916558540163,
2026-01-01,,,7.849188290835166,,0.24990602931700856,,,,Forecast,0.0,,0.007820181899160325,,0.2577262112161689,,8.106914502051335,,3886.781049353719,
2026-02-01,,,7.859262022097593,,0.008908228173142074,,,,Forecast,0.0,,0.007820181899160325,,0.0167284100723024,,7.875990432169895,,3085.119574705049,
2026-03-01,,,7.869335753360021,,-0.07539784294829399,,,,Forecast,0.0,,0.007820181899160325,,-0.06757766104913367,,7.801758092310887,,2864.3260860355153,
2026-04-01,,,7.879409484622448,,0.08976414710619648,,,,Forecast,0.0,,0.007820181899160325,,0.09758432900535681,,7.9769938136278045,,3413.113543846793,
2026-05-01,,,7.889483215884875,,0.2409306226681776,,,,Forecast,0.0,,0.007820181899160325,,0.24875080456733795,,8.138234020452213,,4010.471328849481,
2026-06-01,,,7.899556947147302,,0.0035593204354270234,,,,Forecast,0.0,,0.007820181899160325,,0.011379502334587349,,7.9109364494818895,,3194.8737287657736,
2026-07-01,,,7.90963067840973,,-0.2135928677056624,,,,Forecast,0.0,,0.007820181899160325,,-0.2057726858065021,,7.703857992603228,,2597.10429321584,
2026-08-01,,,7.919704409672157,,-0.00912495179876475,,,,Forecast,0.0,,0.007820181899160325,,-0.0013047698996044247,,7.918399639772552,,3218.8143681995825,
2026-09-01,,,7.929778140934585,,-0.7257714811076776,,,,Forecast,0.0,,0.007820181899160325,,-0.7179512992085173,,7.211826841726067,,1587.4376295553259,
2026-10-01,,,7.939851872197012,,0.19495671567326056,,,,Forecast,0.0,,0.007820181899160325,,0.2027768975724209,,8.142628769769434,,4028.139534964669,
2026-11-01,,,7.949925603459439,,0.18624572540433304,,,,Forecast,0.0,,0.007820181899160325,,0.19406590730349338,,8.143991510762932,,4033.633951460496,
2026-12-01,,,7.959999334721867,,0.5135604500096729,,,,Forecast,0.0,,0.007820181899160325,,0.5213806319088332,,8.4813799666307,,5652.665156592908,
2027-01-01,,,7.970073065984295,,0.24990602931700856,,,,Forecast,0.0,,0.007820181899160325,,0.2577262112161689,,8.227799277200464,,4386.340986293428,
2027-02-01,,,7.9801467972467215,,0.008908228173142074,,,,Forecast,0.0,,0.007820181899160325,,0.0167284100723024,,7.9968752073190235,,3481.670121291083,
2027-03-01,,,7.990220528509149,,-0.07539784294829399,,,,Forecast,0.0,,0.007820181899160325,,-0.06757766104913367,,7.922642867460016,,3232.5058010659022,
