,DataOriginal,DataLog,Linear,DataLinear,MonthlyAverage,DataSeasons,DataRolled,DataNormalised,ConfLowerNormalised,ConfUpperNormalised,ModelledNormalised,ResidualsNormalised,ModelledSeasons,ResidualsSeasons,ModelledLinear,ResidualsLinear,ModelledLog,ResidualsLog,ModelledOriginal,ResidualsOriginal,ConfLowerSeasons,ConfUpperSeasons,ConfLowerLinear,ConfUpperLinear,ConfLowerLog,ConfUpperLog,ConfLowerOriginal,ConfUpperOriginal,Purpose
2010-04-01,941.7304,6.848780155181885,6.682259360509483,0.16652079467240188,0.0717784855276726,0.09474230914472928,0.024881031529182713,0.3908474779952521,0.0,0.0,0.3908474779952521,0.0,0.024881031529182713,0.06986127761554657,0.09665951705685531,0.06986127761554657,6.778918877566338,0.06986127761554695,907.4725418990104,34.257865815833384,-0.0013112127322014698,-0.0013112127322014698,0.07046727279547113,0.07046727279547113,6.752726633304954,6.752726633304954,883.9865255826652,883.9865255826652,Train
2010-05-01,765.15594,6.641385555267334,6.682241864568214,-0.0408563093008798,4.3433251167969265e-05,-0.04089974255204777,-0.047314939773046016,-0.6864795743679377,0.0,0.0,-0.6864795743679377,0.0,-0.047314939773046016,0.006415197220998245,-0.047271506521878046,0.006415197220998245,6.634970358046336,0.006415197220998259,785.6757408808774,-20.519796056658606,-0.0013112127322014698,-0.0013112127322014698,-0.0012677794810335005,-0.0012677794810335005,6.68097408508718,6.68097408508718,822.7111079961791,822.7111079961791,Train
2010-06-01,824.0141,6.715400695800781,6.682224368626946,0.033176327173835674,-0.03965902328491241,0.07283535045874809,-0.040365965262046735,-0.5827851702087034,0.0,0.0,-0.5827851702087034,0.0,-0.040365965262046735,0.11320131572079482,-0.08002498854695914,0.11320131572079481,6.602199380079987,0.1132013157207945,760.3134507859268,63.70064833516699,-0.0013112127322014698,-0.0013112127322014698,-0.04097023601711388,-0.04097023601711388,6.6412541326098316,6.6412541326098316,790.6345977434178,790.6345977434178,Train
2010-07-01,941.7304,6.848780155181885,6.6822068726856765,0.16657328249620829,0.016533068807072542,0.15004021368913575,-0.011498097180008764,-0.15201133798696964,0.0,0.0,0.0,-0.15201133798696964,-0.0013112127322014698,0.15135142642133723,0.015221856074871072,0.15135142642133723,6.697428728760547,0.15135142642133737,836.3771069962996,105.35330071854412,-0.0013112127322014698,-0.0013112127322014698,0.015221856074871072,0.015221856074871072,6.697428728760547,6.697428728760547,836.3771069962996,836.3771069962996,Train
2010-08-01,824.0141,6.715400695800781,6.682189376744408,0.03321131905637298,0.07449920705519879,-0.04128788799882581,-0.0029212351656265345,-0.02402517330474491,0.0,0.0,0.0,-0.02402517330474491,-0.0013112127322014698,-0.03997667526662434,0.07318799432299732,-0.03997667526662434,6.755377371067405,-0.039976675266624184,886.33550467367,-62.321405552576266,-0.0013112127322014698,-0.0013112127322014698,0.07318799432299732,0.07318799432299732,6.755377371067405,6.755377371067405,886.33550467367,886.33550467367,Train
2010-09-01,588.58154,6.37941312789917,6.682171880803139,-0.30275875290396925,-0.21661469933732602,-0.08614405356664323,0.020470590334544035,0.32503372791838886,0.0,0.0,0.0,0.32503372791838886,-0.0013112127322014698,-0.08483284083444176,-0.2179259120695275,-0.08483284083444176,6.464245968733612,-0.08483284083444165,662.2100483315838,-73.62850536283383,-0.0013112127322014698,-0.0013112127322014698,-0.2179259120695275,-0.2179259120695275,6.464245968733612,6.464245968733612,662.2100483315838,662.2100483315838,Train
2010-10-01,412.00705,6.023464679718018,6.68215438486187,-0.6586897051438525,-0.1781989375574341,-0.4804907675864184,0.0652219062172754,0.9928244973990215,0.0,0.0,0.0,0.9928244973990215,-0.0013112127322014698,-0.4791795548542169,-0.17951015028963557,-0.4791795548542169,6.502644234572235,-0.47917955485421704,688.1714099409693,-276.1643603804224,-0.0013112127322014698,-0.0013112127322014698,-0.17951015028963557,-0.17951015028963557,6.502644234572235,6.502644234572235,688.1714099409693,688.1714099409693,Train
2010-11-01,941.7304,6.848780155181885,6.682136888920602,0.1666432662612829,0.15836640994633466,0.008276856314948233,0.08826893292859551,1.3367382214585204,0.0,0.0,0.0,1.3367382214585204,-0.0013112127322014698,0.009588069047149704,0.1570551972141332,0.009588069047149705,6.8391920861347355,0.009588069047149261,963.9129329937003,-22.182525278856588,-0.0013112127322014698,-0.0013112127322014698,0.1570551972141332,0.1570551972141332,6.8391920861347355,6.8391920861347355,963.9129329937003,963.9129329937003,Train
2010-12-01,1294.8794,7.166944980621338,6.682119392979333,0.4848255876420051,0.2653807401657101,0.219444847476295,0.07068177065071955,1.0742980138610603,0.0,0.0,0.0,1.0742980138610603,-0.0013112127322014698,0.22075606020849647,0.26406952743350864,0.22075606020849647,6.946188920412841,0.22075606020849659,1072.8812561040181,221.99813842723188,-0.0013112127322014698,-0.0013112127322014698,0.26406952743350864,0.26406952743350864,6.946188920412841,6.946188920412841,1072.8812561040181,1072.8812561040181,Train
2011-01-01,882.87225,6.784312725067139,6.682101897038064,0.102210828029075,0.02794030506526146,0.07427052296381353,0.04968688921347648,0.7610069350719936,0.0,0.0,0.0,0.7610069350719936,-0.0013112127322014698,0.075581735696015,0.026629092333059993,0.075581735696015,6.708730989371124,0.0755817356960149,845.8950470894819,36.977206328486886,-0.0013112127322014698,-0.0013112127322014698,0.026629092333059993,0.026629092333059993,6.708730989371124,6.708730989371124,845.8950470894819,845.8950470894819,Train
2011-02-01,824.0141,6.715400695800781,6.6820844010967955,0.03331629470398578,-0.22107255063226394,0.2543888453362497,0.0482453849469888,0.7394964336635003,0.0,0.0,0.0,0.7394964336635003,-0.0013112127322014698,0.2557000580684512,-0.22238376336446541,0.2557000580684512,6.45970063773233,0.2557000580684514,659.2023797413925,164.81171937970123,-0.0013112127322014698,-0.0013112127322014698,-0.22238376336446541,-0.22238376336446541,6.45970063773233,6.45970063773233,659.2023797413925,659.2023797413925,Train
2011-03-01,1471.4537,7.294685363769531,6.682066905155526,0.6126184586140049,0.02561167475923065,0.5870067838547742,0.07516455468123116,1.1411912825415906,0.0,0.0,0.0,1.1411912825415906,-0.0013112127322014698,0.5883179965869757,0.024300462027029183,0.5883179965869757,6.706367367182556,0.5883179965869756,843.8956709804878,627.5580643710747,-0.0013112127322014698,-0.0013112127322014698,0.024300462027029183,0.024300462027029183,6.706367367182556,6.706367367182556,843.8956709804878,843.8956709804878,Train
2011-04-01,1059.4468,6.966445446014404,6.682049409214258,0.28439603680014613,0.0717784855276726,0.21261755127247353,0.11968386206826595,1.8055199609348178,0.0,0.0,0.0,1.8055199609348178,-0.0013112127322014698,0.213928764004675,0.07046727279547113,0.213928764004675,6.7525166820097295,0.21392876400467475,883.8007410189001,175.6460363248499,-0.0013112127322014698,-0.0013112127322014698,0.07046727279547113,0.07046727279547113,6.7525166820097295,6.7525166820097295,883.8007410189001,883.8007410189001,Train
2011-05-01,706.29785,6.5614519119262695,6.682031913272989,-0.12058000134671953,4.3433251167969265e-05,-0.1206234345978875,0.09806737282166712,1.4829530888168443,0.0,0.0,0.0,1.4829530888168443,-0.0013112127322014698,-0.11931222186568603,-0.0012677794810335005,-0.11931222186568603,6.680764133791955,-0.11931222186568569,822.5381869352999,-116.2403353727999,-0.0013112127322014698,-0.0013112127322014698,-0.0012677794810335005,-0.0012677794810335005,6.680764133791955,6.680764133791955,822.5381869352999,822.5381869352999,Train
2011-06-01,706.29785,6.5614519119262695,6.68201441733172,-0.12056250540545044,-0.03965902328491241,-0.08090348212053802,0.08439506107258526,1.27893129854315,0.0,0.0,0.0,1.27893129854315,-0.0013112127322014698,-0.07959226938833655,-0.04097023601711388,-0.07959226938833655,6.641044181314606,-0.07959226938833641,790.468410480502,-84.17055891800203,-0.0013112127322014698,-0.0013112127322014698,-0.04097023601711388,-0.04097023601711388,6.641044181314606,6.641044181314606,790.468410480502,790.468410480502,Train
2011-07-01,765.15594,6.641385555267334,6.681996921390452,-0.040611366123117776,0.016533068807072542,-0.05714443493019032,0.08429526879926683,1.2774421722979648,0.0,0.0,0.0,1.2774421722979648,-0.0013112127322014698,-0.05583322219798885,0.015221856074871072,-0.05583322219798885,6.697218777465323,-0.0558332221979887,836.2013170424043,-71.04537221818555,-0.0013112127322014698,-0.0013112127322014698,0.015221856074871072,0.015221856074871072,6.697218777465323,6.697218777465323,836.2013170424043,836.2013170424043,Train
2011-08-01,1059.4468,6.966445446014404,6.681979425449183,0.28446602056522163,0.07449920705519879,0.20996681351002283,0.06793996233770215,1.0333840374337253,0.0,0.0,0.0,1.0333840374337253,-0.0013112127322014698,0.2112780262422243,0.07318799432299732,0.2112780262422243,6.75516741977218,0.21127802624222447,886.1492269904687,173.29755035328128,-0.0013112127322014698,-0.0013112127322014698,0.07318799432299732,0.07318799432299732,6.75516741977218,6.75516741977218,886.1492269904687,886.1492269904687,Train
2011-09-01,647.4397,6.474568843841553,6.6819619295079145,-0.20739308566636172,-0.21661469933732602,0.009221613670964302,0.030992405268906956,0.48204298569671405,0.0,0.0,0.0,0.48204298569671405,-0.0013112127322014698,0.010532826403165772,-0.2179259120695275,0.010532826403165774,6.464036017438387,0.010532826403165885,662.0708211389067,-14.631123873281695,-0.0013112127322014698,-0.0013112127322014698,-0.2179259120695275,-0.2179259120695275,6.464036017438387,6.464036017438387,662.0708211389067,662.0708211389067,Train
2011-10-01,529.7234,6.274240970611572,6.681944433566645,-0.4077034629550731,-0.1781989375574341,-0.229504525397639,-0.018159690366805398,-0.25141736331670683,0.0,0.0,0.0,-0.25141736331670683,-0.0013112127322014698,-0.22819331266543752,-0.17951015028963557,-0.22819331266543752,6.50243428327701,-0.22819331266543763,688.0267326989389,-158.30334402706387,-0.0013112127322014698,-0.0013112127322014698,-0.17951015028963557,-0.17951015028963557,6.50243428327701,6.50243428327701,688.0267326989389,688.0267326989389,Train
2011-11-01,1000.58856,6.9093427658081055,6.681926937625376,0.2274158281827292,0.15836640994633466,0.06904941823639454,-0.010668218825717798,-0.13962767744300933,0.0,0.0,0.0,-0.13962767744300933,-0.0013112127322014698,0.07036063096859602,0.1570551972141332,0.07036063096859602,6.83898213483951,0.07036063096859557,963.7103695386124,36.87819247310631,-0.0013112127322014698,-0.0013112127322014698,0.1570551972141332,0.1570551972141332,6.83898213483951,6.83898213483951,963.7103695386124,963.7103695386124,Train
2011-12-01,1118.3049,7.020462989807129,6.681909441684108,0.33855354812302085,0.2653807401657101,0.07317280795731074,-0.02215849784997612,-0.311088608139743,0.0,0.0,0.0,-0.311088608139743,-0.0013112127322014698,0.07448402068951221,0.26406952743350864,0.07448402068951221,6.945978969117617,0.07448402068951232,1072.6558170098244,45.64911463080057,-0.0013112127322014698,-0.0013112127322014698,0.26406952743350864,0.26406952743350864,6.945978969117617,6.945978969117617,1072.6558170098244,1072.6558170098244,Train
2012-01-01,882.87225,6.784312725067139,6.681891945742839,0.10242077932429972,0.02794030506526146,0.07448047425903825,0.0018214246373413597,0.04674602921157969,0.0,0.0,0.0,0.04674602921157969,-0.0013112127322014698,0.07579168699123973,0.026629092333059993,0.07579168699123973,6.708521038075899,0.07579168699123962,845.7172590414946,37.15499437647418,-0.0013112127322014698,-0.0013112127322014698,0.026629092333059993,0.026629092333059993,6.708521038075899,6.708521038075899,845.7172590414946,845.7172590414946,Train
2012-02-01,765.15594,6.641385555267334,6.681874449801571,-0.04048889453423676,-0.22107255063226394,0.18058365609802718,-0.0157136805091623,-0.2149173683383915,0.0,0.0,0.0,-0.2149173683383915,-0.0013112127322014698,0.18189486883022865,-0.22238376336446541,0.18189486883022865,6.459490686437105,0.18189486883022887,659.0637839463478,106.09216087787092,-0.0013112127322014698,-0.0013112127322014698,-0.22238376336446541,-0.22238376336446541,6.459490686437105,6.459490686437105,659.0637839463478,659.0637839463478,Train
2012-03-01,588.58154,6.37941312789917,6.681856953860302,-0.30244382596113173,0.02561167475923065,-0.3280555007203624,-0.03426262441405789,-0.49170953140600615,0.0,0.0,0.0,-0.49170953140600615,-0.0013112127322014698,-0.3267442879881609,0.024300462027029183,-0.3267442879881609,6.706157415887331,-0.326744287988161,843.7183026600414,-255.13675969129145,-0.0013112127322014698,-0.0013112127322014698,0.024300462027029183,0.024300462027029183,6.706157415887331,6.706157415887331,843.7183026600414,843.7183026600414,Train
2012-04-01,824.0141,6.715400695800781,6.6818394579190326,0.033561237881748696,0.0717784855276726,-0.03821724764592391,0.015617373003161638,0.2526127572217215,0.0,0.0,0.0,0.2526127572217215,-0.0013112127322014698,-0.036906034913722435,0.07046727279547113,-0.036906034913722435,6.752306730714504,-0.036906034913722685,883.6149954567495,-59.60089633565576,-0.0013112127322014698,-0.0013112127322014698,0.07046727279547113,0.07046727279547113,6.752306730714504,6.752306730714504,883.6149954567495,883.6149954567495,Train
2012-05-01,647.4397,6.474568843841553,6.681821961977764,-0.2072531181362116,4.3433251167969265e-05,-0.20729655138737957,0.02187197230470281,0.3459455139905775,0.0,0.0,0.0,0.3459455139905775,-0.0013112127322014698,-0.2059853386551781,-0.0012677794810335005,-0.20598533865517812,6.6805541824967305,-0.20598533865517776,822.3653021756105,-174.9256049099855,-0.0013112127322014698,-0.0013112127322014698,-0.0012677794810335005,-0.0012677794810335005,6.6805541824967305,6.6805541824967305,822.3653021756105,822.3653021756105,Train
2012-06-01,941.7304,6.848780155181885,6.681804466036495,0.16697568914538952,-0.03965902328491241,0.20663471243030193,-0.01011023608689059,-0.13130131395696676,0.0,0.0,0.0,-0.13130131395696676,-0.0013112127322014698,0.2079459251625034,-0.04097023601711388,0.2079459251625034,6.640834230019381,0.20794592516250354,790.3022581051557,151.42814960968803,-0.0013112127322014698,-0.0013112127322014698,-0.04097023601711388,-0.04097023601711388,6.640834230019381,6.640834230019381,790.3022581051557,790.3022581051557,Train
2012-07-01,824.0141,6.715400695800781,6.681786970095226,0.0336137257055551,0.016533068807072542,0.017080656898482555,-0.0316782342456626,-0.4531445894562917,0.0,0.0,0.0,-0.4531445894562917,-0.0013112127322014698,0.018391869630684024,0.015221856074871072,0.018391869630684024,6.697008826170097,0.018391869630684177,836.0255639919625,-12.011464870868735,-0.0013112127322014698,-0.0013112127322014698,0.015221856074871072,0.015221856074871072,6.697008826170097,6.697008826170097,836.0255639919625,836.0255639919625,Train
2012-08-01,706.29785,6.5614519119262695,6.681769474153958,-0.12031756222768841,0.07449920705519879,-0.19481676928288721,-0.04130489156782298,-0.5967960726336279,0.0,0.0,0.0,-0.5967960726336279,-0.0013112127322014698,-0.19350555655068574,0.07318799432299732,-0.19350555655068574,6.754957468476955,-0.19350555655068558,885.962988412404,-179.665136849904,-0.0013112127322014698,-0.0013112127322014698,0.07318799432299732,0.07318799432299732,6.754957468476955,6.754957468476955,885.962988412404,885.962988412404,Train
2012-09-01,882.87225,6.784312725067139,6.681751978212689,0.10256074685444982,-0.21661469933732602,0.31917544619177585,-0.018861556954600157,-0.2618907990021382,0.0,0.0,0.0,-0.2618907990021382,-0.0013112127322014698,0.3204866589239773,-0.2179259120695275,0.3204866589239773,6.463826066143161,0.32048665892397743,661.9316231740901,220.94063024387867,-0.0013112127322014698,-0.0013112127322014698,-0.2179259120695275,-0.2179259120695275,6.463826066143161,6.463826066143161,661.9316231740901,661.9316231740901,Train
2012-10-01,765.15594,6.641385555267334,6.681734482271421,-0.040348927004086654,-0.1781989375574341,0.13785001055334745,-0.021375727355604675,-0.29940790332800465,0.0,0.0,0.0,-0.29940790332800465,-0.0013112127322014698,0.13916122328554892,-0.17951015028963557,0.13916122328554892,6.502224331981785,0.1391612232855488,687.8820858288946,77.27385899532419,-0.0013112127322014698,-0.0013112127322014698,-0.17951015028963557,-0.17951015028963557,6.502224331981785,6.502224331981785,687.8820858288946,687.8820858288946,Train
2012-11-01,706.29785,6.5614519119262695,6.6817169863301515,-0.12026507440388201,0.15836640994633466,-0.2786314843502167,-0.036530119434234766,-0.5255456815716312,0.0,0.0,0.0,-0.5255456815716312,-0.0013112127322014698,-0.2773202716180152,0.1570551972141332,-0.2773202716180152,6.838772183544284,-0.27732027161801476,963.50784860752,-257.20999704502003,-0.0013112127322014698,-0.0013112127322014698,0.1570551972141332,0.1570551972141332,6.838772183544284,6.838772183544284,963.50784860752,963.50784860752,Train
2012-12-01,882.87225,6.784312725067139,6.6816994903888824,0.10261323467825623,0.2653807401657101,-0.1627675054874539,-0.007159875581406718,-0.08727526749689804,0.0,0.0,0.0,-0.08727526749689804,-0.0013112127322014698,-0.16145629275525242,0.26406952743350864,-0.16145629275525242,6.945769017822391,-0.1614562927552523,1072.4304252418915,-189.55817182392275,-0.0013112127322014698,-0.0013112127322014698,0.26406952743350864,0.26406952743350864,6.945769017822391,6.945769017822391,1072.4304252418915,1072.4304252418915,Train
2013-01-01,882.87225,6.784312725067139,6.681681994447614,0.10263073061952444,0.02794030506526146,0.07469042555426297,-0.008762656771180051,-0.11119238508138528,0.0,0.0,0.0,-0.11119238508138528,-0.0013112127322014698,0.07600163828646445,0.026629092333059993,0.07600163828646445,6.708311086780674,0.07600163828646433,845.5395083164201,37.33274510154865,-0.0013112127322014698,-0.0013112127322014698,0.026629092333059993,0.026629092333059993,6.708311086780674,6.708311086780674,845.5395083164201,845.5395083164201,Train
2013-02-01,588.58154,6.37941312789917,6.681664498506345,-0.3022513706071752,-0.22107255063226394,-0.08117881997491128,0.03334208210974881,0.5171054743548875,0.0,0.0,0.0,0.5171054743548875,-0.0013112127322014698,-0.0798676072427098,-0.22238376336446541,-0.0798676072427098,6.4592807351418795,-0.07986760724270958,658.9252172466148,-70.3436742778648,-0.0013112127322014698,-0.0013112127322014698,-0.22238376336446541,-0.22238376336446541,6.4592807351418795,6.4592807351418795,658.9252172466148,658.9252172466148,Train
2013-03-01,765.15594,6.641385555267334,6.681647002565077,-0.04026144729774295,0.02561167475923065,-0.0658731220569736,-0.03947548202608169,-0.5694971478651153,0.0,0.0,0.0,-0.5694971478651153,-0.0013112127322014698,-0.06456190932477213,0.024300462027029183,-0.06456190932477213,6.705947464592106,-0.06456190932477224,843.5409715743949,-78.38502675017617,-0.0013112127322014698,-0.0013112127322014698,0.024300462027029183,0.024300462027029183,6.705947464592106,6.705947464592106,843.5409715743949,843.5409715743949,Train
2013-04-01,588.58154,6.37941312789917,6.681629506623808,-0.3022163787246379,0.0717784855276726,-0.37399486425231054,-0.0921402691547606,-1.355374792521487,0.0,0.0,0.0,-1.355374792521487,-0.0013112127322014698,-0.37268365152010907,0.07046727279547113,-0.37268365152010907,6.752096779419279,-0.3726836515201093,883.4292888880276,-294.8477459192776,-0.0013112127322014698,-0.0013112127322014698,0.07046727279547113,0.07046727279547113,6.752096779419279,6.752096779419279,883.4292888880276,883.4292888880276,Train
2013-05-01,1353.7375,7.211362838745117,6.681612010682539,0.5297508280625784,4.3433251167969265e-05,0.5297073948114105,-0.06942438417539619,-1.0164024514722512,0.0,0.0,0.0,-1.0164024514722512,-0.0013112127322014698,0.531018607543612,-0.0012677794810335005,0.531018607543612,6.680344231201505,0.5310186075436123,822.1924537094894,531.5450951186356,-0.0013112127322014698,-0.0013112127322014698,-0.0012677794810335005,-0.0012677794810335005,6.680344231201505,6.680344231201505,822.1924537094894,822.1924537094894,Train
2013-06-01,765.15594,6.641385555267334,6.6815945147412705,-0.040208959473936545,-0.03965902328491241,-0.0005499361890241375,-0.05967831275963882,-0.8709690401465018,0.0,0.0,0.0,-0.8709690401465018,-0.0013112127322014698,0.0007612765431773323,-0.04097023601711388,0.0007612765431773347,6.6406242787241565,0.0007612765431774804,790.1361406100542,-24.980195785835463,-0.0013112127322014698,-0.0013112127322014698,-0.04097023601711388,-0.04097023601711388,6.6406242787241565,6.6406242787241565,790.1361406100542,790.1361406100542,Train
2013-07-01,1059.4468,6.966445446014404,6.681577018800001,0.28486842721440286,0.016533068807072542,0.2683353584073303,-0.050687334658312294,-0.7368033275582554,0.0,0.0,0.0,-0.7368033275582554,-0.0013112127322014698,0.2696465711395318,0.015221856074871072,0.2696465711395318,6.696798874874872,0.26964657113953194,835.8498478372288,223.59692950652118,-0.0013112127322014698,-0.0013112127322014698,0.015221856074871072,0.015221856074871072,6.696798874874872,6.696798874874872,835.8498478372288,835.8498478372288,Train
2013-08-01,529.7234,6.274240970611572,6.681559522858733,-0.40731855224716096,0.07449920705519879,-0.48181775930235976,-0.04949169583789455,-0.7189616942529925,0.0,0.0,0.0,-0.7189616942529925,-0.0013112127322014698,-0.4805065465701583,0.07318799432299732,-0.4805065465701583,6.75474751718173,-0.4805065465701581,885.7767889312655,-356.0534002593905,-0.0013112127322014698,-0.0013112127322014698,0.07318799432299732,0.07318799432299732,6.75474751718173,6.75474751718173,885.7767889312655,885.7767889312655,Train
2013-09-01,412.00705,6.023464679718018,6.681542026917464,-0.6580773471994465,-0.21661469933732602,-0.4414626478621205,-0.05086403643995936,-0.7394401174806771,0.0,0.0,0.0,-0.7394401174806771,-0.0013112127322014698,-0.44015143512991906,-0.2179259120695275,-0.44015143512991906,6.4636161148479365,-0.44015143512991894,661.7924544309994,-249.78540487045257,-0.0013112127322014698,-0.0013112127322014698,-0.2179259120695275,-0.2179259120695275,6.4636161148479365,6.4636161148479365,661.7924544309994,661.7924544309994,Train
2013-10-01,647.4397,6.474568843841553,6.681524530976195,-0.2069556871346423,-0.1781989375574341,-0.028756749577208196,-0.030100577335459535,-0.429602382903043,0.0,0.0,0.0,-0.429602382903043,-0.0013112127322014698,-0.027445536845006727,-0.17951015028963557,-0.027445536845006724,6.50201438068656,-0.027445536845006835,687.7374693244595,-40.29777205883454,-0.0013112127322014698,-0.0013112127322014698,-0.17951015028963557,-0.17951015028963557,6.50201438068656,6.50201438068656,687.7374693244595,687.7374693244595,Train
2013-11-01,882.87225,6.784312725067139,6.681507035034927,0.10280569003221185,0.15836640994633466,-0.055560719914122814,-0.03273816740658793,-0.4689611876315756,0.0,0.0,0.0,-0.4689611876315756,-0.0013112127322014698,-0.05424950718192134,0.1570551972141332,-0.05424950718192134,6.8385622322490605,-0.054249507181921786,963.3053701914979,-80.43311677352915,-0.0013112127322014698,-0.0013112127322014698,0.1570551972141332,0.1570551972141332,6.8385622322490605,6.8385622322490605,963.3053701914979,963.3053701914979,Train
2013-12-01,1236.0212,7.120461463928223,6.681489539093658,0.43897192483456493,0.2653807401657101,0.17359118466885481,-0.03632998569587192,-0.5225592338995543,0.0,0.0,0.0,-0.5225592338995543,-0.0013112127322014698,0.1749023974010563,0.26406952743350864,0.1749023974010563,6.945559066527166,0.1749023974010564,1072.205080790286,163.81615944408895,-0.0013112127322014698,-0.0013112127322014698,0.26406952743350864,0.26406952743350864,6.945559066527166,6.945559066527166,1072.205080790286,1072.205080790286,Train
2014-01-01,765.15594,6.641385555267334,6.681472043152389,-0.040086487885054645,0.02794030506526146,-0.0680267929503161,-0.054026367765661144,-0.7866292476255181,0.0,0.0,0.0,-0.7866292476255181,-0.0013112127322014698,-0.06671558021811463,0.026629092333059993,-0.06671558021811463,6.708101135485449,-0.06671558021811475,845.3617949064225,-80.20585008220371,-0.0013112127322014698,-0.0013112127322014698,0.026629092333059993,0.026629092333059993,6.708101135485449,6.708101135485449,845.3617949064225,845.3617949064225,Train
2014-02-01,588.58154,6.37941312789917,6.68145454721112,-0.3020414193119505,-0.22107255063226394,-0.08096886867968656,-0.002369063396783951,-0.015785522623475035,0.0,0.0,0.0,-0.015785522623475035,-0.0013112127322014698,-0.07965765594748508,-0.22238376336446541,-0.07965765594748508,6.459070783846655,-0.07965765594748486,658.7866796360867,-70.20513666733666,-0.0013112127322014698,-0.0013112127322014698,-0.22238376336446541,-0.22238376336446541,6.459070783846655,6.459070783846655,658.7866796360867,658.7866796360867,Train
2014-03-01,706.29785,6.5614519119262695,6.681437051269851,-0.11998513934358179,0.02561167475923065,-0.14559681410281244,-0.0060186234099670055,-0.0702452059064353,0.0,0.0,0.0,-0.0702452059064353,-0.0013112127322014698,-0.14428560137061097,0.024300462027029183,-0.14428560137061097,6.705737513296881,-0.14428560137061108,843.3636777157307,-137.06582615323066,-0.0013112127322014698,-0.0013112127322014698,0.024300462027029183,0.024300462027029183,6.705737513296881,6.705737513296881,843.3636777157307,843.3636777157307,Train
2014-04-01,1412.5957,7.253891944885254,6.681419555328583,0.5724723895566708,0.0717784855276726,0.5006939040289982,-0.011159305119833847,-0.14695579479018428,0.0,0.0,0.0,-0.14695579479018428,-0.0013112127322014698,0.5020051167611996,0.07046727279547113,0.5020051167611996,6.7518868281240545,0.5020051167611994,883.2436213045477,529.3520818204523,-0.0013112127322014698,-0.0013112127322014698,0.07046727279547113,0.07046727279547113,6.7518868281240545,6.7518868281240545,883.2436213045477,883.2436213045477,Train
2014-05-01,765.15594,6.641385555267334,6.681402059387314,-0.040016504119980034,4.3433251167969265e-05,-0.040059937371148005,0.030821407934592704,0.47949131902036246,0.0,0.0,0.0,0.47949131902036246,-0.0013112127322014698,-0.03874872463894653,-0.0012677794810335005,-0.03874872463894653,6.68013427990628,-0.038748724638946186,822.0196415293192,-56.86369670510044,-0.0013112127322014698,-0.0013112127322014698,-0.0012677794810335005,-0.0012677794810335005,6.68013427990628,6.68013427990628,822.0196415293192,822.0196415293192,Train
2014-06-01,824.0141,6.715400695800781,6.681384563446045,0.03401613235473633,-0.03965902328491241,0.07367515563964874,-0.010251570831645584,-0.13341034776061197,0.0,0.0,0.0,-0.13341034776061197,-0.0013112127322014698,0.07498636837185021,-0.04097023601711388,0.07498636837185021,6.640414327428931,0.07498636837185035,789.9700579878743,34.04404113321948,-0.0013112127322014698,-0.0013112127322014698,-0.04097023601711388,-0.04097023601711388,6.640414327428931,6.640414327428931,789.9700579878743,789.9700579878743,Train
2014-07-01,882.87225,6.784312725067139,6.681367067504777,0.10294565756236196,0.016533068807072542,0.08641258875528941,-0.0022686698315931035,-0.014287423744653681,0.0,0.0,0.0,-0.014287423744653681,-0.0013112127322014698,0.08772380148749089,0.015221856074871072,0.08772380148749089,6.696588923579648,0.08772380148749104,835.6741685704569,47.198084847511836,-0.0013112127322014698,-0.0013112127322014698,0.015221856074871072,0.015221856074871072,6.696588923579648,6.696588923579648,835.6741685704569,835.6741685704569,Train
2014-08-01,529.7234,6.274240970611572,6.681349571563508,-0.40710860095193535,0.07449920705519879,-0.48160780800713415,-0.01623818659533729,-0.22274418451072292,0.0,0.0,0.0,-0.22274418451072292,-0.0013112127322014698,-0.4802965952749327,0.07318799432299732,-0.4802965952749327,6.754537565886505,-0.4802965952749325,885.590628538845,-355.86723986696995,-0.0013112127322014698,-0.0013112127322014698,0.07318799432299732,0.07318799432299732,6.754537565886505,6.754537565886505,885.590628538845,885.590628538845,Train
2014-09-01,588.58154,6.37941312789917,6.681332075622239,-0.3019189477230695,-0.21661469933732602,-0.08530424838574346,-0.01034383234821451,-0.13478709809583034,0.0,0.0,0.0,-0.13478709809583034,-0.0013112127322014698,-0.08399303565354199,-0.2179259120695275,-0.08399303565354199,6.463406163552712,-0.08399303565354188,661.6533149034996,-73.07177193474956,-0.0013112127322014698,-0.0013112127322014698,-0.2179259120695275,-0.2179259120695275,6.463406163552712,6.463406163552712,661.6533149034996,661.6533149034996,Train
2014-10-01,1000.58856,6.9093427658081055,6.68131457968097,0.22802818612713516,-0.1781989375574341,0.40622712368456926,-0.018259397333181118,-0.25290521658951565,0.0,0.0,0.0,-0.25290521658951565,-0.0013112127322014698,0.40753833641677073,-0.17951015028963557,0.40753833641677073,6.501804429391335,0.4075383364167706,687.5928831792603,312.99567883245845,-0.0013112127322014698,-0.0013112127322014698,-0.17951015028963557,-0.17951015028963557,6.501804429391335,6.501804429391335,687.5928831792603,687.5928831792603,Train
2014-11-01,706.29785,6.5614519119262695,6.681297083739701,-0.11984517181343168,0.15836640994633466,-0.27821158175976635,-0.011769890707975978,-0.15606711166872456,0.0,0.0,0.0,-0.15606711166872456,-0.0013112127322014698,-0.2769003690275649,0.1570551972141332,-0.2769003690275649,6.838352280953835,-0.2769003690275653,963.1029342816175,-256.80508271911754,-0.0013112127322014698,-0.0013112127322014698,0.1570551972141332,0.1570551972141332,6.838352280953835,6.838352280953835,963.1029342816175,963.1029342816175,Train
2014-12-01,1059.4468,6.966445446014404,6.681279587798433,0.2851658582159713,0.2653807401657101,0.019785118050261175,-0.06615327601941026,-0.9675901251874918,0.0,0.0,0.0,-0.9675901251874918,-0.0013112127322014698,0.021096330782462643,0.26406952743350864,0.021096330782462647,6.9453491152319415,0.021096330782462758,1071.9797836450734,-12.53300630132344,-0.0013112127322014698,-0.0013112127322014698,0.26406952743350864,0.26406952743350864,6.9453491152319415,6.9453491152319415,1071.9797836450734,1071.9797836450734,Train
2015-01-01,647.4397,6.474568843841553,6.681262091857164,-0.20669324801561118,0.02794030506526146,-0.23463355308087264,-0.11808370502523463,-1.7425094870255335,0.0,0.0,0.0,-1.7425094870255335,-0.0013112127322014698,-0.23332234034867116,0.026629092333059993,-0.23332234034867116,6.707891184190224,-0.23332234034867128,845.1841188036698,-197.74442153804478,-0.0013112127322014698,-0.0013112127322014698,0.026629092333059993,0.026629092333059993,6.707891184190224,6.707891184190224,845.1841188036698,845.1841188036698,Train
2015-02-01,588.58154,6.37941312789917,6.681244595915896,-0.3018314680167258,-0.22107255063226394,-0.08075891738446184,-0.05506003331626956,-0.8020538736909335,0.0,0.0,0.0,-0.8020538736909335,-0.0013112127322014698,-0.07944770465226036,-0.22238376336446541,-0.07944770465226036,6.45886083255143,-0.07944770465226014,658.6481711086562,-70.06662813990624,-0.0013112127322014698,-0.0013112127322014698,-0.22238376336446541,-0.22238376336446541,6.45886083255143,6.45886083255143,658.6481711086562,658.6481711086562,Train
2015-03-01,1236.0212,7.120461463928223,6.681227099974627,0.43923436395359605,0.02561167475923065,0.4136226891943654,-0.033332016328054354,-0.47782275561899507,0.0,0.0,0.0,-0.47782275561899507,-0.0013112127322014698,0.4149339019265669,0.024300462027029183,0.4149339019265669,6.705527562001656,0.41493390192656676,843.1864210762351,392.8348191581399,-0.0013112127322014698,-0.0013112127322014698,0.024300462027029183,0.024300462027029183,6.705527562001656,6.705527562001656,843.1864210762351,843.1864210762351,Train
2015-04-01,882.87225,6.784312725067139,6.6812096040333575,0.10310312103378116,0.0717784855276726,0.03132463550610856,-0.06934708040375474,-1.015248904495365,0.0,0.0,0.0,-1.015248904495365,-0.0013112127322014698,0.03263584823831003,0.07046727279547113,0.03263584823831003,6.751676876828829,0.032635848238309784,883.057992698125,-0.18573928015621277,-0.0013112127322014698,-0.0013112127322014698,0.07046727279547113,0.07046727279547113,6.751676876828829,6.751676876828829,883.057992698125,883.057992698125,Train
2015-05-01,470.8652,6.156693458557129,6.681192108092089,-0.5244986495349604,4.3433251167969265e-05,-0.5245420827861283,-0.04663119542439042,-0.6762765634461305,0.0,0.0,0.0,-0.6762765634461305,-0.0013112127322014698,-0.5232308700539269,-0.0012677794810335005,-0.5232308700539269,6.6799243286110555,-0.5232308700539265,821.8468656274816,-350.98166177005976,-0.0013112127322014698,-0.0013112127322014698,-0.0012677794810335005,-0.0012677794810335005,6.6799243286110555,6.6799243286110555,821.8468656274816,821.8468656274816,Train
2015-06-01,470.8652,6.156693458557129,6.68117461215082,-0.5244811535936913,-0.03965902328491241,-0.4848221303087789,-0.047581968629771106,-0.690464248386759,0.0,0.0,0.0,-0.690464248386759,-0.0013112127322014698,-0.48351091757657744,-0.04097023601711388,-0.48351091757657744,6.640204376133706,-0.48351091757657727,789.8040102312964,-318.9388063738745,-0.0013112127322014698,-0.0013112127322014698,-0.04097023601711388,-0.04097023601711388,6.640204376133706,6.640204376133706,789.8040102312964,789.8040102312964,Train
2015-07-01,1000.58856,6.9093427658081055,6.681157116209551,0.22818564959855436,0.016533068807072542,0.21165258079148183,-0.019523226246218012,-0.2717644001840354,0.0,0.0,0.0,-0.2717644001840354,-0.0013112127322014698,0.2129637935236833,0.015221856074871072,0.2129637935236833,6.696378972284422,0.21296379352368344,835.4985261839022,165.09003582781656,-0.0013112127322014698,-0.0013112127322014698,0.015221856074871072,0.015221856074871072,6.696378972284422,6.696378972284422,835.4985261839022,835.4985261839022,Train
2015-08-01,1000.58856,6.9093427658081055,6.681139620268283,0.22820314553982257,0.07449920705519879,0.15370393848462377,-0.011598938286395973,-0.1535161151918692,0.0,0.0,0.0,-0.1535161151918692,-0.0013112127322014698,0.15501515121682524,0.07318799432299732,0.15501515121682524,6.75432761459128,0.1550151512168254,885.404507226938,115.18405478478076,-0.0013112127322014698,-0.0013112127322014698,0.07318799432299732,0.07318799432299732,6.75432761459128,6.75432761459128,885.404507226938,885.404507226938,Train
2015-09-01,647.4397,6.474568843841553,6.681122124327014,-0.20655328048546107,-0.21661469933732602,0.010061418851864956,-0.08888258405591906,-1.306762768584992,0.0,0.0,0.0,-1.306762768584992,-0.0013112127322014698,0.011372631584066427,-0.2179259120695275,0.011372631584066428,6.463196212257486,0.01137263158406654,661.5142045854568,-14.07450731983181,-0.0013112127322014698,-0.0013112127322014698,-0.2179259120695275,-0.2179259120695275,6.463196212257486,6.463196212257486,661.5142045854568,661.5142045854568,Train
2015-10-01,647.4397,6.474568843841553,6.681104628385746,-0.20653578454419286,-0.1781989375574341,-0.028336846986758757,-0.13103826481347988,-1.9358207959475888,0.0,0.0,0.0,-1.9358207959475888,-0.0013112127322014698,-0.027025634254557288,-0.17951015028963557,-0.027025634254557285,6.50159447809611,-0.027025634254557396,687.4483273869232,-40.00863012129821,-0.0013112127322014698,-0.0013112127322014698,-0.17951015028963557,-0.17951015028963557,6.50159447809611,6.50159447809611,687.4483273869232,687.4483273869232,Train
2015-11-01,941.7304,6.848780155181885,6.6810871324444765,0.16769302273740827,0.15836640994633466,0.009326612791073607,-0.11729489459352595,-1.7307386526986628,0.0,0.0,0.0,-1.7307386526986628,-0.0013112127322014698,0.010637825523275078,0.1570551972141332,0.01063782552327508,6.838142329658609,0.010637825523275524,962.9005408689573,-21.1701331541135,-0.0013112127322014698,-0.0013112127322014698,0.1570551972141332,0.1570551972141332,6.838142329658609,6.838142329658609,962.9005408689573,962.9005408689573,Train
2015-12-01,1118.3049,7.020462989807129,6.681069636503207,0.3393933533039215,0.2653807401657101,0.07401261313821139,-0.06383041592735451,-0.9329278030261823,0.0,0.0,0.0,-0.9329278030261823,-0.0013112127322014698,0.07532382587041286,0.26406952743350864,0.07532382587041286,6.945139163936716,0.07532382587041297,1071.7545337963224,46.55039784430255,-0.0013112127322014698,-0.0013112127322014698,0.26406952743350864,0.26406952743350864,6.945139163936716,6.945139163936716,1071.7545337963224,1071.7545337963224,Train
2016-01-01,824.0141,6.715400695800781,6.681052140561939,0.03434855523884206,0.02794030506526146,0.0064082501735805986,-0.08306429439052096,-1.2199407376328988,0.0,0.0,0.0,-1.2199407376328988,-0.0013112127322014698,0.007719462905782068,0.026629092333059993,0.007719462905782067,6.707681232894999,0.00771946290578196,845.0064800003294,-20.99238087923561,-0.0013112127322014698,-0.0013112127322014698,0.026629092333059993,0.026629092333059993,6.707681232894999,6.707681232894999,845.0064800003294,845.0064800003294,Train
2016-02-01,412.00705,6.023464679718018,6.68103464462067,-0.6575699649026525,-0.22107255063226394,-0.4364974142703886,-0.11730205151456369,-1.7308454501349533,0.0,0.0,0.0,-1.7308454501349533,-0.0013112127322014698,-0.4351862015381871,-0.22238376336446541,-0.4351862015381871,6.4586508812562045,-0.4351862015381869,658.5096916582174,-246.50264209767056,-0.0013112127322014698,-0.0013112127322014698,-0.22238376336446541,-0.22238376336446541,6.4586508812562045,6.4586508812562045,658.5096916582174,658.5096916582174,Train
2016-03-01,529.7234,6.274240970611572,6.681017148679402,-0.4067761780678296,0.02561167475923065,-0.43238785282706027,-0.08503194523746355,-1.249302535095843,0.0,0.0,0.0,-1.249302535095843,-0.0013112127322014698,-0.4310766400948588,0.024300462027029183,-0.4310766400948588,6.705317610706431,-0.4310766400948589,843.0092016480943,-313.2858129762193,-0.0013112127322014698,-0.0013112127322014698,0.024300462027029183,0.024300462027029183,6.705317610706431,6.705317610706431,843.0092016480943,843.0092016480943,Train
2016-04-01,588.58154,6.37941312789917,6.680999652738133,-0.30158652483896287,0.0717784855276726,-0.3733650103666355,-0.06635695173204266,-0.9706294271204163,0.0,0.0,0.0,-0.9706294271204163,-0.0013112127322014698,-0.372053797634434,0.07046727279547113,-0.372053797634434,6.751466925533604,-0.37205379763443425,882.8724030605782,-294.2908600918282,-0.0013112127322014698,-0.0013112127322014698,0.07046727279547113,0.07046727279547113,6.751466925533604,6.751466925533604,882.8724030605782,882.8724030605782,Train
2016-05-01,882.87225,6.784312725067139,6.680982156796864,0.10333056827027498,4.3433251167969265e-05,0.10328713501910701,-0.07841233577067808,-1.1505230017505066,0.0,0.0,0.0,-1.1505230017505066,-0.0013112127322014698,0.10459834775130848,-0.0012677794810335005,0.10459834775130848,6.67971437731583,0.10459834775130883,821.6741259963599,61.19812742160889,-0.0013112127322014698,-0.0013112127322014698,-0.0012677794810335005,-0.0012677794810335005,6.67971437731583,6.67971437731583,821.6741259963599,821.6741259963599,Train
2016-06-01,765.15594,6.641385555267334,6.6809646608555955,-0.0395791055882615,-0.03965902328491241,7.991769665090936e-05,-0.04373695763106595,-0.633087994686974,0.0,0.0,0.0,-0.633087994686974,-0.0013112127322014698,0.0013911304288523791,-0.04097023601711388,0.0013911304288523815,6.6399944248384815,0.0013911304288525272,789.6379973330007,-24.482052508781976,-0.0013112127322014698,-0.0013112127322014698,-0.04097023601711388,-0.04097023601711388,6.6399944248384815,6.6399944248384815,789.6379973330007,789.6379973330007,Train
2016-07-01,647.4397,6.474568843841553,6.680947164914326,-0.20637832107277365,0.016533068807072542,-0.22291138987984618,-0.0871987605134042,-1.2816363159445345,0.0,0.0,0.0,-1.2816363159445345,-0.0013112127322014698,-0.2216001771476447,0.015221856074871072,-0.2216001771476447,6.696169020989197,-0.22160017714764457,835.3229206698239,-187.88322340419893,-0.0013112127322014698,-0.0013112127322014698,0.015221856074871072,0.015221856074871072,6.696169020989197,6.696169020989197,835.3229206698239,835.3229206698239,Train
2016-08-01,1236.0212,7.120461463928223,6.680929668973057,0.43953179495516537,0.07449920705519879,0.36503258789996657,-0.0347901173206498,-0.4995809176890745,0.0,0.0,0.0,-0.4995809176890745,-0.0013112127322014698,0.36634380063216804,0.07318799432299732,0.36634380063216804,6.7541176632960545,0.3663438006321682,885.2184249873392,350.8028152470358,-0.0013112127322014698,-0.0013112127322014698,0.07318799432299732,0.07318799432299732,6.7541176632960545,6.7541176632960545,885.2184249873392,885.2184249873392,Train
2016-09-01,765.15594,6.641385555267334,6.680912173031789,-0.039526617764455096,-0.21661469933732602,0.17708808157287093,0.034023376788533614,0.5272719306660487,0.0,0.0,0.0,0.5272719306660487,-0.0013112127322014698,0.1783992943050724,-0.2179259120695275,0.1783992943050724,6.4629862609622615,0.1783992943050725,661.3751234707403,103.78082135347847,-0.0013112127322014698,-0.0013112127322014698,-0.2179259120695275,-0.2179259120695275,6.4629862609622615,6.4629862609622615,661.3751234707403,661.3751234707403,Train
2016-10-01,588.58154,6.37941312789917,6.68089467709052,-0.30148154919135006,-0.1781989375574341,-0.12328261163391596,0.04688837515805919,0.7192467808149291,0.0,0.0,0.0,0.7192467808149291,-0.0013112127322014698,-0.12197139890171449,-0.17951015028963557,-0.12197139890171449,6.5013845268008845,-0.1219713989017146,687.3038019410756,-98.72225897232556,-0.0013112127322014698,-0.0013112127322014698,-0.17951015028963557,-0.17951015028963557,6.5013845268008845,6.5013845268008845,687.3038019410756,687.3038019410756,Train
2016-11-01,1471.4537,7.294685363769531,6.680877181149252,0.6138081826202795,0.15836640994633466,0.4554417726739448,0.06651171107348086,1.0120713007703983,0.0,0.0,0.0,1.0120713007703983,-0.0013112127322014698,0.4567529854061463,0.1570551972141332,0.4567529854061463,6.837932378363385,0.45675298540614584,962.6981899445976,508.75554540696487,-0.0013112127322014698,-0.0013112127322014698,0.1570551972141332,0.1570551972141332,6.837932378363385,6.837932378363385,962.6981899445976,962.6981899445976,Train
2016-12-01,647.4397,6.474568843841553,6.680859685207983,-0.20629084136642994,0.2653807401657101,-0.47167158153214006,0.09738147774236004,1.472717984133136,0.0,0.0,0.0,1.472717984133136,-0.0013112127322014698,-0.4703603687999386,0.26406952743350864,-0.4703603687999386,6.944929212641491,-0.4703603687999385,1071.529331234106,-424.08963396848094,-0.0013112127322014698,-0.0013112127322014698,0.26406952743350864,0.26406952743350864,6.944929212641491,6.944929212641491,1071.529331234106,1071.529331234106,Train
2017-01-01,941.7304,6.848780155181885,6.680842189266714,0.16793796591517118,0.02794030506526146,0.13999766084990972,0.1521340862343162,2.289750641937602,0.0,0.0,0.0,2.289750641937602,-0.0013112127322014698,0.1413088735821112,0.026629092333059993,0.1413088735821112,6.707471281599774,0.14130887358211108,844.82887848857,96.90152922627374,-0.0013112127322014698,-0.0013112127322014698,0.026629092333059993,0.026629092333059993,6.707471281599774,6.707471281599774,844.82887848857,844.82887848857,Train
2017-02-01,882.87225,6.784312725067139,6.680824693325445,0.1034880317416933,-0.22107255063226394,0.32456058237395724,0.09005320055913703,1.3633635268926896,0.0,0.0,0.0,1.3633635268926896,-0.0013112127322014698,0.3258717951061587,-0.22238376336446541,0.3258717951061587,6.45844092996098,0.32587179510615893,658.3712412786673,224.50101213930145,-0.0013112127322014698,-0.0013112127322014698,-0.22238376336446541,-0.22238376336446541,6.45844092996098,6.45844092996098,658.3712412786673,658.3712412786673,Train
2017-03-01,647.4397,6.474568843841553,6.680807197384176,-0.20623835354262354,0.02561167475923065,-0.2318500283018542,0.10272638335490282,1.5524760551841508,0.0,0.0,0.0,1.5524760551841508,-0.0013112127322014698,-0.23053881556965272,0.024300462027029183,-0.23053881556965272,6.705107659411206,-0.23053881556965283,842.8320194234956,-195.39232215787058,-0.0013112127322014698,-0.0013112127322014698,0.024300462027029183,0.024300462027029183,6.705107659411206,6.705107659411206,842.8320194234956,842.8320194234956,Train
2017-04-01,1177.1631,7.071712017059326,6.680789701442908,0.3909223156164181,0.0717784855276726,0.3191438300887455,0.12278520164226168,1.8517989563048407,0.0,0.0,0.0,1.8517989563048407,-0.0013112127322014698,0.32045504282094694,0.07046727279547113,0.32045504282094694,6.7512569742383794,0.3204550428209467,882.6868523837264,294.47623355377357,-0.0013112127322014698,-0.0013112127322014698,0.07046727279547113,0.07046727279547113,6.7512569742383794,6.7512569742383794,882.6868523837264,882.6868523837264,Train
2017-05-01,1118.3049,7.020462989807129,6.680772205501639,0.33969078430548993,4.3433251167969265e-05,0.339647351054322,0.11286271021226883,1.7037329596632356,0.0,0.0,0.0,1.7037329596632356,-0.0013112127322014698,0.34095856378652345,-0.0012677794810335005,0.34095856378652345,6.679504426020605,0.3409585637865238,821.5014226283415,296.8035090122835,-0.0013112127322014698,-0.0013112127322014698,-0.0012677794810335005,-0.0012677794810335005,6.679504426020605,6.679504426020605,821.5014226283415,821.5014226283415,Train
2017-06-01,1118.3049,7.020462989807129,6.68075470956037,0.33970828024675903,-0.03965902328491241,0.3793673035316714,0.16213368362498562,2.438967233769451,0.0,0.0,0.0,2.438967233769451,-0.0013112127322014698,0.3806785162638729,-0.04097023601711388,0.3806785162638729,6.639784473543256,0.38067851626387306,789.4720192856689,328.8329123549561,-0.0013112127322014698,-0.0013112127322014698,-0.04097023601711388,-0.04097023601711388,6.639784473543256,6.639784473543256,789.4720192856689,789.4720192856689,Train
2017-07-01,588.58154,6.37941312789917,6.680737213619102,-0.30132408571993174,0.016533068807072542,-0.3178571545270043,0.15617321588669025,2.3500235846519355,0.0,0.0,0.0,2.3500235846519355,-0.0013112127322014698,-0.31654594179480283,0.015221856074871072,-0.31654594179480283,6.695959069693973,-0.31654594179480267,835.1473520204808,-246.56580905173075,-0.0013112127322014698,-0.0013112127322014698,0.015221856074871072,0.015221856074871072,6.695959069693973,6.695959069693973,835.1473520204808,835.1473520204808,Train
2017-08-01,1177.1631,7.071712017059326,6.680719717677833,0.3909922993814936,0.07449920705519879,0.3164930923262948,0.12055980041911085,1.8185909407214487,0.0,0.0,0.0,1.8185909407214487,-0.0013112127322014698,0.3178043050584963,0.07318799432299732,0.3178043050584963,6.75390771200083,0.31780430505849644,885.0323818118472,292.13070412565276,-0.0013112127322014698,-0.0013112127322014698,0.07318799432299732,0.07318799432299732,6.75390771200083,6.75390771200083,885.0323818118472,885.0323818118472,Train
2017-09-01,706.29785,6.5614519119262695,6.680702221736564,-0.11925030981029483,-0.21661469933732602,0.09736438952703119,0.13435261540120796,2.0244109115650963,0.0,0.0,0.0,2.0244109115650963,-0.0013112127322014698,0.09867560225923266,-0.2179259120695275,0.09867560225923266,6.462776309667037,0.09867560225923278,661.2360715532187,45.06178000928128,-0.0013112127322014698,-0.0013112127322014698,-0.2179259120695275,-0.2179259120695275,6.462776309667037,6.462776309667037,661.2360715532187,661.2360715532187,Train
2017-10-01,941.7304,6.848780155181885,6.680684725795295,0.1680954293865895,-0.1781989375574341,0.3462943669440236,0.12380625311676957,1.8670353518474367,0.0,0.0,0.0,1.8670353518474367,-0.0013112127322014698,0.3476055796762251,-0.17951015028963557,0.3476055796762251,6.50117457550566,0.34760557967622496,687.159306835348,254.5711008794957,-0.0013112127322014698,-0.0013112127322014698,-0.17951015028963557,-0.17951015028963557,6.50117457550566,6.50117457550566,687.159306835348,687.159306835348,Train
2017-11-01,1000.58856,6.9093427658081055,6.680667229854026,0.2286755359540793,0.15836640994633466,0.07030912600774464,0.05902512049581438,0.9003544499017616,0.0,0.0,0.0,0.9003544499017616,-0.0013112127322014698,0.07162033873994611,0.1570551972141332,0.07162033873994611,6.83772242706816,0.07162033873994567,962.4958814996153,38.09268051210347,-0.0013112127322014698,-0.0013112127322014698,0.1570551972141332,0.1570551972141332,6.83772242706816,6.83772242706816,962.4958814996153,962.4958814996153,Train
2017-12-01,1118.3049,7.020462989807129,6.680649733912758,0.33981325589437095,0.2653807401657101,0.07443251572866083,0.020971717248367147,0.33251167400306536,0.0,0.0,0.0,0.33251167400306536,-0.0013112127322014698,0.0757437284608623,0.26406952743350864,0.0757437284608623,6.9447192613462665,0.07574372846086241,1071.3041759484956,47.00075569212936,-0.0013112127322014698,-0.0013112127322014698,0.26406952743350864,0.26406952743350864,6.9447192613462665,6.9447192613462665,1071.3041759484956,1071.3041759484956,Train
2018-01-01,765.15594,6.641385555267334,6.680632237971489,-0.03924668270415488,0.02794030506526146,-0.06718698776941634,0.03474810482912389,0.5380865108933248,0.0,0.0,0.0,0.5380865108933248,-0.0013112127322014698,-0.06587577503721487,0.026629092333059993,-0.06587577503721487,6.707261330304549,-0.06587577503721498,844.651314260565,-79.49536943634621,-0.0013112127322014698,-0.0013112127322014698,0.026629092333059993,0.026629092333059993,6.707261330304549,6.707261330304549,844.651314260565,844.651314260565,Train
2018-02-01,588.58154,6.37941312789917,6.68061474203022,-0.30120161413104984,-0.22107255063226394,-0.0801290634987859,-0.0063520325827828164,-0.07522042425867345,0.0,0.0,0.0,-0.07522042425867345,-0.0013112127322014698,-0.07881785076658443,-0.22238376336446541,-0.07881785076658443,6.458230978665754,-0.07881785076658421,658.232819963902,-69.65127699515199,-0.0013112127322014698,-0.0013112127322014698,-0.22238376336446541,-0.22238376336446541,6.458230978665754,6.458230978665754,658.232819963902,658.232819963902,Train
2018-03-01,1000.58856,6.9093427658081055,6.680597246088952,0.2287455197191539,0.02561167475923065,0.20313384495992326,-0.0011729959606675783,0.0020625065966688783,0.0,0.0,0.0,0.0020625065966688783,-0.0013112127322014698,0.20444505769212473,0.024300462027029183,0.20444505769212473,6.704897708115981,0.20444505769212462,842.6548743946304,157.93368761708837,-0.0013112127322014698,-0.0013112127322014698,0.024300462027029183,0.024300462027029183,6.704897708115981,6.704897708115981,842.6548743946304,842.6548743946304,Train
2018-04-01,588.58154,6.37941312789917,6.6805797501476825,-0.30116662224851254,0.0717784855276726,-0.37294510777618517,-0.04989399300034613,-0.7249648770952,0.0,0.0,0.0,-0.7249648770952,-0.0013112127322014698,-0.3716338950439837,0.07046727279547113,-0.3716338950439837,6.751047022943154,-0.3716338950439839,882.5013406593895,-293.9197976906395,-0.0013112127322014698,-0.0013112127322014698,0.07046727279547113,0.07046727279547113,6.751047022943154,6.751047022943154,882.5013406593895,882.5013406593895,Train
2018-05-01,765.15594,6.641385555267334,6.680562254206414,-0.03917669893908027,4.3433251167969265e-05,-0.03922013219024824,-0.03691074455940066,-0.5312254686394406,0.0,0.0,0.0,-0.5312254686394406,-0.0013112127322014698,-0.037908919458046766,-0.0012677794810335005,-0.037908919458046766,6.67929447472538,-0.03790891945804642,821.3287555158126,-56.172810691593895,-0.0013112127322014698,-0.0013112127322014698,-0.0012677794810335005,-0.0012677794810335005,6.67929447472538,6.67929447472538,821.3287555158126,821.3287555158126,Train
2018-06-01,647.4397,6.474568843841553,6.680544758265145,-0.20597591442359242,-0.03965902328491241,-0.16631689113868,-0.08544193331709403,-1.255420483803581,0.0,0.0,0.0,-1.255420483803581,-0.0013112127322014698,-0.16500567840647853,-0.04097023601711388,-0.16500567840647853,6.639574522248031,-0.1650056784064784,789.3060760819857,-141.86637881636068,-0.0013112127322014698,-0.0013112127322014698,-0.04097023601711388,-0.04097023601711388,6.639574522248031,6.639574522248031,789.3060760819857,789.3060760819857,Train
2018-07-01,706.29785,6.5614519119262695,6.680527262323876,-0.11907535039760653,0.016533068807072542,-0.13560841920467906,-0.05923180189822932,-0.8643060889943285,0.0,0.0,0.0,-0.8643060889943285,-0.0013112127322014698,-0.1342972064724776,0.015221856074871072,-0.1342972064724776,6.695749118398747,-0.13429720647247745,834.971820228133,-128.67396866563297,-0.0013112127322014698,-0.0013112127322014698,0.015221856074871072,0.015221856074871072,6.695749118398747,6.695749118398747,834.971820228133,834.971820228133,Train
2018-08-01,1000.58856,6.9093427658081055,6.680509766382608,0.22883299942549762,0.07449920705519879,0.15433379237029882,-0.06530285792699933,-0.9548999653316452,0.0,0.0,0.0,-0.9548999653316452,-0.0013112127322014698,0.1556450051025003,0.07318799432299732,0.1556450051025003,6.753697760705605,0.15564500510250046,884.846377692261,115.7421843194578,-0.0013112127322014698,-0.0013112127322014698,0.07318799432299732,0.07318799432299732,6.753697760705605,6.753697760705605,884.846377692261,884.846377692261,Train
2018-09-01,529.7234,6.274240970611572,6.680492270441339,-0.4062512998297665,-0.21661469933732602,-0.18963660049244047,-0.10059605014982496,-1.4815541547563456,0.0,0.0,0.0,-1.4815541547563456,-0.0013112127322014698,-0.188325387760239,-0.2179259120695275,-0.188325387760239,6.462566358371811,-0.18832538776023888,661.0970488267626,-131.3736601548876,-0.0013112127322014698,-0.0013112127322014698,-0.2179259120695275,-0.2179259120695275,6.462566358371811,6.462566358371811,661.0970488267626,661.0970488267626,Validate
2018-10-01,824.0141,6.715400695800781,6.6804747745000705,0.034925921300710705,-0.1781989375574341,0.2131248588581448,-0.053711841658451116,-0.781935807287229,0.0,0.0,0.0,-0.781935807287229,-0.0013112127322014698,0.21443607159034628,-0.17951015028963557,0.21443607159034628,6.500964624210435,0.21443607159034617,687.0148420633707,136.99925705772307,-0.0013112127322014698,-0.0013112127322014698,-0.17951015028963557,-0.17951015028963557,6.500964624210435,6.500964624210435,687.0148420633707,687.0148420633707,Validate
2018-11-01,588.58154,6.37941312789917,6.6804572785588014,-0.3010441506596315,0.15836640994633466,-0.4594105606059662,-0.09359249452920655,-1.377045277090071,0.0,0.0,0.0,-1.377045277090071,-0.0013112127322014698,-0.4580993478737647,0.1570551972141332,-0.4580993478737647,6.837512475772934,-0.4580993478737643,962.2936155250945,-373.71207255634454,-0.0013112127322014698,-0.0013112127322014698,0.1570551972141332,0.1570551972141332,6.837512475772934,6.837512475772934,962.2936155250945,962.2936155250945,Validate
2018-12-01,1294.8794,7.166944980621338,6.680439782617532,0.48650519800380554,0.2653807401657101,0.22112445783809542,-0.04755757227616544,-0.6901001996560011,0.0,0.0,0.0,-0.6901001996560011,-0.0013112127322014698,0.2224356705702969,0.26406952743350864,0.2224356705702969,6.944509310051041,0.222435670570297,1071.0790679295665,223.80032660168354,-0.0013112127322014698,-0.0013112127322014698,0.26406952743350864,0.26406952743350864,6.944509310051041,6.944509310051041,1071.0790679295665,1071.0790679295665,Validate
2019-01-01,706.29785,6.5614519119262695,6.680422286676264,-0.11897037474999461,0.02794030506526146,-0.14691067981525607,-0.05898068469263444,-0.8605588527701813,0.0,0.0,0.0,-0.8605588527701813,-0.0013112127322014698,-0.1455994670830546,0.026629092333059993,-0.1455994670830546,6.707051379009324,-0.1455994670830547,844.4737873084864,-138.1759357459864,-0.0013112127322014698,-0.0013112127322014698,0.026629092333059993,0.026629092333059993,6.707051379009324,6.707051379009324,844.4737873084864,844.4737873084864,Validate
2019-02-01,529.7234,6.274240970611572,6.680404790734995,-0.4061638201234228,-0.22107255063226394,-0.18509126949115884,-0.07132463709311095,-1.0447585195140006,0.0,0.0,0.0,-1.0447585195140006,-0.0013112127322014698,-0.18378005675895737,-0.22238376336446541,-0.18378005675895737,6.458021027370529,-0.18378005675895714,658.094427707821,-128.37103903594596,-0.0013112127322014698,-0.0013112127322014698,-0.22238376336446541,-0.22238376336446541,6.458021027370529,6.458021027370529,658.094427707821,658.094427707821,Validate
2019-03-01,941.7304,6.848780155181885,6.680387294793727,0.16839286038815793,0.02561167475923065,0.14278118562892728,-0.057666612170325426,-0.8409499209764077,0.0,0.0,0.0,-0.8409499209764077,-0.0013112127322014698,0.14409239836112875,0.024300462027029183,0.14409239836112875,6.704687756820756,0.14409239836112864,842.4777665536893,99.25264116115443,-0.0013112127322014698,-0.0013112127322014698,0.024300462027029183,0.024300462027029183,6.704687756820756,6.704687756820756,842.4777665536893,842.4777665536893,Validate
2019-04-01,529.7234,6.274240970611572,6.680369798852458,-0.4061288282408855,0.0717784855276726,-0.4779073137685581,-0.04789204431576126,-0.6950912783826412,0.0,0.0,0.0,-0.6950912783826412,-0.0013112127322014698,-0.47659610103635663,0.07046727279547113,-0.47659610103635663,6.750837071647929,-0.47659610103635686,882.3158678793917,-352.5924792075167,-0.0013112127322014698,-0.0013112127322014698,0.07046727279547113,0.07046727279547113,6.750837071647929,6.750837071647929,882.3158678793917,882.3158678793917,Validate
2019-05-01,1118.3049,7.020462989807129,6.680352302911189,0.34011068689594026,4.3433251167969265e-05,0.3400672536447723,0.0456585640495007,0.7008952197423528,0.0,0.0,0.0,0.7008952197423528,-0.0013112127322014698,0.3413784663769738,-0.0012677794810335005,0.3413784663769738,6.679084523430155,0.3413784663769741,821.1561246511618,297.1488069894632,-0.0013112127322014698,-0.0013112127322014698,-0.0012677794810335005,-0.0012677794810335005,6.679084523430155,6.679084523430155,821.1561246511618,821.1561246511618,Validate
2019-06-01,588.58154,6.37941312789917,6.68033480696992,-0.3009216790707505,-0.03965902328491241,-0.2612626557858381,-0.03643641199512457,-0.5241473548043594,0.0,0.0,0.0,-0.5241473548043594,-0.0013112127322014698,-0.25995144305363665,-0.04097023601711388,-0.25995144305363665,6.639364570952806,-0.2599514430536365,789.140167714636,-200.55862474588605,-0.0013112127322014698,-0.0013112127322014698,-0.04097023601711388,-0.04097023601711388,6.639364570952806,6.639364570952806,789.140167714636,789.140167714636,Validate
2019-07-01,824.0141,6.715400695800781,6.680317311028651,0.03508338477212991,0.016533068807072542,0.01855031596505737,-0.016276130346545726,-0.22331039103038952,0.0,0.0,0.0,-0.22331039103038952,-0.0013112127322014698,0.019861528697258837,0.015221856074871072,0.019861528697258837,6.695539167103522,0.01986152869725899,834.7963252850445,-10.782226163950781,-0.0013112127322014698,-0.0013112127322014698,0.015221856074871072,0.015221856074871072,6.695539167103522,6.695539167103522,834.7963252850445,834.7963252850445,Validate
2019-08-01,824.0141,6.715400695800781,6.680299815087382,0.03510088071339901,0.07449920705519879,-0.03939832634179978,-0.23728374622583503,-3.5212434899331075,0.0,0.0,0.0,-3.5212434899331075,-0.0013112127322014698,-0.03808711360959831,0.07318799432299732,-0.03808711360959831,6.753487809410379,-0.038087113609598156,884.6604126203804,-60.646313499286634,-0.0013112127322014698,-0.0013112127322014698,0.07318799432299732,0.07318799432299732,6.753487809410379,6.753487809410379,884.6604126203804,884.6604126203804,Validate
2019-09-01,882.87225,6.784312725067139,6.680282319146114,0.10403040592102464,-0.21661469933732602,0.32064510525835066,-0.23369446615029865,-3.467683319550523,0.0,0.0,0.0,-3.467683319550523,-0.0013112127322014698,0.32195631799055213,-0.2179259120695275,0.32195631799055213,6.462356407076586,0.32195631799055224,660.9580552852444,221.91419813272432,-0.0013112127322014698,-0.0013112127322014698,-0.2179259120695275,-0.2179259120695275,6.462356407076586,6.462356407076586,660.9580552852444,660.9580552852444,Validate
2019-10-01,1177.1631,7.071712017059326,6.680264823204845,0.39144719385448123,-0.1781989375574341,0.5696461314119153,-0.21991888220393535,-3.262120474701601,0.0,0.0,0.0,-3.262120474701601,-0.0013112127322014698,0.5709573441441168,-0.17951015028963557,0.5709573441441168,6.5007546729152095,0.5709573441441167,686.870407618775,490.29267831872505,-0.0013112127322014698,-0.0013112127322014698,-0.17951015028963557,-0.17951015028963557,6.5007546729152095,6.5007546729152095,686.870407618775,686.870407618775,Validate
2019-11-01,470.8652,6.156693458557129,6.680247327263577,-0.5235538687064478,0.15836640994633466,-0.6819202786527825,-0.3049472574923489,-4.530935995351987,0.0,0.0,0.0,-4.530935995351987,-0.0013112127322014698,-0.680609065920581,0.1570551972141332,-0.680609065920581,6.83730252447771,-0.6806090659205815,962.0913920121213,-491.22618815469946,-0.0013112127322014698,-0.0013112127322014698,0.1570551972141332,0.1570551972141332,6.83730252447771,6.83730252447771,962.0913920121213,962.0913920121213,Validate
2019-12-01,1118.3049,7.020462989807129,6.680229831322308,0.3402331584848213,0.2653807401657101,0.07485241831911116,-0.31810018098959636,-4.72720733910785,0.0,0.0,0.0,-4.72720733910785,-0.0013112127322014698,0.07616363105131263,0.26406952743350864,0.07616363105131263,6.944299358755816,0.07616363105131274,1070.8540071673974,47.45092447322759,-0.0013112127322014698,-0.0013112127322014698,0.26406952743350864,0.26406952743350864,6.944299358755816,6.944299358755816,1070.8540071673974,1070.8540071673974,Validate
2020-01-01,58.85815,4.091977596282959,6.6802123353810385,-2.5882347390980796,0.02794030506526146,-2.616175044163341,-0.3435186373946572,-5.10650815355151,0.0,0.0,0.0,-5.10650815355151,-0.0013112127322014698,-2.6148638314311397,0.026629092333059993,-2.6148638314311397,6.706841427714099,-2.6148638314311397,844.2962976245082,-785.4381471423304,-0.0013112127322014698,-0.0013112127322014698,0.026629092333059993,0.026629092333059993,6.706841427714099,6.706841427714099,844.2962976245082,844.2962976245082,Validate
2020-02-01,765.15594,6.641385555267334,6.68019483943977,-0.03880928417243634,-0.22107255063226394,0.1822632664598276,-0.4011347667110828,-5.96627101352047,0.0,0.0,0.0,-5.96627101352047,-0.0013112127322014698,0.18357447919202907,-0.22238376336446541,0.18357447919202907,6.457811076075305,0.1835744791920293,657.9560645043234,107.19988031989533,-0.0013112127322014698,-0.0013112127322014698,-0.22238376336446541,-0.22238376336446541,6.457811076075305,6.457811076075305,657.9560645043234,657.9560645043234,Validate
2020-03-01,588.58154,6.37941312789917,6.680177343498501,-0.3007642155993313,0.02561167475923065,-0.32637589035856196,-0.4275821713509526,-6.360926061016838,0.0,0.0,0.0,-6.360926061016838,-0.0013112127322014698,-0.3250646776263605,0.024300462027029183,-0.3250646776263605,6.7044778055255305,-0.3250646776263606,842.3006958928652,-253.71915292411518,-0.0013112127322014698,-0.0013112127322014698,0.024300462027029183,0.024300462027029183,6.7044778055255305,6.7044778055255305,842.3006958928652,842.3006958928652,Validate
2020-04-01,470.8652,6.156693458557129,6.680159847557233,-0.5234663890001041,0.0717784855276726,-0.5952448745277767,-0.47045961571451717,-7.000754432543155,0.0,0.0,0.0,-7.000754432543155,-0.0013112127322014698,-0.5939336617955753,0.07046727279547113,-0.5939336617955753,6.750627120352704,-0.5939336617955755,882.1304340355568,-411.26523017813497,-0.0013112127322014698,-0.0013112127322014698,0.07046727279547113,0.07046727279547113,6.750627120352704,6.750627120352704,882.1304340355568,882.1304340355568,Validate
2020-05-01,529.7234,6.274240970611572,6.680142351615964,-0.40590138100439166,4.3433251167969265e-05,-0.4059448142555596,-0.37142260570463514,-5.522898422792148,0.0,0.0,0.0,-5.522898422792148,-0.0013112127322014698,-0.40463360152335814,-0.0012677794810335005,-0.40463360152335814,6.67887457213493,-0.4046336015233578,820.9835300267808,-291.26014135490584,-0.0013112127322014698,-0.0013112127322014698,-0.0012677794810335005,-0.0012677794810335005,6.67887457213493,6.67887457213493,820.9835300267808,820.9835300267808,Validate
2020-06-01,588.58154,6.37941312789917,6.680124855674695,-0.3007117277755249,-0.03965902328491241,-0.2610527044906125,-0.44020103712978675,-6.549228056660997,0.0,0.0,0.0,-6.549228056660997,-0.0013112127322014698,-0.25974149175841105,-0.04097023601711388,-0.25974149175841105,6.639154619657581,-0.2597414917584109,788.974294176306,-200.392751207556,-0.0013112127322014698,-0.0013112127322014698,-0.04097023601711388,-0.04097023601711388,6.639154619657581,6.639154619657581,788.974294176306,788.974294176306,Validate
2020-07-01,412.00705,6.023464679718018,6.680107359733427,-0.656642680015409,0.016533068807072542,-0.6731757488224815,-0.2633814558041395,-3.9106802968115186,0.0,0.0,0.0,-3.9106802968115186,-0.0013112127322014698,-0.6718645360902801,0.015221856074871072,-0.6718645360902801,6.6953292158082975,-0.67186453609028,834.6208671834793,-422.6138176229324,-0.0013112127322014698,-0.0013112127322014698,0.015221856074871072,0.015221856074871072,6.6953292158082975,6.6953292158082975,834.6208671834793,834.6208671834793,Validate
2020-08-01,882.87225,6.784312725067139,6.6800898637921575,0.10422286127498115,0.07449920705519879,0.02972365421978236,-0.3561531246813647,-5.295043257397236,0.0,0.0,0.0,-5.295043257397236,-0.0013112127322014698,0.03103486695198383,0.07318799432299732,0.031034866951983833,6.753277858115155,0.031034866951983986,884.4744865880102,-1.6022331700414725,-0.0013112127322014698,-0.0013112127322014698,0.07318799432299732,0.07318799432299732,6.753277858115155,6.753277858115155,884.4744865880102,884.4744865880102,Validate
2020-09-01,706.29785,6.5614519119262695,6.680072367850889,-0.11862045592461978,-0.21661469933732602,0.09799424341270624,-0.34327089527610527,-5.102811281253629,0.0,0.0,0.0,-5.102811281253629,-0.0013112127322014698,0.09930545614490771,-0.2179259120695275,0.09930545614490771,6.462146455781362,0.09930545614490782,660.8190909225373,45.47876063996273,-0.0013112127322014698,-0.0013112127322014698,-0.2179259120695275,-0.2179259120695275,6.462146455781362,6.462146455781362,660.8190909225373,660.8190909225373,Validate
2020-10-01,1000.58856,6.9093427658081055,6.68005487190962,0.22928789389848525,-0.1781989375574341,0.40748683145591935,-0.31880917387024715,-4.737787115187882,0.0,0.0,0.0,-4.737787115187882,-0.0013112127322014698,0.4087980441881208,-0.17951015028963557,0.4087980441881208,6.500544721619985,0.4087980441881207,686.7260034951954,313.86255851652334,-0.0013112127322014698,-0.0013112127322014698,-0.17951015028963557,-0.17951015028963557,6.500544721619985,6.500544721619985,686.7260034951954,686.7260034951954,Validate
2020-11-01,470.8652,6.156693458557129,6.680037375968351,-0.5233439174112222,0.15836640994633466,-0.6817103273575569,-0.36208789837685573,-5.3836034933284145,0.0,0.0,0.0,-5.3836034933284145,-0.0013112127322014698,-0.6803991146253554,0.1570551972141332,-0.6803991146253554,6.837092573182485,-0.6803991146253558,961.8892109517781,-491.0240070943562,-0.0013112127322014698,-0.0013112127322014698,0.1570551972141332,0.1570551972141332,6.837092573182485,6.837092573182485,961.8892109517781,961.8892109517781,Validate
2020-12-01,529.7234,6.274240970611572,6.680019880027083,-0.40577890941551065,0.2653807401657101,-0.6711596495812208,-0.3351353923114479,-4.981411191050317,0.0,0.0,0.0,-4.981411191050317,-0.0013112127322014698,-0.6698484368490193,0.26406952743350864,-0.6698484368490193,6.9440894074605914,-0.6698484368490192,1070.6289936520668,-540.9056049801918,-0.0013112127322014698,-0.0013112127322014698,0.26406952743350864,0.26406952743350864,6.9440894074605914,6.9440894074605914,1070.6289936520668,1070.6289936520668,Validate
2021-01-01,353.14893,5.869717597961426,6.680002384085814,-0.810284786124388,0.02794030506526146,-0.8382250911896495,-0.2890000548960409,-4.292967692458766,0.0,0.0,0.0,-4.292967692458766,-0.0013112127322014698,-0.836913878457448,0.026629092333059993,-0.836913878457448,6.706631476418874,-0.8369138784574481,844.1188452008081,-490.9699194195581,-0.0013112127322014698,-0.0013112127322014698,0.026629092333059993,0.026629092333059993,6.706631476418874,6.706631476418874,844.1188452008081,844.1188452008081,Validate
2021-02-01,529.7234,6.274240970611572,6.679984888144545,-0.40574391753297245,-0.22107255063226394,-0.1846713669007085,-0.21209110188436367,-3.145312301806081,0.0,0.0,0.0,-3.145312301806081,-0.0013112127322014698,-0.18336015416850704,-0.22238376336446541,-0.18336015416850704,6.457601124780079,-0.18336015416850682,657.81773034731,-128.09434167543498,-0.0013112127322014698,-0.0013112127322014698,-0.22238376336446541,-0.22238376336446541,6.457601124780079,6.457601124780079,657.81773034731,657.81773034731,Validate
2021-03-01,588.58154,6.37941312789917,6.6799673922032765,-0.3005542643041066,0.02561167475923065,-0.32616593906333724,-0.23127181167504582,-3.4315318396598706,0.0,0.0,0.0,-3.4315318396598706,-0.0013112127322014698,-0.32485472633113577,0.024300462027029183,-0.32485472633113577,6.704267854230306,-0.3248547263311359,842.123662404354,-253.54211943560404,-0.0013112127322014698,-0.0013112127322014698,0.024300462027029183,0.024300462027029183,6.704267854230306,6.704267854230306,842.123662404354,842.123662404354,Validate
2021-04-01,353.14893,5.869717597961426,6.679949896262007,-0.8102322983005816,0.0717784855276726,-0.8820107838282543,-0.23326766562889786,-3.4613144912160037,0.0,0.0,0.0,-3.4613144912160037,-0.0013112127322014698,-0.8806995710960528,0.07046727279547113,-0.8806995710960528,6.750417169057479,-0.880699571096053,881.9450391197104,-528.7961133384604,-0.0013112127322014698,-0.0013112127322014698,0.07046727279547113,0.07046727279547113,6.750417169057479,6.750417169057479,881.9450391197104,881.9450391197104,Validate
2021-05-01,824.0141,6.715400695800781,6.679932400320739,0.035468295480042045,4.3433251167969265e-05,0.035424862228874074,-0.12903950287298876,-1.9059947506588464,0.0,0.0,0.0,-1.9059947506588464,-0.0013112127322014698,0.036736074961075546,-0.0012677794810335005,0.036736074961075546,6.678664620839705,0.03673607496107589,820.8109716350612,3.2031274860325993,-0.0013112127322014698,-0.0013112127322014698,-0.0012677794810335005,-0.0012677794810335005,6.678664620839705,6.678664620839705,820.8109716350612,820.8109716350612,Validate
2021-06-01,647.4397,6.474568843841553,6.67991490437947,-0.20534606053791737,-0.03965902328491241,-0.16568703725300496,-0.07292327196127073,-1.0686137646094624,,,0.0,-1.0686137646094624,-0.0013112127322014698,-0.1643758245208035,-0.04097023601711388,-0.1643758245208035,6.638944668362356,-0.16437582452080335,788.8084554596853,-141.36875819406032,,,,,,,,,Validate
2021-07-01,1942.319,7.572152614593506,6.679897408438201,0.8922552061553048,0.016533068807072542,0.8757221373482323,-0.057716418060938524,-0.841693137424039,0.0,0.0,0.0,-0.841693137424039,-0.0013112127322014698,0.8770333500804338,0.015221856074871072,0.8770333500804338,6.695119264513072,0.8770333500804339,834.4454459157021,1107.8735238108604,-0.0013112127322014698,-0.0013112127322014698,0.015221856074871072,0.015221856074871072,6.695119264513072,6.695119264513072,834.4454459157021,834.4454459157021,Test
2021-08-01,765.15594,6.641385555267334,6.679879912496933,-0.03849435722959882,0.07449920705519879,-0.1129935642847976,-0.046959674032557436,-0.6811782066308938,0.0,0.0,0.0,-0.6811782066308938,-0.0013112127322014698,-0.11168235155259613,0.07318799432299732,-0.11168235155259613,6.75306790681993,-0.11168235155259598,884.2885995869538,-119.132654762735,-0.0013112127322014698,-0.0013112127322014698,0.07318799432299732,0.07318799432299732,6.75306790681993,6.75306790681993,884.2885995869538,884.2885995869538,Test
2021-09-01,941.7304,6.848780155181885,6.679862416555664,0.16891773862622106,-0.21661469933732602,0.3855324379635471,-0.0007006642040469686,0.009110763859770488,0.0,0.0,0.0,0.009110763859770488,-0.0013112127322014698,0.38684365069574855,-0.2179259120695275,0.38684365069574855,6.461936504486136,0.38684365069574866,660.680155732515,281.05025198232875,-0.0013112127322014698,-0.0013112127322014698,-0.2179259120695275,-0.2179259120695275,6.461936504486136,6.461936504486136,660.680155732515,660.680155732515,Test
2021-10-01,1059.4468,6.966445446014404,6.6798449206143955,0.2866005254000088,-0.1781989375574341,0.4647994629574429,0.08039409615611248,1.2192278599395183,0.0,0.0,0.0,1.2192278599395183,-0.0013112127322014698,0.46611067568964437,-0.17951015028963557,0.46611067568964437,6.50033477032476,0.46611067568964426,686.5816296862663,372.8651476574837,-0.0013112127322014698,-0.0013112127322014698,-0.17951015028963557,-0.17951015028963557,6.50033477032476,6.50033477032476,686.5816296862663,686.5816296862663,Test
2021-11-01,882.87225,6.784312725067139,6.679827424673126,0.10448530039401227,0.15836640994633466,-0.05388110955232239,0.05199641898504188,0.7954703387254987,0.0,0.0,0.0,0.7954703387254987,-0.0013112127322014698,-0.05256989682012092,0.1570551972141332,-0.05256989682012092,6.836882621887259,-0.052569896820120476,961.6870723351548,-78.81481891718602,-0.0013112127322014698,-0.0013112127322014698,0.1570551972141332,0.1570551972141332,6.836882621887259,6.836882621887259,961.6870723351548,961.6870723351548,Test
2021-12-01,529.7234,6.274240970611572,6.679809928731857,-0.40556895812028504,0.2653807401657101,-0.6709496982859952,0.08242381081760625,1.2495157897777573,0.0,0.0,0.0,1.2495157897777573,-0.0013112127322014698,-0.6696384855537937,0.26406952743350864,-0.6696384855537937,6.943879456165366,-0.6696384855537936,1070.4040273736553,-540.6806387017803,-0.0013112127322014698,-0.0013112127322014698,0.26406952743350864,0.26406952743350864,6.943879456165366,6.943879456165366,1070.4040273736553,1070.4040273736553,Test
2022-01-01,765.15594,6.641385555267334,6.679792432790589,-0.03840687752325511,0.02794030506526146,-0.06634718258851657,0.009663140695171346,0.16376215481622652,0.0,0.0,0.0,0.16376215481622652,-0.0013112127322014698,-0.0650359698563151,0.026629092333059993,-0.0650359698563151,6.706421525123649,-0.06503596985631521,843.9414300295637,-78.78548520534491,-0.0013112127322014698,-0.0013112127322014698,0.026629092333059993,0.026629092333059993,6.706421525123649,6.706421525123649,843.9414300295637,843.9414300295637,Test
2022-02-01,765.15594,6.641385555267334,6.67977493684932,-0.038389381581986015,-0.22107255063226394,0.18268316905027793,0.0338043401057744,0.5240034083435419,0.0,0.0,0.0,0.5240034083435419,-0.0013112127322014698,0.1839943817824794,-0.22238376336446541,0.1839943817824794,6.457391173484854,0.18399438178247962,657.6794252306837,107.47651959353504,-0.0013112127322014698,-0.0013112127322014698,-0.22238376336446541,-0.22238376336446541,6.457391173484854,6.457391173484854,657.6794252306837,657.6794252306837,Test
2022-03-01,824.0141,6.715400695800781,6.679757440908051,0.03564325489273035,0.02561167475923065,0.010031580133499696,-0.004768469932377588,-0.05159009071482874,0.0,0.0,0.0,-0.05159009071482874,-0.0013112127322014698,0.011342792865701166,0.024300462027029183,0.011342792865701164,6.70405790293508,0.011342792865701057,841.9466660803507,-17.932566959256974,-0.0013112127322014698,-0.0013112127322014698,0.024300462027029183,0.024300462027029183,6.70405790293508,6.70405790293508,841.9466660803507,841.9466660803507,Test
2022-04-01,647.4397,6.474568843841553,6.679739944966783,-0.20517110112522996,0.0717784855276726,-0.2769495866529026,-0.038076226019130896,-0.5486170859685972,0.0,0.0,0.0,-0.5486170859685972,-0.0013112127322014698,-0.2756383739207011,0.07046727279547113,-0.2756383739207011,6.750207217762254,-0.27563837392070134,881.7596831236815,-234.3199858580565,-0.0013112127322014698,-0.0013112127322014698,0.07046727279547113,0.07046727279547113,6.750207217762254,6.750207217762254,881.7596831236815,881.7596831236815,Test
2022-05-01,941.7304,6.848780155181885,6.679722449025514,0.16905770615637117,4.3433251167969265e-05,0.1690142729052032,-0.0766298844274396,-1.123924799427649,0.0,0.0,0.0,-1.123924799427649,-0.0013112127322014698,0.17032548563740468,-0.0012677794810335005,0.17032548563740466,6.67845466954448,0.17032548563740502,820.6384494683956,121.09195824644814,-0.0013112127322014698,-0.0013112127322014698,-0.0012677794810335005,-0.0012677794810335005,6.67845466954448,6.67845466954448,820.6384494683956,820.6384494683956,Test
2022-06-01,824.0141,6.715400695800781,6.679704953084245,0.03569574271653586,-0.03965902328491241,0.07535476600144828,-0.033507032588431164,-0.48043439375484154,0.0,0.0,0.0,-0.48043439375484154,-0.0013112127322014698,0.07666597873364975,-0.04097023601711388,0.07666597873364975,6.638734717067131,0.07666597873364989,788.6426515574632,35.37144756363057,-0.0013112127322014698,-0.0013112127322014698,-0.04097023601711388,-0.04097023601711388,6.638734717067131,6.638734717067131,788.6426515574632,788.6426515574632,Test
2022-07-01,941.7304,6.848780155181885,6.679687457142976,0.16909269803890847,0.016533068807072542,0.15255962923183594,-0.06234172559639085,-0.9107131788967447,0.0,0.0,0.0,-0.9107131788967447,-0.0013112127322014698,0.1538708419640374,0.015221856074871072,0.1538708419640374,6.694909313217847,0.15387084196403755,834.2700614739822,107.46034624086155,-0.0013112127322014698,-0.0013112127322014698,0.015221856074871072,0.015221856074871072,6.694909313217847,6.694909313217847,834.2700614739822,834.2700614739822,Test
2022-08-01,824.0141,6.715400695800781,6.679669961201707,0.035730734599074054,0.07449920705519879,-0.038768472456124733,-0.06610770745357432,-0.9669101392017511,0.0,0.0,0.0,-0.9669101392017511,-0.0013112127322014698,-0.03745725972392326,0.07318799432299732,-0.03745725972392326,6.752857955524704,-0.03745725972392311,884.1027516090164,-60.08865248792267,-0.0013112127322014698,-0.0013112127322014698,0.07318799432299732,0.07318799432299732,6.752857955524704,6.752857955524704,884.1027516090164,884.1027516090164,Test
2022-09-01,706.29785,6.5614519119262695,6.679652465260439,-0.11820055333416946,-0.21661469933732602,0.09841414600315657,-0.07420869719504351,-1.0877952141163403,0.0,0.0,0.0,-1.0877952141163403,-0.0013112127322014698,0.09972535873535804,-0.2179259120695275,0.09972535873535804,6.461726553190911,0.09972535873535815,660.5412497090545,45.756601853445545,-0.0013112127322014698,-0.0013112127322014698,-0.2179259120695275,-0.2179259120695275,6.461726553190911,6.461726553190911,660.5412497090545,660.5412497090545,Test
2022-10-01,412.00705,6.023464679718018,6.67963496931917,-0.6561702896011523,-0.1781989375574341,-0.4779713520437182,-0.06999421845664365,-1.024905666755302,0.0,0.0,0.0,-1.024905666755302,-0.0013112127322014698,-0.47666013931151674,-0.17951015028963557,-0.47666013931151674,6.500124819029534,-0.47666013931151685,686.4372861856231,-274.4302366250762,-0.0013112127322014698,-0.0013112127322014698,-0.17951015028963557,-0.17951015028963557,6.500124819029534,6.500124819029534,686.4372861856231,686.4372861856231,Test
2022-11-01,765.15594,6.641385555267334,6.679617473377902,-0.0382319181105677,0.15836640994633466,-0.19659832805690236,-0.08235876636912502,-1.2094126650834176,0.0,0.0,0.0,-1.2094126650834176,-0.0013112127322014698,-0.1952871153247009,0.1570551972141332,-0.1952871153247009,6.836672670592035,-0.19528711532470133,961.4849761533427,-196.32903132912395,-0.0013112127322014698,-0.0013112127322014698,0.1570551972141332,0.1570551972141332,6.836672670592035,6.836672670592035,961.4849761533427,961.4849761533427,Test
2022-12-01,706.29785,6.5614519119262695,6.679599977436633,-0.11814806551036305,0.2653807401657101,-0.38352880567607317,-0.04912687846500525,-0.713517794574153,0.0,0.0,0.0,-0.713517794574153,-0.0013112127322014698,-0.3822175929438717,0.26406952743350864,-0.3822175929438717,6.943669504870141,-0.3822175929438716,1070.1791083222486,-363.88125675974857,-0.0013112127322014698,-0.0013112127322014698,0.26406952743350864,0.26406952743350864,6.943669504870141,6.943669504870141,1070.1791083222486,1070.1791083222486,Test
2023-01-01,941.7304,6.848780155181885,6.6795824814953635,0.16919767368652128,0.02794030506526146,0.14125736862125982,-0.08667074026834828,-1.2737570605798156,0.0,0.0,0.0,-1.2737570605798156,-0.0013112127322014698,0.1425685813534613,0.026629092333059993,0.1425685813534613,6.706211573828424,0.14256858135346118,843.7640521029534,97.96635561189032,-0.0013112127322014698,-0.0013112127322014698,0.026629092333059993,0.026629092333059993,6.706211573828424,6.706211573828424,843.7640521029534,843.7640521029534,Test
2023-02-01,588.58154,6.37941312789917,6.679564985554095,-0.30015185765492536,-0.22107255063226394,-0.07907930702266142,-0.10327740011899798,-1.5215659560596424,0.0,0.0,0.0,-1.5215659560596424,-0.0013112127322014698,-0.07776809429045994,-0.22238376336446541,-0.07776809429045994,6.45718122218963,-0.07776809429045972,657.5411491483478,-68.95960617959781,-0.0013112127322014698,-0.0013112127322014698,-0.22238376336446541,-0.22238376336446541,6.45718122218963,6.45718122218963,657.5411491483478,657.5411491483478,Test
2023-03-01,647.4397,6.474568843841553,6.679547489612826,-0.20497864577127345,0.02561167475923065,-0.2305903205305041,-0.08799652495151698,-1.2935407642827161,0.0,0.0,0.0,-1.2935407642827161,-0.0013112127322014698,-0.22927910779830263,0.024300462027029183,-0.22927910779830263,6.7038479516398555,-0.22927910779830274,841.7697069130551,-194.33000964743007,-0.0013112127322014698,-0.0013112127322014698,0.024300462027029183,0.024300462027029183,6.7038479516398555,6.7038479516398555,841.7697069130551,841.7697069130551,Test
2023-04-01,882.87225,6.784312725067139,6.679529993671558,0.1047827313955807,0.0717784855276726,0.033004245867908094,-0.021583412840915864,-0.3025070401312519,0.0,0.0,0.0,-0.3025070401312519,-0.0013112127322014698,0.034315458600109566,0.07046727279547113,0.034315458600109566,6.749997266467029,0.034315458600109316,881.5743660392992,1.297887378669543,-0.0013112127322014698,-0.0013112127322014698,0.07046727279547113,0.07046727279547113,6.749997266467029,6.749997266467029,881.5743660392992,881.5743660392992,Test
2023-05-01,1236.0212,7.120461463928223,6.679512497730289,0.4409489661979338,4.3433251167969265e-05,0.4409055329467658,0.01575958201282709,0.2547348370336409,0.0,0.0,0.0,0.2547348370336409,-0.0013112127322014698,0.4422167456789673,-0.0012677794810335005,0.4422167456789673,6.678244718249255,0.4422167456789676,820.4659635191812,415.5552767151938,-0.0013112127322014698,-0.0013112127322014698,-0.0012677794810335005,-0.0012677794810335005,6.678244718249255,6.678244718249255,820.4659635191812,820.4659635191812,Test
2023-06-01,588.58154,6.37941312789917,6.67949500178902,-0.30008187388984986,-0.03965902328491241,-0.2604228506049375,0.06232324743659679,0.9495699575172543,0.0,0.0,0.0,0.9495699575172543,-0.0013112127322014698,-0.259111637872736,-0.04097023601711388,-0.259111637872736,6.638524765771906,-0.25911163787273583,788.4768824623304,-199.89533949358042,-0.0013112127322014698,-0.0013112127322014698,-0.04097023601711388,-0.04097023601711388,6.638524765771906,6.638524765771906,788.4768824623304,788.4768824623304,Test
2023-07-01,647.4397,6.474568843841553,6.679477505847752,-0.20490866200619884,0.016533068807072542,-0.22144173081327137,0.05636277969830144,0.8606263083997393,0.0,0.0,0.0,0.8606263083997393,-0.0013112127322014698,-0.2201305180810699,0.015221856074871072,-0.2201305180810699,6.6946993619226225,-0.22013051808106976,834.0947138505877,-186.6550165849627,-0.0013112127322014698,-0.0013112127322014698,0.015221856074871072,0.015221856074871072,6.6946993619226225,6.6946993619226225,834.0947138505877,834.0947138505877,Test
2023-08-01,1118.3049,7.020462989807129,6.6794600099064825,0.34100297990064643,0.07449920705519879,0.26650377284544763,0.09667900595435483,1.462235517492832,0.0,0.0,0.0,1.462235517492832,-0.0013112127322014698,0.2678149855776491,0.07318799432299732,0.2678149855776491,6.75264800422948,0.26781498557764927,883.916942646008,234.387988994617,-0.0013112127322014698,-0.0013112127322014698,0.07318799432299732,0.07318799432299732,6.75264800422948,6.75264800422948,883.916942646008,883.916942646008,Test
2023-09-01,824.0141,6.715400695800781,6.679442513965213,0.03595818183556787,-0.21661469933732602,0.2525728811728939,0.16383839531056418,2.464405384710939,0.0,0.0,0.0,2.464405384710939,-0.0013112127322014698,0.25388409390509536,-0.2179259120695275,0.25388409390509536,6.461516601895686,0.2538840939050955,660.4023728460317,163.6117262750621,-0.0013112127322014698,-0.0013112127322014698,-0.2179259120695275,-0.2179259120695275,6.461516601895686,6.461516601895686,660.4023728460317,660.4023728460317,Test
2023-10-01,824.0141,6.715400695800781,6.679425018023945,0.03597567777683608,-0.1781989375574341,0.21417461533427018,0.19861185030906256,2.983303920159548,0.0,0.0,0.0,2.983303920159548,-0.0013112127322014698,0.21548582806647165,-0.17951015028963557,0.21548582806647165,6.49991486773431,0.21548582806647154,686.2929729869041,137.7211261341896,-0.0013112127322014698,-0.0013112127322014698,-0.17951015028963557,-0.17951015028963557,6.49991486773431,6.49991486773431,686.2929729869041,686.2929729869041,Test
2023-11-01,1059.4468,6.966445446014404,6.679407522082676,0.2870379239317282,0.15836640994633466,0.12867151398539356,0.17291536894154755,2.5998543449487497,0.0,0.0,0.0,2.5998543449487497,-0.0013112127322014698,0.12998272671759503,0.1570551972141332,0.12998272671759503,6.83646271929681,0.1299827267175946,961.2829223974301,98.16385494631993,-0.0013112127322014698,-0.0013112127322014698,0.1570551972141332,0.1570551972141332,6.83646271929681,6.83646271929681,961.2829223974301,961.2829223974301,Test
2023-12-01,1118.3049,7.020462989807129,6.679390026141408,0.34107296366572104,0.2653807401657101,0.07569222350001092,0.18587253101836343,2.7932044858973657,0.0,0.0,0.0,2.7932044858973657,-0.0013112127322014698,0.0770034362322124,0.26406952743350864,0.0770034362322124,6.943459553574916,0.07700343623221251,1069.954236487931,48.350695152694016,-0.0013112127322014698,-0.0013112127322014698,0.26406952743350864,0.26406952743350864,6.943459553574916,6.943459553574916,1069.954236487931,1069.954236487931,Test
2024-01-01,1177.1631,7.071712017059326,6.679372530200139,0.3923394868591874,0.02794030506526146,0.36439918179392594,0.2266039572015269,3.401009416241197,0.0,0.0,0.0,3.401009416241197,-0.0013112127322014698,0.3657103945261274,0.026629092333059993,0.3657103945261274,6.706001622533199,0.3657103945261273,843.5867114131603,333.5763745243397,-0.0013112127322014698,-0.0013112127322014698,0.026629092333059993,0.026629092333059993,6.706001622533199,6.706001622533199,843.5867114131603,843.5867114131603,Test
2024-02-01,1059.4468,6.966445446014404,6.67935503425887,0.2870904117555346,-0.22107255063226394,0.5081629623877986,0.22217064435220238,3.3348543693872292,0.0,0.0,0.0,3.3348543693872292,-0.0013112127322014698,0.50947417512,-0.22238376336446541,0.50947417512,6.456971270894404,0.5094741751200003,657.4029020942066,402.04387524954336,-0.0013112127322014698,-0.0013112127322014698,-0.22238376336446541,-0.22238376336446541,6.456971270894404,6.456971270894404,657.4029020942066,657.4029020942066,Test
2024-03-01,1236.0212,7.120461463928223,6.6793375383176015,0.4411239256106212,0.02561167475923065,0.41551225085139054,0.21837036474961596,3.278145609209028,0.0,0.0,0.0,3.278145609209028,-0.0013112127322014698,0.416823463583592,0.024300462027029183,0.416823463583592,6.703638000344631,0.4168234635835919,841.5927848946658,394.4284553397092,-0.0013112127322014698,-0.0013112127322014698,0.024300462027029183,0.024300462027029183,6.703638000344631,6.703638000344631,841.5927848946658,841.5927848946658,Test
2024-04-01,1000.58856,6.9093427658081055,6.679320042376332,0.2300227234317731,0.0717784855276726,0.1582442379041005,0.21896975752323677,3.2870899039995156,0.0,0.0,0.0,3.2870899039995156,-0.0013112127322014698,0.15955545063630197,0.07046727279547113,0.15955545063630197,6.749787315171804,0.15955545063630172,881.3890878583939,119.1994741533249,-0.0013112127322014698,-0.0013112127322014698,0.07046727279547113,0.07046727279547113,6.749787315171804,6.749787315171804,881.3890878583939,881.3890878583939,Test
2024-05-01,706.29785,6.5614519119262695,6.679302546435064,-0.11785063450879463,4.3433251167969265e-05,-0.1178940677599626,0.23401946477954397,3.51166554810981,0.0,0.0,0.0,3.51166554810981,-0.0013112127322014698,-0.11658285502776113,-0.0012677794810335005,-0.11658285502776113,6.67803476695403,-0.11658285502776078,820.2935137798138,-113.9956622173138,-0.0013112127322014698,-0.0013112127322014698,-0.0012677794810335005,-0.0012677794810335005,6.67803476695403,6.67803476695403,820.2935137798138,820.2935137798138,Forecast
2024-06-01,,,6.679285050493795,,-0.03965902328491241,,,,0.0,0.0,0.0,,-0.0013112127322014698,,-0.04097023601711388,,6.638314814476681,,788.3111481669812,,-0.0013112127322014698,-0.0013112127322014698,-0.04097023601711388,-0.04097023601711388,6.638314814476681,6.638314814476681,788.3111481669812,788.3111481669812,Forecast
2024-07-01,,,6.679267554552526,,0.016533068807072542,,,,0.0,0.0,0.0,,-0.0013112127322014698,,0.015221856074871072,,6.694489410627397,,833.9194030377888,,-0.0013112127322014698,-0.0013112127322014698,0.015221856074871072,0.015221856074871072,6.694489410627397,6.694489410627397,833.9194030377888,833.9194030377888,Forecast
2024-08-01,,,6.679250058611258,,0.07449920705519879,,,,0.0,0.0,0.0,,-0.0013112127322014698,,0.07318799432299732,,6.752438052934255,,883.731172689737,,-0.0013112127322014698,-0.0013112127322014698,0.07318799432299732,0.07318799432299732,6.752438052934255,6.752438052934255,883.731172689737,883.731172689737,Forecast
2024-09-01,,,6.679232562669989,,-0.21661469933732602,,,,0.0,0.0,0.0,,-0.0013112127322014698,,-0.2179259120695275,,6.461306650600461,,660.263525137326,,-0.0013112127322014698,-0.0013112127322014698,-0.2179259120695275,-0.2179259120695275,6.461306650600461,6.461306650600461,660.263525137326,660.263525137326,Forecast
2024-10-01,,,6.6792150667287205,,-0.1781989375574341,,,,0.0,0.0,0.0,,-0.0013112127322014698,,-0.17951015028963557,,6.499704916439085,,686.1486900837479,,-0.0013112127322014698,-0.0013112127322014698,-0.17951015028963557,-0.17951015028963557,6.499704916439085,6.499704916439085,686.1486900837479,686.1486900837479,Forecast
2024-11-01,,,6.679197570787451,,0.15836640994633466,,,,0.0,0.0,0.0,,-0.0013112127322014698,,0.1570551972141332,,6.836252768001584,,961.0809110585125,,-0.0013112127322014698,-0.0013112127322014698,0.1570551972141332,0.1570551972141332,6.836252768001584,6.836252768001584,961.0809110585125,961.0809110585125,Forecast
2024-12-01,,,6.679180074846182,,0.2653807401657101,,,,0.0,0.0,0.0,,-0.0013112127322014698,,0.26406952743350864,,6.943249602279691,,1069.7294118607897,,-0.0013112127322014698,-0.0013112127322014698,0.26406952743350864,0.26406952743350864,6.943249602279691,6.943249602279691,1069.7294118607897,1069.7294118607897,Forecast
2025-01-01,,,6.679162578904914,,0.02794030506526146,,,,0.0,0.0,0.0,,-0.0013112127322014698,,0.026629092333059993,,6.705791671237974,,843.4094079523665,,-0.0013112127322014698,-0.0013112127322014698,0.026629092333059993,0.026629092333059993,6.705791671237974,6.705791671237974,843.4094079523665,843.4094079523665,Forecast
2025-02-01,,,6.679145082963645,,-0.22107255063226394,,,,0.0,0.0,0.0,,-0.0013112127322014698,,-0.22238376336446541,,6.456761319599179,,657.2646840621674,,-0.0013112127322014698,-0.0013112127322014698,-0.22238376336446541,-0.22238376336446541,6.456761319599179,6.456761319599179,657.2646840621674,657.2646840621674,Forecast
2025-03-01,,,6.679127587022376,,0.02561167475923065,,,,0.0,0.0,0.0,,-0.0013112127322014698,,0.024300462027029183,,6.703428049049405,,841.4159000173837,,-0.0013112127322014698,-0.0013112127322014698,0.024300462027029183,0.024300462027029183,6.703428049049405,6.703428049049405,841.4159000173837,841.4159000173837,Forecast
2025-04-01,,,6.679110091081108,,0.0717784855276726,,,,0.0,0.0,0.0,,-0.0013112127322014698,,0.07046727279547113,,6.749577363876579,,881.2038485728003,,-0.0013112127322014698,-0.0013112127322014698,0.07046727279547113,0.07046727279547113,6.749577363876579,6.749577363876579,881.2038485728003,881.2038485728003,Forecast
2025-05-01,,,6.6790925951398386,,4.3433251167969265e-05,,,,0.0,0.0,0.0,,-0.0013112127322014698,,-0.0012677794810335005,,6.677824815658805,,820.1211002426913,,-0.0013112127322014698,-0.0013112127322014698,-0.0012677794810335005,-0.0012677794810335005,6.677824815658805,6.677824815658805,820.1211002426913,820.1211002426913,Forecast
2025-06-01,,,6.67907509919857,,-0.03965902328491241,,,,0.0,0.0,0.0,,-0.0013112127322014698,,-0.04097023601711388,,6.638104863181456,,788.1454486641095,,-0.0013112127322014698,-0.0013112127322014698,-0.04097023601711388,-0.04097023601711388,6.638104863181456,6.638104863181456,788.1454486641095,788.1454486641095,Forecast
2025-07-01,,,6.679057603257301,,0.016533068807072542,,,,0.0,0.0,0.0,,-0.0013112127322014698,,0.015221856074871072,,6.694279459332172,,833.7441290278593,,-0.0013112127322014698,-0.0013112127322014698,0.015221856074871072,0.015221856074871072,6.694279459332172,6.694279459332172,833.7441290278593,833.7441290278593,Forecast
2025-08-01,,,6.679040107316032,,0.07449920705519879,,,,0.0,0.0,0.0,,-0.0013112127322014698,,0.07318799432299732,,6.752228101639029,,883.5454417320142,,-0.0013112127322014698,-0.0013112127322014698,0.07318799432299732,0.07318799432299732,6.752228101639029,6.752228101639029,883.5454417320142,883.5454417320142,Forecast
2025-09-01,,,6.679022611374764,,-0.21661469933732602,,,,0.0,0.0,0.0,,-0.0013112127322014698,,-0.2179259120695275,,6.461096699305236,,660.1247065768168,,-0.0013112127322014698,-0.0013112127322014698,-0.2179259120695275,-0.2179259120695275,6.461096699305236,6.461096699305236,660.1247065768168,660.1247065768168,Forecast
2025-10-01,,,6.679005115433495,,-0.1781989375574341,,,,0.0,0.0,0.0,,-0.0013112127322014698,,-0.17951015028963557,,6.499494965143859,,686.0044374697937,,-0.0013112127322014698,-0.0013112127322014698,-0.17951015028963557,-0.17951015028963557,6.499494965143859,6.499494965143859,686.0044374697937,686.0044374697937,Forecast
2025-11-01,,,6.678987619492227,,0.15836640994633466,,,,0.0,0.0,0.0,,-0.0013112127322014698,,0.1570551972141332,,6.83604281670636,,960.8789421276869,,-0.0013112127322014698,-0.0013112127322014698,0.1570551972141332,0.1570551972141332,6.83604281670636,6.83604281670636,960.8789421276869,960.8789421276869,Forecast
2025-12-01,,,6.6789701235509575,,0.2653807401657101,,,,0.0,0.0,0.0,,-0.0013112127322014698,,0.26406952743350864,,6.943039650984466,,1069.5046344309162,,-0.0013112127322014698,-0.0013112127322014698,0.26406952743350864,0.26406952743350864,6.943039650984466,6.943039650984466,1069.5046344309162,1069.5046344309162,Forecast
2026-01-01,,,6.678952627609688,,0.02794030506526146,,,,0.0,0.0,0.0,,-0.0013112127322014698,,0.026629092333059993,,6.7055817199427485,,843.2321417127556,,-0.0013112127322014698,-0.0013112127322014698,0.026629092333059993,0.026629092333059993,6.7055817199427485,6.7055817199427485,843.2321417127556,843.2321417127556,Forecast
2026-02-01,,,6.67893513166842,,-0.22107255063226394,,,,0.0,0.0,0.0,,-0.0013112127322014698,,-0.22238376336446541,,6.456551368303955,,657.1264950461368,,-0.0013112127322014698,-0.0013112127322014698,-0.22238376336446541,-0.22238376336446541,6.456551368303955,6.456551368303955,657.1264950461368,657.1264950461368,Forecast
2026-03-01,,,6.678917635727151,,0.02561167475923065,,,,0.0,0.0,0.0,,-0.0013112127322014698,,0.024300462027029183,,6.70321809775418,,841.2390522734132,,-0.0013112127322014698,-0.0013112127322014698,0.024300462027029183,0.024300462027029183,6.70321809775418,6.70321809775418,841.2390522734132,841.2390522734132,Forecast
2026-04-01,,,6.678900139785883,,0.0717784855276726,,,,0.0,0.0,0.0,,-0.0013112127322014698,,0.07046727279547113,,6.749367412581354,,881.0186481743522,,-0.0013112127322014698,-0.0013112127322014698,0.07046727279547113,0.07046727279547113,6.749367412581354,6.749367412581354,881.0186481743522,881.0186481743522,Forecast
2026-05-01,,,6.678882643844614,,4.3433251167969265e-05,,,,0.0,0.0,0.0,,-0.0013112127322014698,,-0.0012677794810335005,,6.67761486436358,,819.9487229002154,,-0.0013112127322014698,-0.0013112127322014698,-0.0012677794810335005,-0.0012677794810335005,6.67761486436358,6.67761486436358,819.9487229002154,819.9487229002154,Forecast
2026-06-01,,,6.678865147903345,,-0.03965902328491241,,,,0.0,0.0,0.0,,-0.0013112127322014698,,-0.04097023601711388,,6.637894911886231,,787.9797839464107,,-0.0013112127322014698,-0.0013112127322014698,-0.04097023601711388,-0.04097023601711388,6.637894911886231,6.637894911886231,787.9797839464107,787.9797839464107,Forecast
2026-07-01,,,6.6788476519620765,,0.016533068807072542,,,,0.0,0.0,0.0,,-0.0013112127322014698,,0.015221856074871072,,6.6940695080369474,,833.5688918130724,,-0.0013112127322014698,-0.0013112127322014698,0.015221856074871072,0.015221856074871072,6.6940695080369474,6.6940695080369474,833.5688918130724,833.5688918130724,Forecast
2026-08-01,,,6.678830156020807,,0.07449920705519879,,,,0.0,0.0,0.0,,-0.0013112127322014698,,0.07318799432299732,,6.752018150343805,,883.359749764654,,-0.0013112127322014698,-0.0013112127322014698,0.07318799432299732,0.07318799432299732,6.752018150343805,6.752018150343805,883.359749764654,883.359749764654,Forecast
2026-09-01,,,6.678812660079538,,-0.21661469933732602,,,,0.0,0.0,0.0,,-0.0013112127322014698,,-0.2179259120695275,,6.460886748010011,,659.9859171583844,,-0.0013112127322014698,-0.0013112127322014698,-0.2179259120695275,-0.2179259120695275,6.460886748010011,6.460886748010011,659.9859171583844,659.9859171583844,Forecast
2026-10-01,,,6.67879516413827,,-0.1781989375574341,,,,0.0,0.0,0.0,,-0.0013112127322014698,,-0.17951015028963557,,6.499285013848635,,685.8602151386842,,-0.0013112127322014698,-0.0013112127322014698,-0.17951015028963557,-0.17951015028963557,6.499285013848635,6.499285013848635,685.8602151386842,685.8602151386842,Forecast
2026-11-01,,,6.678777668197001,,0.15836640994633466,,,,0.0,0.0,0.0,,-0.0013112127322014698,,0.1570551972141332,,6.835832865411135,,960.6770155960471,,-0.0013112127322014698,-0.0013112127322014698,0.1570551972141332,0.1570551972141332,6.835832865411135,6.835832865411135,960.6770155960471,960.6770155960471,Forecast
2026-12-01,,,6.678760172255733,,0.2653807401657101,,,,0.0,0.0,0.0,,-0.0013112127322014698,,0.26406952743350864,,6.942829699689241,,1069.2799041884018,,-0.0013112127322014698,-0.0013112127322014698,0.26406952743350864,0.26406952743350864,6.942829699689241,6.942829699689241,1069.2799041884018,1069.2799041884018,Forecast
2027-01-01,,,6.678742676314464,,0.02794030506526146,,,,0.0,0.0,0.0,,-0.0013112127322014698,,0.026629092333059993,,6.705371768647524,,843.0549126865155,,-0.0013112127322014698,-0.0013112127322014698,0.026629092333059993,0.026629092333059993,6.705371768647524,6.705371768647524,843.0549126865155,843.0549126865155,Forecast
2027-02-01,,,6.678725180373195,,-0.22107255063226394,,,,0.0,0.0,0.0,,-0.0013112127322014698,,-0.22238376336446541,,6.456341417008729,,656.9883350400233,,-0.0013112127322014698,-0.0013112127322014698,-0.22238376336446541,-0.22238376336446541,6.456341417008729,6.456341417008729,656.9883350400233,656.9883350400233,Forecast
2027-03-01,,,6.678707684431926,,0.02561167475923065,,,,0.0,0.0,0.0,,-0.0013112127322014698,,0.024300462027029183,,6.703008146458956,,841.0622416549581,,-0.0013112127322014698,-0.0013112127322014698,0.024300462027029183,0.024300462027029183,6.703008146458956,6.703008146458956,841.0622416549581,841.0622416549581,Forecast
